country_name,country_code,year,value,Prev_Year_GDP,GDP_Growth_%
Afghanistan,AFG,1960,537777811.1,,
Afghanistan,AFG,1961,548888895.6,537777811.1,2.066110626110218
Afghanistan,AFG,1962,546666677.8,548888895.6,-0.40485748897706175
Afghanistan,AFG,1963,751111191.1,546666677.8,37.39838581761825
Afghanistan,AFG,1964,800000044.4,751111191.1,6.5088703083231
Afghanistan,AFG,1965,1006666638.0,800000044.4,25.83332276625059
Afghanistan,AFG,1966,1399999967.0,1006666638.0,39.07284836432614
Afghanistan,AFG,1967,1673333418.0,1399999967.0,19.523818388775727
Afghanistan,AFG,1968,1373333367.0,1673333418.0,-17.928288993269838
Afghanistan,AFG,1969,1408888922.0,1373333367.0,2.588996659832854
Afghanistan,AFG,1970,1748886596.0,1408888922.0,24.13232645177972
Afghanistan,AFG,1971,1831108971.0,1748886596.0,4.701412612347555
Afghanistan,AFG,1972,1595555476.0,1831108971.0,-12.86398017433994
Afghanistan,AFG,1973,1733333264.0,1595555476.0,8.635098564256992
Afghanistan,AFG,1974,2155555498.0,1733333264.0,24.358976012820577
Afghanistan,AFG,1975,2366666616.0,2155555498.0,9.793815014082274
Afghanistan,AFG,1976,2555555567.0,2366666616.0,7.9812234525557635
Afghanistan,AFG,1977,2953333418.0,2555555567.0,15.565220186816632
Afghanistan,AFG,1978,3300000109.0,2953333418.0,11.738149471615134
Afghanistan,AFG,1979,3697940410.0,3300000109.0,12.058796601694288
Afghanistan,AFG,1980,3641723322.0,3697940410.0,-1.520226984944839
Afghanistan,AFG,1981,3478787909.0,3641723322.0,-4.474129377585923
Afghanistan,AFG,2002,3854235264.0,3478787909.0,10.792476138849306
Afghanistan,AFG,2003,4539496563.0,3854235264.0,17.779436180261143
Afghanistan,AFG,2004,5220825049.0,4539496563.0,15.008899699435684
Afghanistan,AFG,2005,6226198935.0,5220825049.0,19.256992459315804
Afghanistan,AFG,2006,6971383339.0,6226198935.0,11.96852866057676
Afghanistan,AFG,2007,9715765105.0,6971383339.0,39.3663873086294
Afghanistan,AFG,2008,10249770319.0,9715765105.0,5.496275468055378
Afghanistan,AFG,2009,12154835708.0,10249770319.0,18.58642027781423
Afghanistan,AFG,2010,15633843662.0,12154835708.0,28.62241857954695
Afghanistan,AFG,2011,18190413832.0,15633843662.0,16.352793498978514
Afghanistan,AFG,2012,20203572960.0,18190413832.0,11.067143093020304
Afghanistan,AFG,2013,20564485419.0,20203572960.0,1.786379368216462
Afghanistan,AFG,2014,20550582747.0,20564485419.0,-0.06760525107598614
Afghanistan,AFG,2015,19998143636.0,20550582747.0,-2.688191949596397
Afghanistan,AFG,2016,18019554403.0,19998143636.0,-9.893864495693538
Afghanistan,AFG,2017,18896353156.0,18019554403.0,4.865818173916803
Afghanistan,AFG,2018,18418860354.0,18896353156.0,-2.526904519925244
Afghanistan,AFG,2019,18904502222.0,18418860354.0,2.6366553557942263
Afghanistan,AFG,2020,20143451706.0,18904502222.0,6.553727093423167
Afghanistan,AFG,2021,14583135237.0,20143451706.0,-27.603593218056986
Africa Eastern and Southern,AFE,1960,21125015452.0,,
Africa Eastern and Southern,AFE,1961,21616228139.0,21125015452.0,2.325265456567971
Africa Eastern and Southern,AFE,1962,23506279900.0,21616228139.0,8.743670490736388
Africa Eastern and Southern,AFE,1963,28048360188.0,23506279900.0,19.32283758775457
Africa Eastern and Southern,AFE,1964,25920665260.0,28048360188.0,-7.585808631016855
Africa Eastern and Southern,AFE,1965,29472103270.0,25920665260.0,13.701183879259737
Africa Eastern and Southern,AFE,1966,32014368121.0,29472103270.0,8.626004149448674
Africa Eastern and Southern,AFE,1967,33269509510.0,32014368121.0,3.9205564959337247
Africa Eastern and Southern,AFE,1968,36327785495.0,33269509510.0,9.19242883361644
Africa Eastern and Southern,AFE,1969,41638967621.0,36327785495.0,14.62016485076143
Africa Eastern and Southern,AFE,1970,44629891649.0,41638967621.0,7.182992756265105
Africa Eastern and Southern,AFE,1971,49173371529.0,44629891649.0,10.180351580803816
Africa Eastern and Southern,AFE,1972,53123459912.0,49173371529.0,8.03298260862677
Africa Eastern and Southern,AFE,1973,69482723444.0,53123459912.0,30.7948005628764
Africa Eastern and Southern,AFE,1974,85380645042.0,69482723444.0,22.88039502483379
Africa Eastern and Southern,AFE,1975,90835426418.0,85380645042.0,6.388779767729225
Africa Eastern and Southern,AFE,1976,90212747243.0,90835426418.0,-0.6855025616708144
Africa Eastern and Southern,AFE,1977,102000000000.0,90212747243.0,13.066061191163447
Africa Eastern and Southern,AFE,1978,116000000000.0,102000000000.0,13.725490196078427
Africa Eastern and Southern,AFE,1979,134000000000.0,116000000000.0,15.517241379310342
Africa Eastern and Southern,AFE,1980,171000000000.0,134000000000.0,27.611940298507463
Africa Eastern and Southern,AFE,1981,176000000000.0,171000000000.0,2.923976608187129
Africa Eastern and Southern,AFE,1982,168000000000.0,176000000000.0,-4.545454545454541
Africa Eastern and Southern,AFE,1983,176000000000.0,168000000000.0,4.761904761904767
Africa Eastern and Southern,AFE,1984,161000000000.0,176000000000.0,-8.52272727272727
Africa Eastern and Southern,AFE,1985,137000000000.0,161000000000.0,-14.90683229813664
Africa Eastern and Southern,AFE,1986,153000000000.0,137000000000.0,11.678832116788328
Africa Eastern and Southern,AFE,1987,187000000000.0,153000000000.0,22.222222222222232
Africa Eastern and Southern,AFE,1988,205000000000.0,187000000000.0,9.625668449197855
Africa Eastern and Southern,AFE,1989,218000000000.0,205000000000.0,6.341463414634152
Africa Eastern and Southern,AFE,1990,254000000000.0,218000000000.0,16.5137614678899
Africa Eastern and Southern,AFE,1991,277000000000.0,254000000000.0,9.055118110236226
Africa Eastern and Southern,AFE,1992,246000000000.0,277000000000.0,-11.191335740072205
Africa Eastern and Southern,AFE,1993,243000000000.0,246000000000.0,-1.2195121951219523
Africa Eastern and Southern,AFE,1994,240000000000.0,243000000000.0,-1.2345679012345734
Africa Eastern and Southern,AFE,1995,270000000000.0,240000000000.0,12.5
Africa Eastern and Southern,AFE,1996,269000000000.0,270000000000.0,-0.37037037037036535
Africa Eastern and Southern,AFE,1997,283000000000.0,269000000000.0,5.2044609665427455
Africa Eastern and Southern,AFE,1998,267000000000.0,283000000000.0,-5.653710247349819
Africa Eastern and Southern,AFE,1999,263000000000.0,267000000000.0,-1.4981273408239737
Africa Eastern and Southern,AFE,2000,285000000000.0,263000000000.0,8.365019011406849
Africa Eastern and Southern,AFE,2001,260000000000.0,285000000000.0,-8.771929824561408
Africa Eastern and Southern,AFE,2002,267000000000.0,260000000000.0,2.6923076923076827
Africa Eastern and Southern,AFE,2003,354000000000.0,267000000000.0,32.584269662921336
Africa Eastern and Southern,AFE,2004,440000000000.0,354000000000.0,24.29378531073447
Africa Eastern and Southern,AFE,2005,514000000000.0,440000000000.0,16.81818181818182
Africa Eastern and Southern,AFE,2006,578000000000.0,514000000000.0,12.45136186770428
Africa Eastern and Southern,AFE,2007,663000000000.0,578000000000.0,14.705882352941169
Africa Eastern and Southern,AFE,2008,711000000000.0,663000000000.0,7.239819004524883
Africa Eastern and Southern,AFE,2009,722000000000.0,711000000000.0,1.5471167369901506
Africa Eastern and Southern,AFE,2010,864000000000.0,722000000000.0,19.66759002770082
Africa Eastern and Southern,AFE,2011,968000000000.0,864000000000.0,12.037037037037045
Africa Eastern and Southern,AFE,2012,975000000000.0,968000000000.0,0.723140495867769
Africa Eastern and Southern,AFE,2013,986000000000.0,975000000000.0,1.1282051282051286
Africa Eastern and Southern,AFE,2014,1010000000000.0,986000000000.0,2.4340770791074995
Africa Eastern and Southern,AFE,2015,927000000000.0,1010000000000.0,-8.217821782178214
Africa Eastern and Southern,AFE,2016,885000000000.0,927000000000.0,-4.530744336569581
Africa Eastern and Southern,AFE,2017,1020000000000.0,885000000000.0,15.254237288135597
Africa Eastern and Southern,AFE,2018,1010000000000.0,1020000000000.0,-0.9803921568627416
Africa Eastern and Southern,AFE,2019,1000000000000.0,1010000000000.0,-0.990099009900991
Africa Eastern and Southern,AFE,2020,928000000000.0,1000000000000.0,-7.199999999999996
Africa Eastern and Southern,AFE,2021,1080000000000.0,928000000000.0,16.37931034482758
Africa Eastern and Southern,AFE,2022,1170000000000.0,1080000000000.0,8.333333333333325
Africa Western and Central,AFW,1960,10447637853.0,,
Africa Western and Central,AFW,1961,11173212080.0,10447637853.0,6.9448638745805535
Africa Western and Central,AFW,1962,11990534018.0,11173212080.0,7.315013195381859
Africa Western and Central,AFW,1963,12727688165.0,11990534018.0,6.147800805980741
Africa Western and Central,AFW,1964,13898109284.0,12727688165.0,9.195865767819122
Africa Western and Central,AFW,1965,14929792388.0,13898109284.0,7.42319032695844
Africa Western and Central,AFW,1966,15910837742.0,14929792388.0,6.571058247189865
Africa Western and Central,AFW,1967,14510579889.0,15910837742.0,-8.80065447027799
Africa Western and Central,AFW,1968,14968235782.0,14510579889.0,3.1539462688664477
Africa Western and Central,AFW,1969,16979315745.0,14968235782.0,13.435651283756611
Africa Western and Central,AFW,1970,23596163865.0,16979315745.0,38.970051675660144
Africa Western and Central,AFW,1971,20936358634.0,23596163865.0,-11.272193421852217
Africa Western and Central,AFW,1972,25386169423.0,20936358634.0,21.253986267572067
Africa Western and Central,AFW,1973,31975594565.0,25386169423.0,25.956752404047002
Africa Western and Central,AFW,1974,44416677335.0,31975594565.0,38.90805765850502
Africa Western and Central,AFW,1975,51667190242.0,44416677335.0,16.323852530244643
Africa Western and Central,AFW,1976,62351622300.0,51667190242.0,20.679336360185264
Africa Western and Central,AFW,1977,65595122956.0,62351622300.0,5.2019507052986524
Africa Western and Central,AFW,1978,71496496574.0,65595122956.0,8.996665227624522
Africa Western and Central,AFW,1979,88948338390.0,71496496574.0,24.409366405719002
Africa Western and Central,AFW,1980,112000000000.0,88948338390.0,25.915786654640407
Africa Western and Central,AFW,1981,211000000000.0,112000000000.0,88.39285714285714
Africa Western and Central,AFW,1982,187000000000.0,211000000000.0,-11.374407582938383
Africa Western and Central,AFW,1983,138000000000.0,187000000000.0,-26.203208556149736
Africa Western and Central,AFW,1984,115000000000.0,138000000000.0,-16.666666666666664
Africa Western and Central,AFW,1985,117000000000.0,115000000000.0,1.7391304347825987
Africa Western and Central,AFW,1986,108000000000.0,117000000000.0,-7.692307692307687
Africa Western and Central,AFW,1987,111000000000.0,108000000000.0,2.777777777777768
Africa Western and Central,AFW,1988,109000000000.0,111000000000.0,-1.8018018018018056
Africa Western and Central,AFW,1989,102000000000.0,109000000000.0,-6.422018348623848
Africa Western and Central,AFW,1990,122000000000.0,102000000000.0,19.6078431372549
Africa Western and Central,AFW,1991,118000000000.0,122000000000.0,-3.2786885245901676
Africa Western and Central,AFW,1992,119000000000.0,118000000000.0,0.8474576271186418
Africa Western and Central,AFW,1993,99272180411.0,119000000000.0,-16.577999654621845
Africa Western and Central,AFW,1994,86636400266.0,99272180411.0,-12.728420079710345
Africa Western and Central,AFW,1995,109000000000.0,86636400266.0,25.81316821259536
Africa Western and Central,AFW,1996,126000000000.0,109000000000.0,15.596330275229352
Africa Western and Central,AFW,1997,128000000000.0,126000000000.0,1.5873015873015817
Africa Western and Central,AFW,1998,131000000000.0,128000000000.0,2.34375
Africa Western and Central,AFW,1999,138000000000.0,131000000000.0,5.343511450381677
Africa Western and Central,AFW,2000,141000000000.0,138000000000.0,2.1739130434782705
Africa Western and Central,AFW,2001,149000000000.0,141000000000.0,5.673758865248235
Africa Western and Central,AFW,2002,177000000000.0,149000000000.0,18.791946308724828
Africa Western and Central,AFW,2003,205000000000.0,177000000000.0,15.819209039548031
Africa Western and Central,AFW,2004,254000000000.0,205000000000.0,23.902439024390244
Africa Western and Central,AFW,2005,311000000000.0,254000000000.0,22.44094488188977
Africa Western and Central,AFW,2006,397000000000.0,311000000000.0,27.65273311897105
Africa Western and Central,AFW,2007,465000000000.0,397000000000.0,17.128463476070532
Africa Western and Central,AFW,2008,568000000000.0,465000000000.0,22.150537634408597
Africa Western and Central,AFW,2009,508000000000.0,568000000000.0,-10.563380281690138
Africa Western and Central,AFW,2010,599000000000.0,508000000000.0,17.913385826771645
Africa Western and Central,AFW,2011,682000000000.0,599000000000.0,13.85642737896493
Africa Western and Central,AFW,2012,738000000000.0,682000000000.0,8.211143695014655
Africa Western and Central,AFW,2013,834000000000.0,738000000000.0,13.008130081300816
Africa Western and Central,AFW,2014,894000000000.0,834000000000.0,7.194244604316546
Africa Western and Central,AFW,2015,769000000000.0,894000000000.0,-13.982102908277405
Africa Western and Central,AFW,2016,691000000000.0,769000000000.0,-10.143042912873867
Africa Western and Central,AFW,2017,685000000000.0,691000000000.0,-0.868306801736618
Africa Western and Central,AFW,2018,767000000000.0,685000000000.0,11.970802919708024
Africa Western and Central,AFW,2019,823000000000.0,767000000000.0,7.301173402868311
Africa Western and Central,AFW,2020,786000000000.0,823000000000.0,-4.495747266099636
Africa Western and Central,AFW,2021,844000000000.0,786000000000.0,7.379134860050884
Africa Western and Central,AFW,2022,878000000000.0,844000000000.0,4.028436018957349
Albania,ALB,1984,1857338012.0,,
Albania,ALB,1985,1897050133.0,1857338012.0,2.1381202960056633
Albania,ALB,1986,2097326250.0,1897050133.0,10.557239026850752
Albania,ALB,1987,2080796250.0,2097326250.0,-0.7881463363174857
Albania,ALB,1988,2051236250.0,2080796250.0,-1.4206100188809967
Albania,ALB,1989,2253090000.0,2051236250.0,9.840590034424368
Albania,ALB,1990,2028553750.0,2253090000.0,-9.965702657239618
Albania,ALB,1991,1099559028.0,2028553750.0,-45.79591356650027
Albania,ALB,1992,652174990.8,1099559028.0,-40.68758709696121
Albania,ALB,1993,1185315468.0,652174990.8,81.74807141040712
Albania,ALB,1994,1880950858.0,1185315468.0,58.68778471049194
Albania,ALB,1995,2392764853.0,1880950858.0,27.210386322596847
Albania,ALB,1996,3199640826.0,2392764853.0,33.72149051706253
Albania,ALB,1997,2258513974.0,3199640826.0,-29.413515553136026
Albania,ALB,1998,2545964541.0,2258513974.0,12.727420344046102
Albania,ALB,1999,3212121651.0,2545964541.0,26.165215550816256
Albania,ALB,2000,3480355258.0,3212121651.0,8.350667756200746
Albania,ALB,2001,3922100794.0,3480355258.0,12.692541515254696
Albania,ALB,2002,4348068242.0,3922100794.0,10.860696100713207
Albania,ALB,2003,5611496257.0,4348068242.0,29.05722598362108
Albania,ALB,2004,7184685782.0,5611496257.0,28.035116713078835
Albania,ALB,2005,8052077209.0,7184685782.0,12.072781654183128
Albania,ALB,2006,8896074996.0,8052077209.0,10.481739867777762
Albania,ALB,2007,10677324873.0,8896074996.0,20.022873883155377
Albania,ALB,2008,12881352878.0,10677324873.0,20.642136782532262
Albania,ALB,2009,12044205572.0,12881352878.0,-6.498908258539826
Albania,ALB,2010,11926926654.0,12044205572.0,-0.9737372655997056
Albania,ALB,2011,12890760273.0,11926926654.0,8.081156587617254
Albania,ALB,2012,12319834233.0,12890760273.0,-4.428955530232126
Albania,ALB,2013,12776224537.0,12319834233.0,3.7045165979385564
Albania,ALB,2014,13228147516.0,12776224537.0,3.5372185084195262
Albania,ALB,2015,11386853143.0,13228147516.0,-13.919517988235896
Albania,ALB,2016,11861199831.0,11386853143.0,4.1657399286966434
Albania,ALB,2017,13019726212.0,11861199831.0,9.767362471814334
Albania,ALB,2018,15156424062.0,13019726212.0,16.411234884729396
Albania,ALB,2019,15401826081.0,15156424062.0,1.6191287469665694
Albania,ALB,2020,15162734205.0,15401826081.0,-1.5523605755745296
Albania,ALB,2021,17930565119.0,15162734205.0,18.25416759654925
Albania,ALB,2022,18882095518.0,17930565119.0,5.306750750380518
Algeria,DZA,1960,2723615449.0,,
Algeria,DZA,1961,2434747054.0,2723615449.0,-10.606063903259933
Algeria,DZA,1962,2001444542.0,2434747054.0,-17.796613052191002
Algeria,DZA,1963,2702982015.0,2001444542.0,35.05155692692683
Algeria,DZA,1964,2909316433.0,2702982015.0,7.633584569004248
Algeria,DZA,1965,3136284304.0,2909316433.0,7.801415769887821
Algeria,DZA,1966,3039859185.0,3136284304.0,-3.0745018516663114
Algeria,DZA,1967,3370870374.0,3039859185.0,10.889030341713024
Algeria,DZA,1968,3852147024.0,3370870374.0,14.277518759313757
Algeria,DZA,1969,4257253261.0,3852147024.0,10.516375270104428
Algeria,DZA,1970,4863526893.0,4257253261.0,14.240957604142878
Algeria,DZA,1971,5077182746.0,4863526893.0,4.393022958452475
Algeria,DZA,1972,6766744028.0,5077182746.0,33.27753532864464
Algeria,DZA,1973,8707858006.0,6766744028.0,28.686085508302007
Algeria,DZA,1974,13209871629.0,8707858006.0,51.70058606718166
Algeria,DZA,1975,15557901445.0,13209871629.0,17.774811761571584
Algeria,DZA,1976,17728240937.0,15557901445.0,13.950078676565369
Algeria,DZA,1977,20972112004.0,17728240937.0,18.29776049709382
Algeria,DZA,1978,26364491320.0,20972112004.0,25.712142463150656
Algeria,DZA,1979,33243709744.0,26364491320.0,26.092740954123595
Algeria,DZA,1980,42345829090.0,33243709744.0,27.37997478648664
Algeria,DZA,1981,44348587046.0,42345829090.0,4.729528265330285
Algeria,DZA,1982,45207170762.0,44348587046.0,1.9359888853041518
Algeria,DZA,1983,48801369811.0,45207170762.0,7.950506498011567
Algeria,DZA,1984,53698548298.0,48801369811.0,10.034920138442827
Algeria,DZA,1985,57937868670.0,53698548298.0,7.894664765374837
Algeria,DZA,1986,63692012412.0,57937868670.0,9.931576487174908
Algeria,DZA,1987,66745822963.0,63692012412.0,4.794652320366377
Algeria,DZA,1988,59089400190.0,66745822963.0,-11.4710141146125
Algeria,DZA,1989,55634719135.0,59089400190.0,-5.846532616495659
Algeria,DZA,1990,62048505222.0,55634719135.0,11.528387644838611
Algeria,DZA,1991,45715676428.0,62048505222.0,-26.32267890348632
Algeria,DZA,1992,48003133347.0,45715676428.0,5.003659789662374
Algeria,DZA,1993,49945585166.0,48003133347.0,4.046510474553
Algeria,DZA,1994,42543177031.0,49945585166.0,-14.820945856169732
Algeria,DZA,1995,41764291964.0,42543177031.0,-1.8308107700382825
Algeria,DZA,1996,46941553940.0,41764291964.0,12.396383926399857
Algeria,DZA,1997,48177612042.0,46941553940.0,2.633185308649799
Algeria,DZA,1998,48187781711.0,48177612042.0,0.021108702920225042
Algeria,DZA,1999,48640671735.0,48187781711.0,0.939844101386833
Algeria,DZA,2000,54790398813.0,48640671735.0,12.643178760985085
Algeria,DZA,2001,54744698044.0,54790398813.0,-0.08341017767725667
Algeria,DZA,2002,56760355865.0,54744698044.0,3.681923351517913
Algeria,DZA,2003,67863850334.0,56760355865.0,19.56205929259638
Algeria,DZA,2004,85332581189.0,67863850334.0,25.740848432597872
Algeria,DZA,2005,103000000000.0,85332581189.0,20.704188909824595
Algeria,DZA,2006,117000000000.0,103000000000.0,13.592233009708732
Algeria,DZA,2007,135000000000.0,117000000000.0,15.384615384615374
Algeria,DZA,2008,171000000000.0,135000000000.0,26.66666666666666
Algeria,DZA,2009,137000000000.0,171000000000.0,-19.883040935672515
Algeria,DZA,2010,161000000000.0,137000000000.0,17.51824817518248
Algeria,DZA,2011,200000000000.0,161000000000.0,24.22360248447204
Algeria,DZA,2012,209000000000.0,200000000000.0,4.499999999999993
Algeria,DZA,2013,210000000000.0,209000000000.0,0.4784688995215225
Algeria,DZA,2014,214000000000.0,210000000000.0,1.904761904761898
Algeria,DZA,2015,166000000000.0,214000000000.0,-22.429906542056077
Algeria,DZA,2016,160000000000.0,166000000000.0,-3.6144578313253017
Algeria,DZA,2017,170000000000.0,160000000000.0,6.25
Algeria,DZA,2018,175000000000.0,170000000000.0,2.941176470588225
Algeria,DZA,2019,172000000000.0,175000000000.0,-1.7142857142857126
Algeria,DZA,2020,146000000000.0,172000000000.0,-15.116279069767447
Algeria,DZA,2021,163000000000.0,146000000000.0,11.64383561643836
Algeria,DZA,2022,192000000000.0,163000000000.0,17.791411042944794
American Samoa,ASM,2002,512000000.0,,
American Samoa,ASM,2003,524000000.0,512000000.0,2.34375
American Samoa,ASM,2004,509000000.0,524000000.0,-2.8625954198473247
American Samoa,ASM,2005,500000000.0,509000000.0,-1.7681728880157177
American Samoa,ASM,2006,493000000.0,500000000.0,-1.4000000000000012
American Samoa,ASM,2007,518000000.0,493000000.0,5.070993914807298
American Samoa,ASM,2008,560000000.0,518000000.0,8.108108108108114
American Samoa,ASM,2009,675000000.0,560000000.0,20.535714285714278
American Samoa,ASM,2010,573000000.0,675000000.0,-15.111111111111109
American Samoa,ASM,2011,570000000.0,573000000.0,-0.5235602094240788
American Samoa,ASM,2012,640000000.0,570000000.0,12.280701754385959
American Samoa,ASM,2013,638000000.0,640000000.0,-0.31250000000000444
American Samoa,ASM,2014,643000000.0,638000000.0,0.7836990595611271
American Samoa,ASM,2015,673000000.0,643000000.0,4.665629860031095
American Samoa,ASM,2016,671000000.0,673000000.0,-0.2971768202080227
American Samoa,ASM,2017,612000000.0,671000000.0,-8.792846497764529
American Samoa,ASM,2018,639000000.0,612000000.0,4.4117647058823595
American Samoa,ASM,2019,647000000.0,639000000.0,1.2519561815336422
American Samoa,ASM,2020,716000000.0,647000000.0,10.664605873261213
American Samoa,ASM,2021,709000000.0,716000000.0,-0.9776536312849138
Andorra,AND,1970,78617622.62,,
Andorra,AND,1971,89406587.66,78617622.62,13.723341765431773
Andorra,AND,1972,113414399.2,89406587.66,26.85239663915835
Andorra,AND,1973,150841573.5,113414399.2,33.00037258408366
Andorra,AND,1974,186557164.0,150841573.5,23.677551003536834
Andorra,AND,1975,220112879.8,186557164.0,17.986827780036375
Andorra,AND,1976,227284061.5,220112879.8,3.2579564205946987
Andorra,AND,1977,253998001.2,227284061.5,11.753547311543432
Andorra,AND,1978,308020288.9,253998001.2,21.268784574986643
Andorra,AND,1979,411548365.7,308020288.9,33.61079790221573
Andorra,AND,1980,446377571.5,411548365.7,8.46296783143805
Andorra,AND,1981,388982990.5,446377571.5,-12.857855023300601
Andorra,AND,1982,375914806.5,388982990.5,-3.3595772358071763
Andorra,AND,1983,327849981.5,375914806.5,-12.78609519202325
Andorra,AND,1984,330073057.0,327849981.5,0.6780770551911619
Andorra,AND,1985,346742876.3,330073057.0,5.050342324669055
Andorra,AND,1986,481996191.3,346742876.3,39.0068042473581
Andorra,AND,1987,611300147.3,481996191.3,26.826758869453315
Andorra,AND,1988,721425971.8,611300147.3,18.01501684342879
Andorra,AND,1989,795489464.0,721425971.8,10.266263635506112
Andorra,AND,1990,1028989394.0,795489464.0,29.352988388542634
Andorra,AND,1991,1106891025.0,1028989394.0,7.570693289380981
Andorra,AND,1992,1209992650.0,1106891025.0,9.314523532251062
Andorra,AND,1993,1007090915.0,1209992650.0,-16.768840290062915
Andorra,AND,1994,1017544675.0,1007090915.0,1.0380155201777486
Andorra,AND,1995,1178745314.0,1017544675.0,15.842119069612348
Andorra,AND,1996,1224023416.0,1178745314.0,3.8412116224116
Andorra,AND,1997,1180646068.0,1224023416.0,-3.5438331843154924
Andorra,AND,1998,1211953954.0,1180646068.0,2.6517587995727787
Andorra,AND,1999,1239840270.0,1211953954.0,2.300938571796607
Andorra,AND,2000,1429048106.0,1239840270.0,15.260662246435984
Andorra,AND,2001,1546912332.0,1429048106.0,8.247743760698834
Andorra,AND,2002,1755989899.0,1546912332.0,13.515799355590108
Andorra,AND,2003,2361635782.0,1755989899.0,34.490282850994916
Andorra,AND,2004,2895047587.0,2361635782.0,22.586539764750224
Andorra,AND,2005,3159826892.0,2895047587.0,9.145939644963775
Andorra,AND,2006,3456265062.0,3159826892.0,9.381468673189586
Andorra,AND,2007,3952397735.0,3456265062.0,14.354589827462716
Andorra,AND,2008,4085781939.0,3952397735.0,3.374766735109458
Andorra,AND,2009,3674188229.0,4085781939.0,-10.073805116010137
Andorra,AND,2010,3449925739.0,3674188229.0,-6.103728933371421
Andorra,AND,2011,3629133575.0,3449925739.0,5.194541841122224
Andorra,AND,2012,3188652765.0,3629133575.0,-12.137354575051706
Andorra,AND,2013,3193512950.0,3188652765.0,0.1524212687360471
Andorra,AND,2014,3271685597.0,3193512950.0,2.4478575231705157
Andorra,AND,2015,2789881259.0,3271685597.0,-14.72648650719356
Andorra,AND,2016,2896610480.0,2789881259.0,3.825582922416415
Andorra,AND,2017,3000162081.0,2896610480.0,3.574923232342919
Andorra,AND,2018,3218419897.0,3000162081.0,7.2748674940672275
Andorra,AND,2019,3155149348.0,3218419897.0,-1.9658885734262554
Andorra,AND,2020,2891001149.0,3155149348.0,-8.371971335285266
Andorra,AND,2021,3325145407.0,2891001149.0,15.017090468821536
Andorra,AND,2022,3352032737.0,3325145407.0,0.8086061422576396
Angola,AGO,1980,5930503401.0,,
Angola,AGO,1981,5550483036.0,5930503401.0,-6.407893888669236
Angola,AGO,1982,5550483036.0,5550483036.0,0.0
Angola,AGO,1983,5784341596.0,5550483036.0,4.213301049353935
Angola,AGO,1984,6131475065.0,5784341596.0,6.001261565189209
Angola,AGO,1985,7554065410.0,6131475065.0,23.201437336351628
Angola,AGO,1986,7072536109.0,7554065410.0,-6.374439124693787
Angola,AGO,1987,8084412414.0,7072536109.0,14.30712108648493
Angola,AGO,1988,8769836769.0,8084412414.0,8.47834474417748
Angola,AGO,1989,10201780977.0,8769836769.0,16.328059982389842
Angola,AGO,1990,11229515599.0,10201780977.0,10.07407063842123
Angola,AGO,1991,12704558517.0,11229515599.0,13.135410027226403
Angola,AGO,1992,15114352005.0,12704558517.0,18.9679435517216
Angola,AGO,1993,11051939102.0,15114352005.0,-26.87785028201082
Angola,AGO,1994,3390500000.0,11051939102.0,-69.32212556811463
Angola,AGO,1995,5561222222.0,3390500000.0,64.023660875977
Angola,AGO,1996,7526963964.0,5561222222.0,35.34729711435725
Angola,AGO,1997,7648377413.0,7526963964.0,1.6130467686665817
Angola,AGO,1998,6506229607.0,7648377413.0,-14.933204055263849
Angola,AGO,1999,6152922943.0,6506229607.0,-5.430282749626302
Angola,AGO,2000,9129594819.0,6152922943.0,48.37817576419467
Angola,AGO,2001,8936079253.0,9129594819.0,-2.1196511985095534
Angola,AGO,2002,15285592487.0,8936079253.0,71.05479992098722
Angola,AGO,2003,17812704626.0,15285592487.0,16.532641054962326
Angola,AGO,2004,23552057820.0,17812704626.0,32.22056006937124
Angola,AGO,2005,36970901025.0,23552057820.0,56.97524737564523
Angola,AGO,2006,52381025105.0,36970901025.0,41.68176499020015
Angola,AGO,2007,65266415707.0,52381025105.0,24.59934790541172
Angola,AGO,2008,88538664888.0,65266415707.0,35.657311542089154
Angola,AGO,2009,70307196477.0,88538664888.0,-20.59153301448866
Angola,AGO,2010,81699526881.0,70307196477.0,16.203647670301912
Angola,AGO,2011,109000000000.0,81699526881.0,33.415705281579775
Angola,AGO,2012,125000000000.0,109000000000.0,14.678899082568808
Angola,AGO,2013,133000000000.0,125000000000.0,6.400000000000006
Angola,AGO,2014,137000000000.0,133000000000.0,3.007518796992481
Angola,AGO,2015,87219300385.0,137000000000.0,-36.33627709124087
Angola,AGO,2016,49840491178.0,87219300385.0,-42.856121342413815
Angola,AGO,2017,68972769396.0,49840491178.0,38.387017795773936
Angola,AGO,2018,77792944472.0,68972769396.0,12.787909131732667
Angola,AGO,2019,69309110146.0,77792944472.0,-10.905660382933036
Angola,AGO,2020,50241368244.0,69309110146.0,-27.51116247464973
Angola,AGO,2021,65685435100.0,50241368244.0,30.739741762196893
Angola,AGO,2022,107000000000.0,65685435100.0,62.89760406869864
Antigua and Barbuda,ATG,1977,77496753.7,,
Antigua and Barbuda,ATG,1978,87879341.48,77496753.7,13.397448646936038
Antigua and Barbuda,ATG,1979,109079978.9,87879341.48,24.12471129500322
Antigua and Barbuda,ATG,1980,131431026.7,109079978.9,20.49051349788993
Antigua and Barbuda,ATG,1981,147841734.4,131431026.7,12.486174773220426
Antigua and Barbuda,ATG,1982,164369278.9,147841734.4,11.179214426207373
Antigua and Barbuda,ATG,1983,182144093.0,164369278.9,10.813951499302954
Antigua and Barbuda,ATG,1984,208372846.3,182144093.0,14.40000214555408
Antigua and Barbuda,ATG,1985,240923924.8,208372846.3,15.62155486091279
Antigua and Barbuda,ATG,1986,290440140.7,240923924.8,20.55263541846466
Antigua and Barbuda,ATG,1987,337174861.9,290440140.7,16.090999366466008
Antigua and Barbuda,ATG,1988,398637727.8,337174861.9,18.228780625475217
Antigua and Barbuda,ATG,1989,438794788.5,398637727.8,10.073572544580411
Antigua and Barbuda,ATG,1990,459470370.4,438794788.5,4.711902338375196
Antigua and Barbuda,ATG,1991,481707407.4,459470370.4,4.839710769737149
Antigua and Barbuda,ATG,1992,499281481.5,481707407.4,3.6482881164015213
Antigua and Barbuda,ATG,1993,535174074.1,499281481.5,7.188849162233546
Antigua and Barbuda,ATG,1994,589429629.6,535174074.1,10.137926728091484
Antigua and Barbuda,ATG,1995,577281481.5,589429629.6,-2.061000582587613
Antigua and Barbuda,ATG,1996,633729629.6,577281481.5,9.778271070349586
Antigua and Barbuda,ATG,1997,680618518.5,633729629.6,7.3988790660767245
Antigua and Barbuda,ATG,1998,727859259.3,680618518.5,6.940854460456469
Antigua and Barbuda,ATG,1999,766200000.0,727859259.3,5.267603621182659
Antigua and Barbuda,ATG,2000,826370370.4,766200000.0,7.853089323936313
Antigua and Barbuda,ATG,2001,800481481.5,826370370.4,-3.1328433142476575
Antigua and Barbuda,ATG,2002,814381481.5,800481481.5,1.7364549113557448
Antigua and Barbuda,ATG,2003,856396296.3,814381481.5,5.1591073415143684
Antigua and Barbuda,ATG,2004,919729629.6,856396296.3,7.395330126207611
Antigua and Barbuda,ATG,2005,1022962963.0,919729629.6,11.22431311089731
Antigua and Barbuda,ATG,2006,1157662963.0,1022962963.0,13.167632150138765
Antigua and Barbuda,ATG,2007,1312759259.0,1157662963.0,13.397361836477796
Antigua and Barbuda,ATG,2008,1370070370.0,1312759259.0,4.365698478764268
Antigua and Barbuda,ATG,2009,1228329630.0,1370070370.0,-10.345508019416549
Antigua and Barbuda,ATG,2010,1148700000.0,1228329630.0,-6.482757401203454
Antigua and Barbuda,ATG,2011,1137637037.0,1148700000.0,-0.9630854879428941
Antigua and Barbuda,ATG,2012,1199948148.0,1137637037.0,5.4772400135914445
Antigua and Barbuda,ATG,2013,1181448148.0,1199948148.0,-1.5417332849619103
Antigua and Barbuda,ATG,2014,1249733333.0,1181448148.0,5.7797868755895765
Antigua and Barbuda,ATG,2015,1336692593.0,1249733333.0,6.9582252232364805
Antigua and Barbuda,ATG,2016,1436585185.0,1336692593.0,7.473116296380944
Antigua and Barbuda,ATG,2017,1467955556.0,1436585185.0,2.183676354702202
Antigua and Barbuda,ATG,2018,1604770370.0,1467955556.0,9.320092385685275
Antigua and Barbuda,ATG,2019,1675403704.0,1604770370.0,4.40146050303758
Antigua and Barbuda,ATG,2020,1416348148.0,1675403704.0,-15.462276666901776
Antigua and Barbuda,ATG,2021,1560518519.0,1416348148.0,10.17902068806884
Antigua and Barbuda,ATG,2022,1757603704.0,1560518519.0,12.629467872402733
Arab World,ARB,1968,34715404211.0,,
Arab World,ARB,1969,37827652252.0,34715404211.0,8.96503472085124
Arab World,ARB,1970,42768536551.0,37827652252.0,13.061567411281171
Arab World,ARB,1971,49428519673.0,42768536551.0,15.572155745984428
Arab World,ARB,1972,58935857749.0,49428519673.0,19.234519137730356
Arab World,ARB,1973,74780454402.0,58935857749.0,26.884476205436812
Arab World,ARB,1974,142000000000.0,74780454402.0,89.88919114698804
Arab World,ARB,1975,157000000000.0,142000000000.0,10.563380281690149
Arab World,ARB,1976,196000000000.0,157000000000.0,24.840764331210185
Arab World,ARB,1977,226000000000.0,196000000000.0,15.306122448979597
Arab World,ARB,1978,250000000000.0,226000000000.0,10.619469026548668
Arab World,ARB,1979,338000000000.0,250000000000.0,35.20000000000001
Arab World,ARB,1980,460000000000.0,338000000000.0,36.09467455621302
Arab World,ARB,1981,475000000000.0,460000000000.0,3.2608695652173836
Arab World,ARB,1982,445000000000.0,475000000000.0,-6.315789473684208
Arab World,ARB,1983,418000000000.0,445000000000.0,-6.067415730337078
Arab World,ARB,1984,426000000000.0,418000000000.0,1.9138755980861344
Arab World,ARB,1985,419000000000.0,426000000000.0,-1.6431924882629123
Arab World,ARB,1986,407000000000.0,419000000000.0,-2.863961813842486
Arab World,ARB,1987,441000000000.0,407000000000.0,8.353808353808345
Arab World,ARB,1988,425000000000.0,441000000000.0,-3.628117913832196
Arab World,ARB,1989,456000000000.0,425000000000.0,7.294117647058829
Arab World,ARB,1990,644000000000.0,456000000000.0,41.22807017543859
Arab World,ARB,1991,472000000000.0,644000000000.0,-26.708074534161486
Arab World,ARB,1992,474000000000.0,472000000000.0,0.4237288135593209
Arab World,ARB,1993,483000000000.0,474000000000.0,1.8987341772152
Arab World,ARB,1994,508000000000.0,483000000000.0,5.175983436852993
Arab World,ARB,1995,556000000000.0,508000000000.0,9.4488188976378
Arab World,ARB,1996,614000000000.0,556000000000.0,10.431654676258994
Arab World,ARB,1997,662000000000.0,614000000000.0,7.817589576547235
Arab World,ARB,1998,649000000000.0,662000000000.0,-1.963746223564955
Arab World,ARB,1999,717000000000.0,649000000000.0,10.477657935285055
Arab World,ARB,2000,820000000000.0,717000000000.0,14.365411436541153
Arab World,ARB,2001,803000000000.0,820000000000.0,-2.073170731707319
Arab World,ARB,2002,808000000000.0,803000000000.0,0.6226650062266526
Arab World,ARB,2003,894000000000.0,808000000000.0,10.643564356435654
Arab World,ARB,2004,1060000000000.0,894000000000.0,18.568232662192386
Arab World,ARB,2005,1300000000000.0,1060000000000.0,22.64150943396226
Arab World,ARB,2006,1550000000000.0,1300000000000.0,19.23076923076923
Arab World,ARB,2007,1800000000000.0,1550000000000.0,16.129032258064523
Arab World,ARB,2008,2260000000000.0,1800000000000.0,25.555555555555554
Arab World,ARB,2009,1990000000000.0,2260000000000.0,-11.946902654867253
Arab World,ARB,2010,2330000000000.0,1990000000000.0,17.0854271356784
Arab World,ARB,2011,2560000000000.0,2330000000000.0,9.871244635193133
Arab World,ARB,2012,2800000000000.0,2560000000000.0,9.375
Arab World,ARB,2013,2860000000000.0,2800000000000.0,2.1428571428571352
Arab World,ARB,2014,2910000000000.0,2860000000000.0,1.7482517482517501
Arab World,ARB,2015,2550000000000.0,2910000000000.0,-12.371134020618557
Arab World,ARB,2016,2540000000000.0,2550000000000.0,-0.39215686274509665
Arab World,ARB,2017,2640000000000.0,2540000000000.0,3.937007874015741
Arab World,ARB,2018,2840000000000.0,2640000000000.0,7.575757575757569
Arab World,ARB,2019,2870000000000.0,2840000000000.0,1.0563380281690238
Arab World,ARB,2020,2530000000000.0,2870000000000.0,-11.846689895470385
Arab World,ARB,2021,2930000000000.0,2530000000000.0,15.810276679841895
Arab World,ARB,2022,3560000000000.0,2930000000000.0,21.501706484641648
Argentina,ARG,1962,24450604878.0,,
Argentina,ARG,1963,18272123664.0,24450604878.0,-25.269236670538287
Argentina,ARG,1964,25605249382.0,18272123664.0,40.132859501426374
Argentina,ARG,1965,28344705967.0,25605249382.0,10.698808451855136
Argentina,ARG,1966,28630474728.0,28344705967.0,1.0081909522459132
Argentina,ARG,1967,24256667553.0,28630474728.0,-15.276753936331023
Argentina,ARG,1968,26436857247.0,24256667553.0,8.988001708133897
Argentina,ARG,1969,31256284544.0,26436857247.0,18.229955444295108
Argentina,ARG,1970,31584210366.0,31256284544.0,1.049151640331325
Argentina,ARG,1971,33293199095.0,31584210366.0,5.410895853327102
Argentina,ARG,1972,34733000536.0,33293199095.0,4.324611272385148
Argentina,ARG,1973,52544000117.0,34733000536.0,51.27976076394347
Argentina,ARG,1974,72436777342.0,52544000117.0,37.85927447606701
Argentina,ARG,1975,52438647922.0,72436777342.0,-27.607701714257193
Argentina,ARG,1976,51169499892.0,52438647922.0,-2.420253153528662
Argentina,ARG,1977,56781000101.0,51169499892.0,10.96649414366726
Argentina,ARG,1978,89049453088.0,56781000101.0,56.82966648985055
Argentina,ARG,1979,69252328952.0,89049453088.0,-22.231606651683965
Argentina,ARG,1980,76961923741.0,69252328952.0,11.132614463180946
Argentina,ARG,1981,78676842367.0,76961923741.0,2.2282689187593796
Argentina,ARG,1982,84307486837.0,78676842367.0,7.156673171674854
Argentina,ARG,1983,104000000000.0,84307486837.0,23.357964875733384
Argentina,ARG,1984,117000000000.0,104000000000.0,12.5
Argentina,ARG,1985,88150891728.0,117000000000.0,-24.657357497435896
Argentina,ARG,1986,106000000000.0,88150891728.0,20.248358152831326
Argentina,ARG,1987,109000000000.0,106000000000.0,2.8301886792452935
Argentina,ARG,1988,127000000000.0,109000000000.0,16.5137614678899
Argentina,ARG,1989,76629728760.0,127000000000.0,-39.6616308976378
Argentina,ARG,1990,141000000000.0,76629728760.0,84.0016952710404
Argentina,ARG,1991,190000000000.0,141000000000.0,34.75177304964539
Argentina,ARG,1992,229000000000.0,190000000000.0,20.52631578947368
Argentina,ARG,1993,237000000000.0,229000000000.0,3.493449781659397
Argentina,ARG,1994,257000000000.0,237000000000.0,8.438818565400851
Argentina,ARG,1995,258000000000.0,257000000000.0,0.3891050583657574
Argentina,ARG,1996,272000000000.0,258000000000.0,5.4263565891472965
Argentina,ARG,1997,293000000000.0,272000000000.0,7.720588235294112
Argentina,ARG,1998,299000000000.0,293000000000.0,2.0477815699658786
Argentina,ARG,1999,284000000000.0,299000000000.0,-5.0167224080267525
Argentina,ARG,2000,284000000000.0,284000000000.0,0.0
Argentina,ARG,2001,269000000000.0,284000000000.0,-5.2816901408450745
Argentina,ARG,2002,97724004252.0,269000000000.0,-63.67137388401487
Argentina,ARG,2003,128000000000.0,97724004252.0,30.9811248318556
Argentina,ARG,2004,165000000000.0,128000000000.0,28.90625
Argentina,ARG,2005,199000000000.0,165000000000.0,20.606060606060606
Argentina,ARG,2006,233000000000.0,199000000000.0,17.0854271356784
Argentina,ARG,2007,288000000000.0,233000000000.0,23.605150214592285
Argentina,ARG,2008,362000000000.0,288000000000.0,25.694444444444443
Argentina,ARG,2009,333000000000.0,362000000000.0,-8.011049723756901
Argentina,ARG,2010,424000000000.0,333000000000.0,27.32732732732732
Argentina,ARG,2011,530000000000.0,424000000000.0,25.0
Argentina,ARG,2012,546000000000.0,530000000000.0,3.018867924528301
Argentina,ARG,2013,552000000000.0,546000000000.0,1.098901098901095
Argentina,ARG,2014,526000000000.0,552000000000.0,-4.710144927536231
Argentina,ARG,2015,595000000000.0,526000000000.0,13.117870722433466
Argentina,ARG,2016,558000000000.0,595000000000.0,-6.218487394957983
Argentina,ARG,2017,644000000000.0,558000000000.0,15.412186379928317
Argentina,ARG,2018,525000000000.0,644000000000.0,-18.478260869565222
Argentina,ARG,2019,448000000000.0,525000000000.0,-14.66666666666666
Argentina,ARG,2020,386000000000.0,448000000000.0,-13.83928571428571
Argentina,ARG,2021,487000000000.0,386000000000.0,26.165803108808294
Argentina,ARG,2022,633000000000.0,487000000000.0,29.9794661190965
Armenia,ARM,1990,2256838858.0,,
Armenia,ARM,1991,2069870130.0,2256838858.0,-8.284540446352063
Armenia,ARM,1992,1272835453.0,2069870130.0,-38.506506541064965
Armenia,ARM,1993,1201312829.0,1272835453.0,-5.619157121325092
Armenia,ARM,1994,1315158637.0,1201312829.0,9.476782837220487
Armenia,ARM,1995,1468317435.0,1315158637.0,11.645651991410677
Armenia,ARM,1996,1596968946.0,1468317435.0,8.761832280497295
Armenia,ARM,1997,1639492445.0,1596968946.0,2.662763049119432
Armenia,ARM,1998,1893726437.0,1639492445.0,15.506871823370915
Armenia,ARM,1999,1845482173.0,1893726437.0,-2.547583592719316
Armenia,ARM,2000,1911563669.0,1845482173.0,3.580717113759957
Armenia,ARM,2001,2118467913.0,1911563669.0,10.823821741090022
Armenia,ARM,2002,2376335048.0,2118467913.0,12.172340842058338
Armenia,ARM,2003,2807061009.0,2376335048.0,18.12564105227976
Armenia,ARM,2004,3576615240.0,2807061009.0,27.414944973858944
Armenia,ARM,2005,4900469515.0,3576615240.0,37.01416524188383
Armenia,ARM,2006,6384452071.0,4900469515.0,30.282456639259394
Armenia,ARM,2007,9206301264.0,6384452071.0,44.19876853360123
Armenia,ARM,2008,11662040704.0,9206301264.0,26.674550067167992
Armenia,ARM,2009,8647937091.0,11662040704.0,-25.845421821981663
Armenia,ARM,2010,9260285762.0,8647937091.0,7.0808640784086885
Armenia,ARM,2011,10142111812.0,9260285762.0,9.52266563542361
Armenia,ARM,2012,10619320693.0,10142111812.0,4.7052220469052
Armenia,ARM,2013,11121464430.0,10619320693.0,4.728586239334498
Armenia,ARM,2014,11609513241.0,11121464430.0,4.3883502399512775
Armenia,ARM,2015,10553337528.0,11609513241.0,-9.09750211809074
Armenia,ARM,2016,10546136240.0,10553337528.0,-0.0682370670026744
Armenia,ARM,2017,11527458713.0,10546136240.0,9.305042630475246
Armenia,ARM,2018,12457940705.0,11527458713.0,8.071874427541047
Armenia,ARM,2019,13619290546.0,12457940705.0,9.322165424450057
Armenia,ARM,2020,12641698594.0,13619290546.0,-7.1779946884760415
Armenia,ARM,2021,13861409969.0,12641698594.0,9.648318743961347
Armenia,ARM,2022,19502783988.0,13861409969.0,40.69841402582066
Aruba,ABW,1986,405586592.2,,
Aruba,ABW,1987,487709497.2,405586592.2,20.247933876350665
Aruba,ABW,1988,596648044.7,487709497.2,22.33676976262091
Aruba,ABW,1989,695530726.3,596648044.7,16.573033713655928
Aruba,ABW,1990,764804469.3,695530726.3,9.9598393544041
Aruba,ABW,1991,872067039.1,764804469.3,14.02483564173911
Aruba,ABW,1992,958659217.9,872067039.1,9.929532354458171
Aruba,ABW,1993,1083240223.0,958659217.9,12.995337944269924
Aruba,ABW,1994,1245810056.0,1083240223.0,15.007736007971339
Aruba,ABW,1995,1320670391.0,1245810056.0,6.008968593523689
Aruba,ABW,1996,1379888268.0,1320670391.0,4.483925542932843
Aruba,ABW,1997,1531843575.0,1379888268.0,11.012145731207855
Aruba,ABW,1998,1665363128.0,1531843575.0,8.71626549727833
Aruba,ABW,1999,1722905028.0,1665363128.0,3.45521640491131
Aruba,ABW,2000,1873184358.0,1722905028.0,8.722438414057487
Aruba,ABW,2001,1896648045.0,1873184358.0,1.2526095949814575
Aruba,ABW,2002,1962011173.0,1896648045.0,3.4462444506935475
Aruba,ABW,2003,2044134078.0,1962011173.0,4.185649201703101
Aruba,ABW,2004,2254748603.0,2044134078.0,10.303361568438163
Aruba,ABW,2005,2359776536.0,2254748603.0,4.658077306723141
Aruba,ABW,2006,2469832402.0,2359776536.0,4.6638257615084555
Aruba,ABW,2007,2677653631.0,2469832402.0,8.414385884309894
Aruba,ABW,2008,2843016760.0,2677653631.0,6.175672875891847
Aruba,ABW,2009,2553631285.0,2843016760.0,-10.178817060508639
Aruba,ABW,2010,2453631285.0,2553631285.0,-3.9159921241331386
Aruba,ABW,2011,2637988827.0,2453631285.0,7.513661206027544
Aruba,ABW,2012,2615083799.0,2637988827.0,-0.868276156652581
Aruba,ABW,2013,2727932961.0,2615083799.0,4.315317239285155
Aruba,ABW,2014,2791061453.0,2727932961.0,2.3141511504321643
Aruba,ABW,2015,2963128492.0,2791061453.0,6.164931940679841
Aruba,ABW,2016,2983798883.0,2963128492.0,0.697586724835153
Aruba,ABW,2017,3092178771.0,2983798883.0,3.6322785901384824
Aruba,ABW,2018,3276187709.0,3092178771.0,5.950785890056798
Aruba,ABW,2019,3395793855.0,3276187709.0,3.650772074854891
Aruba,ABW,2020,2610038939.0,3395793855.0,-23.13906407607891
Aruba,ABW,2021,3126019385.0,2610038939.0,19.76907080925354
Australia,AUS,1960,18606562979.0,,
Australia,AUS,1961,19682883152.0,18606562979.0,5.784626500954371
Australia,AUS,1962,19922563190.0,19682883152.0,1.2177079757527576
Australia,AUS,1963,21539843449.0,19922563190.0,8.117832246664847
Australia,AUS,1964,23801123811.0,21539843449.0,10.498128119426898
Australia,AUS,1965,25976164159.0,23801123811.0,9.138393486255382
Australia,AUS,1966,27307844373.0,25976164159.0,5.1265468059440655
Australia,AUS,1967,30442724874.0,27307844373.0,11.479780161994558
Australia,AUS,1968,32714085238.0,30442724874.0,7.461094147783998
Australia,AUS,1969,36683365874.0,32714085238.0,12.133246603482494
Australia,AUS,1970,41333606618.0,36683365874.0,12.676701369150912
Australia,AUS,1971,45216647240.0,41333606618.0,9.394391004604486
Australia,AUS,1972,52042056075.0,45216647240.0,15.094902545012312
Australia,AUS,1973,63832158873.0,52042056075.0,22.654951950800694
Australia,AUS,1974,88963890936.0,63832158873.0,39.371584020841134
Australia,AUS,1975,97304383449.0,88963890936.0,9.375143583816591
Australia,AUS,1976,105000000000.0,97304383449.0,7.908807679803553
Australia,AUS,1977,110000000000.0,105000000000.0,4.761904761904767
Australia,AUS,1978,118000000000.0,110000000000.0,7.272727272727275
Australia,AUS,1979,135000000000.0,118000000000.0,14.406779661016955
Australia,AUS,1980,150000000000.0,135000000000.0,11.111111111111116
Australia,AUS,1981,177000000000.0,150000000000.0,17.999999999999993
Australia,AUS,1982,194000000000.0,177000000000.0,9.604519774011289
Australia,AUS,1983,177000000000.0,194000000000.0,-8.762886597938147
Australia,AUS,1984,194000000000.0,177000000000.0,9.604519774011289
Australia,AUS,1985,181000000000.0,194000000000.0,-6.70103092783505
Australia,AUS,1986,182000000000.0,181000000000.0,0.5524861878453136
Australia,AUS,1987,189000000000.0,182000000000.0,3.8461538461538547
Australia,AUS,1988,236000000000.0,189000000000.0,24.86772486772486
Australia,AUS,1989,300000000000.0,236000000000.0,27.118644067796605
Australia,AUS,1990,311000000000.0,300000000000.0,3.6666666666666625
Australia,AUS,1991,326000000000.0,311000000000.0,4.8231511254019255
Australia,AUS,1992,326000000000.0,326000000000.0,0.0
Australia,AUS,1993,312000000000.0,326000000000.0,-4.294478527607359
Australia,AUS,1994,323000000000.0,312000000000.0,3.5256410256410353
Australia,AUS,1995,368000000000.0,323000000000.0,13.931888544891645
Australia,AUS,1996,401000000000.0,368000000000.0,8.967391304347828
Australia,AUS,1997,436000000000.0,401000000000.0,8.728179551122196
Australia,AUS,1998,400000000000.0,436000000000.0,-8.25688073394495
Australia,AUS,1999,389000000000.0,400000000000.0,-2.749999999999997
Australia,AUS,2000,416000000000.0,389000000000.0,6.940874035989708
Australia,AUS,2001,379000000000.0,416000000000.0,-8.89423076923077
Australia,AUS,2002,396000000000.0,379000000000.0,4.485488126649084
Australia,AUS,2003,467000000000.0,396000000000.0,17.929292929292927
Australia,AUS,2004,614000000000.0,467000000000.0,31.477516059957168
Australia,AUS,2005,695000000000.0,614000000000.0,13.19218241042346
Australia,AUS,2006,748000000000.0,695000000000.0,7.625899280575532
Australia,AUS,2007,854000000000.0,748000000000.0,14.171122994652396
Australia,AUS,2008,1060000000000.0,854000000000.0,24.121779859484782
Australia,AUS,2009,929000000000.0,1060000000000.0,-12.358490566037739
Australia,AUS,2010,1150000000000.0,929000000000.0,23.78902045209903
Australia,AUS,2011,1400000000000.0,1150000000000.0,21.739130434782616
Australia,AUS,2012,1550000000000.0,1400000000000.0,10.71428571428572
Australia,AUS,2013,1580000000000.0,1550000000000.0,1.9354838709677358
Australia,AUS,2014,1470000000000.0,1580000000000.0,-6.9620253164556996
Australia,AUS,2015,1350000000000.0,1470000000000.0,-8.163265306122447
Australia,AUS,2016,1210000000000.0,1350000000000.0,-10.370370370370374
Australia,AUS,2017,1330000000000.0,1210000000000.0,9.917355371900815
Australia,AUS,2018,1430000000000.0,1330000000000.0,7.518796992481214
Australia,AUS,2019,1390000000000.0,1430000000000.0,-2.7972027972028024
Australia,AUS,2020,1330000000000.0,1390000000000.0,-4.316546762589923
Australia,AUS,2021,1550000000000.0,1330000000000.0,16.541353383458656
Australia,AUS,2022,1680000000000.0,1550000000000.0,8.387096774193559
Austria,AUT,1960,6592693841.0,,
Austria,AUT,1961,7311749633.0,6592693841.0,10.906858551934985
Austria,AUT,1962,7756110210.0,7311749633.0,6.0773494622200275
Austria,AUT,1963,8374175258.0,7756110210.0,7.968750201655528
Austria,AUT,1964,9169983886.0,8374175258.0,9.503128409448447
Austria,AUT,1965,9994070616.0,9169983886.0,8.98678493054006
Austria,AUT,1966,10887682273.0,9994070616.0,8.941418280248815
Austria,AUT,1967,11579431669.0,10887682273.0,6.353504617924477
Austria,AUT,1968,12440625313.0,11579431669.0,7.437270399941598
Austria,AUT,1969,13582798556.0,12440625313.0,9.180995442459562
Austria,AUT,1970,15373005557.0,13582798556.0,13.179956940531978
Austria,AUT,1971,17858486067.0,15373005557.0,16.167824182358736
Austria,AUT,1972,22059612477.0,17858486067.0,23.524538386056683
Austria,AUT,1973,29515467707.0,22059612477.0,33.798668212207694
Austria,AUT,1974,35189299912.0,29515467707.0,19.223250199943042
Austria,AUT,1975,40059206763.0,35189299912.0,13.83916947247734
Austria,AUT,1976,42959976222.0,40059206763.0,7.241205439143261
Austria,AUT,1977,51545758888.0,42959976222.0,19.985538682871006
Austria,AUT,1978,62052259073.0,51545758888.0,20.38286061095502
Austria,AUT,1979,73937296963.0,62052259073.0,19.153271883330003
Austria,AUT,1980,82058912997.0,73937296963.0,10.984464360475954
Austria,AUT,1981,71034228443.0,82058912997.0,-13.435084808402287
Austria,AUT,1982,71275287570.0,71034228443.0,0.3393562966527153
Austria,AUT,1983,72121016547.0,71275287570.0,1.1865669095609155
Austria,AUT,1984,67985344887.0,72121016547.0,-5.734350204707461
Austria,AUT,1985,69386774408.0,67985344887.0,2.0613700251566724
Austria,AUT,1986,99036164939.0,69386774408.0,42.730607934963395
Austria,AUT,1987,124000000000.0,99036164939.0,25.206786910999778
Austria,AUT,1988,133000000000.0,124000000000.0,7.258064516129026
Austria,AUT,1989,133000000000.0,133000000000.0,0.0
Austria,AUT,1990,166000000000.0,133000000000.0,24.812030075187973
Austria,AUT,1991,174000000000.0,166000000000.0,4.819277108433728
Austria,AUT,1992,195000000000.0,174000000000.0,12.06896551724137
Austria,AUT,1993,190000000000.0,195000000000.0,-2.564102564102566
Austria,AUT,1994,204000000000.0,190000000000.0,7.36842105263158
Austria,AUT,1995,241000000000.0,204000000000.0,18.137254901960787
Austria,AUT,1996,237000000000.0,241000000000.0,-1.6597510373444035
Austria,AUT,1997,213000000000.0,237000000000.0,-10.126582278481012
Austria,AUT,1998,218000000000.0,213000000000.0,2.3474178403755763
Austria,AUT,1999,217000000000.0,218000000000.0,-0.4587155963302725
Austria,AUT,2000,197000000000.0,217000000000.0,-9.216589861751157
Austria,AUT,2001,198000000000.0,197000000000.0,0.50761421319796
Austria,AUT,2002,214000000000.0,198000000000.0,8.080808080808088
Austria,AUT,2003,262000000000.0,214000000000.0,22.429906542056077
Austria,AUT,2004,301000000000.0,262000000000.0,14.885496183206115
Austria,AUT,2005,316000000000.0,301000000000.0,4.983388704318936
Austria,AUT,2006,336000000000.0,316000000000.0,6.329113924050622
Austria,AUT,2007,389000000000.0,336000000000.0,15.773809523809534
Austria,AUT,2008,432000000000.0,389000000000.0,11.053984575835486
Austria,AUT,2009,402000000000.0,432000000000.0,-6.944444444444442
Austria,AUT,2010,392000000000.0,402000000000.0,-2.487562189054726
Austria,AUT,2011,432000000000.0,392000000000.0,10.20408163265305
Austria,AUT,2012,409000000000.0,432000000000.0,-5.32407407407407
Austria,AUT,2013,430000000000.0,409000000000.0,5.134474327628369
Austria,AUT,2014,443000000000.0,430000000000.0,3.023255813953485
Austria,AUT,2015,382000000000.0,443000000000.0,-13.769751693002252
Austria,AUT,2016,396000000000.0,382000000000.0,3.664921465968596
Austria,AUT,2017,417000000000.0,396000000000.0,5.303030303030298
Austria,AUT,2018,455000000000.0,417000000000.0,9.112709832134303
Austria,AUT,2019,445000000000.0,455000000000.0,-2.197802197802201
Austria,AUT,2020,435000000000.0,445000000000.0,-2.2471910112359605
Austria,AUT,2021,480000000000.0,435000000000.0,10.344827586206895
Austria,AUT,2022,471000000000.0,480000000000.0,-1.8750000000000044
Azerbaijan,AZE,1990,8858006042.0,,
Azerbaijan,AZE,1991,5344000000.0,8858006042.0,-39.67039563236278
Azerbaijan,AZE,1992,444658671.6,5344000000.0,-91.6792913248503
Azerbaijan,AZE,1993,1570392598.0,444658671.6,253.16810360389695
Azerbaijan,AZE,1994,1193141110.0,1570392598.0,-24.022750010440387
Azerbaijan,AZE,1995,2417332562.0,1193141110.0,102.60240316419909
Azerbaijan,AZE,1996,3176507992.0,2417332562.0,31.405502161104803
Azerbaijan,AZE,1997,3962362387.0,3176507992.0,24.739569268491234
Azerbaijan,AZE,1998,4446370371.0,3962362387.0,12.215136747410282
Azerbaijan,AZE,1999,4581246713.0,4446370371.0,3.0334032198416683
Azerbaijan,AZE,2000,5272617196.0,4581246713.0,15.09131741449612
Azerbaijan,AZE,2001,5707618247.0,5272617196.0,8.250192168891157
Azerbaijan,AZE,2002,6236086669.0,5707618247.0,9.259000849921417
Azerbaijan,AZE,2003,7276413079.0,6236086669.0,16.682359710802785
Azerbaijan,AZE,2004,8680410158.0,7276413079.0,19.295181070079547
Azerbaijan,AZE,2005,13245421881.0,8680410158.0,52.589815917774516
Azerbaijan,AZE,2006,20981929498.0,13245421881.0,58.40891808888091
Azerbaijan,AZE,2007,33049426816.0,20981929498.0,57.51376354186242
Azerbaijan,AZE,2008,48851318826.0,33049426816.0,47.81290791509261
Azerbaijan,AZE,2009,44292408817.0,48851318826.0,-9.332214807215443
Azerbaijan,AZE,2010,52909294792.0,44292408817.0,19.454543577888963
Azerbaijan,AZE,2011,65952763949.0,52909294792.0,24.65250993852257
Azerbaijan,AZE,2012,69679913510.0,65952763949.0,5.651240884888664
Azerbaijan,AZE,2013,74160553009.0,69679913510.0,6.430317251121398
Azerbaijan,AZE,2014,75239737489.0,74160553009.0,1.4552001518503221
Azerbaijan,AZE,2015,53076244755.0,75239737489.0,-29.457163825485555
Azerbaijan,AZE,2016,37867007023.0,53076244755.0,-28.655451798080023
Azerbaijan,AZE,2017,40866632048.0,37867007023.0,7.921473759935815
Azerbaijan,AZE,2018,47112479289.0,40866632048.0,15.283489066737687
Azerbaijan,AZE,2019,48174235294.0,47112479289.0,2.253661919354566
Azerbaijan,AZE,2020,42693000000.0,48174235294.0,-11.377939391354852
Azerbaijan,AZE,2021,54825411765.0,42693000000.0,28.41780096268709
Azerbaijan,AZE,2022,78721058824.0,54825411765.0,43.5849842066389
"Bahamas, The",BHS,1960,169803921.6,,
"Bahamas, The",BHS,1961,190098039.2,169803921.6,11.951501124812648
"Bahamas, The",BHS,1962,212254902.0,190098039.2,11.65549255176117
"Bahamas, The",BHS,1963,237745098.0,212254902.0,12.00923783611838
"Bahamas, The",BHS,1964,266666666.7,237745098.0,12.1649484861303
"Bahamas, The",BHS,1965,300392156.9,266666666.7,12.647058823419123
"Bahamas, The",BHS,1966,340000000.0,300392156.9,13.185378576040986
"Bahamas, The",BHS,1967,390196078.4,340000000.0,14.763552470588227
"Bahamas, The",BHS,1968,444901960.8,390196078.4,14.020100515700129
"Bahamas, The",BHS,1969,528137254.9,444901960.8,18.7086822342456
"Bahamas, The",BHS,1970,538423153.7,528137254.9,1.9475806155632158
"Bahamas, The",BHS,1971,573400000.0,538423153.7,6.496163112533693
"Bahamas, The",BHS,1972,590900000.0,573400000.0,3.0519707010812747
"Bahamas, The",BHS,1973,670900000.0,590900000.0,13.538669825689631
"Bahamas, The",BHS,1974,632400000.0,670900000.0,-5.738560143091364
"Bahamas, The",BHS,1975,596200000.0,632400000.0,-5.724225173940544
"Bahamas, The",BHS,1976,642100000.0,596200000.0,7.6987588057698675
"Bahamas, The",BHS,1977,713000000.0,642100000.0,11.041893786014633
"Bahamas, The",BHS,1978,832400000.0,713000000.0,16.746143057503502
"Bahamas, The",BHS,1979,1139800100.0,832400000.0,36.92937289764537
"Bahamas, The",BHS,1980,1335300000.0,1139800100.0,17.152121674669086
"Bahamas, The",BHS,1981,1426500000.0,1335300000.0,6.829925859357444
"Bahamas, The",BHS,1982,1578300000.0,1426500000.0,10.641430073606738
"Bahamas, The",BHS,1983,1732800000.0,1578300000.0,9.789013495533162
"Bahamas, The",BHS,1984,2041100000.0,1732800000.0,17.79201292705448
"Bahamas, The",BHS,1985,2320699900.0,2041100000.0,13.698491009749647
"Bahamas, The",BHS,1986,2472500000.0,2320699900.0,6.541134422421435
"Bahamas, The",BHS,1987,2713999900.0,2472500000.0,9.767437815975732
"Bahamas, The",BHS,1988,2817900000.0,2713999900.0,3.828301541204926
"Bahamas, The",BHS,1989,3062000000.0,2817900000.0,8.66247915114091
"Bahamas, The",BHS,1990,3166000000.0,3062000000.0,3.396472893533642
"Bahamas, The",BHS,1991,3111160000.0,3166000000.0,-1.7321541377132044
"Bahamas, The",BHS,1992,3109000000.0,3111160000.0,-0.06942748042531033
"Bahamas, The",BHS,1993,3092000000.0,3109000000.0,-0.5467996140238074
"Bahamas, The",BHS,1994,3259000000.0,3092000000.0,5.401034928848647
"Bahamas, The",BHS,1995,3429000000.0,3259000000.0,5.216324025774788
"Bahamas, The",BHS,1996,3609000000.0,3429000000.0,5.249343832021003
"Bahamas, The",BHS,1997,6332360000.0,3609000000.0,75.460238293156
"Bahamas, The",BHS,1998,6833220000.0,6332360000.0,7.909531359556321
"Bahamas, The",BHS,1999,7683870000.0,6833220000.0,12.448743052323795
"Bahamas, The",BHS,2000,8076470000.0,7683870000.0,5.109404505802417
"Bahamas, The",BHS,2001,8317830000.0,8076470000.0,2.9884343036004513
"Bahamas, The",BHS,2002,8881160000.0,8317830000.0,6.772559670010092
"Bahamas, The",BHS,2003,8870090000.0,8881160000.0,-0.1246458795923
"Bahamas, The",BHS,2004,9055290000.0,8870090000.0,2.0879156806751675
"Bahamas, The",BHS,2005,9836200000.0,9055290000.0,8.623798906495539
"Bahamas, The",BHS,2006,10167250000.0,9836200000.0,3.365629003070292
"Bahamas, The",BHS,2007,10618340000.0,10167250000.0,4.436696255132899
"Bahamas, The",BHS,2008,10526000000.0,10618340000.0,-0.8696274558923522
"Bahamas, The",BHS,2009,9981960000.0,10526000000.0,-5.168535056051682
"Bahamas, The",BHS,2010,10095760000.0,9981960000.0,1.1400566622186359
"Bahamas, The",BHS,2011,10070450000.0,10095760000.0,-0.25069930346997005
"Bahamas, The",BHS,2012,10720500000.0,10070450000.0,6.455024353430083
"Bahamas, The",BHS,2013,10562800000.0,10720500000.0,-1.471013478848937
"Bahamas, The",BHS,2014,11176100000.0,10562800000.0,5.806225621994177
"Bahamas, The",BHS,2015,11672900000.0,11176100000.0,4.445200025053464
"Bahamas, The",BHS,2016,11750800000.0,11672900000.0,0.667357726014961
"Bahamas, The",BHS,2017,12253500000.0,11750800000.0,4.278006603805706
"Bahamas, The",BHS,2018,12653600000.0,12253500000.0,3.265189537683111
"Bahamas, The",BHS,2019,13058700000.0,12653600000.0,3.201460453941962
"Bahamas, The",BHS,2020,9754600000.0,13058700000.0,-25.301906009020804
"Bahamas, The",BHS,2021,11527600000.0,9754600000.0,18.17604002214339
"Bahamas, The",BHS,2022,12897400000.0,11527600000.0,11.882785662236728
Bahrain,BHR,1980,3072698328.0,,
Bahrain,BHR,1981,3467819158.0,3072698328.0,12.859083054117516
Bahrain,BHR,1982,3645744691.0,3467819158.0,5.1307615793499295
Bahrain,BHR,1983,3735106393.0,3645744691.0,2.451123421247825
Bahrain,BHR,1984,3905585111.0,3735106393.0,4.564226559101381
Bahrain,BHR,1985,3651861702.0,3905585111.0,-6.496425037195919
Bahrain,BHR,1986,3052393617.0,3651861702.0,-16.41541038292036
Bahrain,BHR,1987,3392021011.0,3052393617.0,11.12659232768931
Bahrain,BHR,1988,3702393617.0,3392021011.0,9.150079111936261
Bahrain,BHR,1989,3863563830.0,3702393617.0,4.3531355569534025
Bahrain,BHR,1990,4229787234.0,3863563830.0,9.478901348965163
Bahrain,BHR,1991,4616223404.0,4229787234.0,9.13606639345208
Bahrain,BHR,1992,4751063830.0,4616223404.0,2.9210117058710683
Bahrain,BHR,1993,5200266107.0,4751063830.0,9.45477251144402
Bahrain,BHR,1994,5567553976.0,5200266107.0,7.062866811865631
Bahrain,BHR,1995,5849468273.0,5567553976.0,5.063521579049701
Bahrain,BHR,1996,6101861964.0,5849468273.0,4.314814256964183
Bahrain,BHR,1997,6349202985.0,6101861964.0,4.053533535489207
Bahrain,BHR,1998,6183777212.0,6349202985.0,-2.60545730528412
Bahrain,BHR,1999,6621010739.0,6183777212.0,7.070654585542346
Bahrain,BHR,2000,9062898936.0,6621010739.0,36.88089769461405
Bahrain,BHR,2001,8976196809.0,9062898936.0,-0.9566710123578459
Bahrain,BHR,2002,9593510638.0,8976196809.0,6.877231439277809
Bahrain,BHR,2003,11074813830.0,9593510638.0,15.440679099604493
Bahrain,BHR,2004,13150159574.0,11074813830.0,18.739328496684983
Bahrain,BHR,2005,15968723404.0,13150159574.0,21.433685379550504
Bahrain,BHR,2006,18504760638.0,15968723404.0,15.881277230744374
Bahrain,BHR,2007,21730000000.0,18504760638.0,17.42924118335738
Bahrain,BHR,2008,25710904255.0,21730000000.0,18.31985391164288
Bahrain,BHR,2009,22938218085.0,25710904255.0,-10.784086559152406
Bahrain,BHR,2010,25713271277.0,22938218085.0,12.09794580257606
Bahrain,BHR,2011,28776595745.0,25713271277.0,11.913398474273794
Bahrain,BHR,2012,30749308511.0,28776595745.0,6.8552680222529805
Bahrain,BHR,2013,32539468085.0,30749308511.0,5.821788068371037
Bahrain,BHR,2014,33387712766.0,32539468085.0,2.606817907361614
Bahrain,BHR,2015,31050638298.0,33387712766.0,-6.999804042821212
Bahrain,BHR,2016,32234973404.0,31050638298.0,3.8142053462272507
Bahrain,BHR,2017,35473776596.0,32234973404.0,10.047482128829998
Bahrain,BHR,2018,37802005319.0,35473776596.0,6.563238951170858
Bahrain,BHR,2019,38653318085.0,37802005319.0,2.252030702646657
Bahrain,BHR,2020,34621807713.0,38653318085.0,-10.429920564994099
Bahrain,BHR,2021,39303403989.0,34621807713.0,13.522102354702081
Bahrain,BHR,2022,44390820479.0,39303403989.0,12.943958979796854
Bangladesh,BGD,1960,4274893913.0,,
Bangladesh,BGD,1961,4817580184.0,4274893913.0,12.694730724186742
Bangladesh,BGD,1962,5081413340.0,4817580184.0,5.476466315521522
Bangladesh,BGD,1963,5319458351.0,5081413340.0,4.684622074062572
Bangladesh,BGD,1964,5386054619.0,5319458351.0,1.2519370132389573
Bangladesh,BGD,1965,5906636557.0,5386054619.0,9.665366856169278
Bangladesh,BGD,1966,6439687598.0,5906636557.0,9.02461216050745
Bangladesh,BGD,1967,7253575399.0,6439687598.0,12.638622427162026
Bangladesh,BGD,1968,7483685474.0,7253575399.0,3.1723675889785863
Bangladesh,BGD,1969,8471006101.0,7483685474.0,13.192973307472267
Bangladesh,BGD,1970,8992721809.0,8471006101.0,6.158839950999573
Bangladesh,BGD,1971,8751842840.0,8992721809.0,-2.6785991395722464
Bangladesh,BGD,1972,6288245867.0,8751842840.0,-28.14946541019011
Bangladesh,BGD,1973,8086725729.0,6288245867.0,28.6006606617947
Bangladesh,BGD,1974,12512460520.0,8086725729.0,54.72838994809442
Bangladesh,BGD,1975,19448348073.0,12512460520.0,55.43184365627874
Bangladesh,BGD,1976,10117113333.0,19448348073.0,-47.97957494885895
Bangladesh,BGD,1977,9651149302.0,10117113333.0,-4.605701405756902
Bangladesh,BGD,1978,13281767143.0,9651149302.0,37.61850249532075
Bangladesh,BGD,1979,15565480322.0,13281767143.0,17.194347366672535
Bangladesh,BGD,1980,18138049096.0,15565480322.0,16.52739729697883
Bangladesh,BGD,1981,20249694002.0,18138049096.0,11.642072941933336
Bangladesh,BGD,1982,18525399202.0,20249694002.0,-8.515164722141954
Bangladesh,BGD,1983,17609048822.0,18525399202.0,-4.946454162785708
Bangladesh,BGD,1984,18920840000.0,17609048822.0,7.449528882906509
Bangladesh,BGD,1985,22278423077.0,18920840000.0,17.74542291462746
Bangladesh,BGD,1986,21774033333.0,22278423077.0,-2.26402803401613
Bangladesh,BGD,1987,24298032258.0,21774033333.0,11.591784059477451
Bangladesh,BGD,1988,26579005760.0,24298032258.0,9.387482400962742
Bangladesh,BGD,1989,28781714764.0,26579005760.0,8.287401808366223
Bangladesh,BGD,1990,31598341233.0,28781714764.0,9.786166293757525
Bangladesh,BGD,1991,30957483950.0,31598341233.0,-2.028135838759526
Bangladesh,BGD,1992,31708874594.0,30957483950.0,2.427169614990632
Bangladesh,BGD,1993,33166519418.0,31708874594.0,4.596961710762892
Bangladesh,BGD,1994,33768660883.0,33166519418.0,1.8155099647664708
Bangladesh,BGD,1995,37939748769.0,33768660883.0,12.351949342770151
Bangladesh,BGD,1996,46438484108.0,37939748769.0,22.40061048043678
Bangladesh,BGD,1997,48244309133.0,46438484108.0,3.8886390451511543
Bangladesh,BGD,1998,49984559471.0,48244309133.0,3.60716190007504
Bangladesh,BGD,1999,51270569884.0,49984559471.0,2.5728153385969454
Bangladesh,BGD,2000,53369787319.0,51270569884.0,4.094390680168947
Bangladesh,BGD,2001,53991289844.0,53369787319.0,1.1645212698435214
Bangladesh,BGD,2002,54724081491.0,53991289844.0,1.3572404903037016
Bangladesh,BGD,2003,60158929188.0,54724081491.0,9.931363942387627
Bangladesh,BGD,2004,65108544250.0,60158929188.0,8.227565099325783
Bangladesh,BGD,2005,69442943089.0,65108544250.0,6.65718898944665
Bangladesh,BGD,2006,71819083684.0,69442943089.0,3.4217164326613814
Bangladesh,BGD,2007,79611888213.0,71819083684.0,10.850604225595406
Bangladesh,BGD,2008,91631278239.0,79611888213.0,15.097481413633052
Bangladesh,BGD,2009,102000000000.0,91631278239.0,11.315701319756212
Bangladesh,BGD,2010,115000000000.0,102000000000.0,12.745098039215685
Bangladesh,BGD,2011,129000000000.0,115000000000.0,12.173913043478258
Bangladesh,BGD,2012,133000000000.0,129000000000.0,3.100775193798455
Bangladesh,BGD,2013,150000000000.0,133000000000.0,12.781954887218049
Bangladesh,BGD,2014,173000000000.0,150000000000.0,15.333333333333332
Bangladesh,BGD,2015,195000000000.0,173000000000.0,12.71676300578035
Bangladesh,BGD,2016,265000000000.0,195000000000.0,35.897435897435905
Bangladesh,BGD,2017,294000000000.0,265000000000.0,10.943396226415093
Bangladesh,BGD,2018,321000000000.0,294000000000.0,9.183673469387754
Bangladesh,BGD,2019,351000000000.0,321000000000.0,9.345794392523366
Bangladesh,BGD,2020,374000000000.0,351000000000.0,6.552706552706544
Bangladesh,BGD,2021,416000000000.0,374000000000.0,11.229946524064172
Bangladesh,BGD,2022,460000000000.0,416000000000.0,10.576923076923084
Barbados,BRB,1974,311804643.3,,
Barbados,BRB,1975,402178605.0,311804643.3,28.984161603086676
Barbados,BRB,1976,435911268.6,402178605.0,8.387483366998104
Barbados,BRB,1977,495097667.9,435911268.6,13.577625439710861
Barbados,BRB,1978,552883707.1,495097667.9,11.671644393944458
Barbados,BRB,1979,670362452.1,552883707.1,21.248364437469604
Barbados,BRB,1980,1012280615.0,670362452.1,51.004969301143824
Barbados,BRB,1981,1114204743.0,1012280615.0,10.068762207799464
Barbados,BRB,1982,1163923830.0,1114204743.0,4.462293605583767
Barbados,BRB,1983,1236016507.0,1163923830.0,6.193934271454871
Barbados,BRB,1984,1346890071.0,1236016507.0,8.97023327537163
Barbados,BRB,1985,1409536121.0,1346890071.0,4.651162804510722
Barbados,BRB,1986,1547755183.0,1409536121.0,9.8059964509416
Barbados,BRB,1987,1704370308.0,1547755183.0,10.118856439326173
Barbados,BRB,1988,1812757918.0,1704370308.0,6.359393231109967
Barbados,BRB,1989,2006165167.0,1812757918.0,10.669226545891174
Barbados,BRB,1990,2012131457.0,2006165167.0,0.29739774661334817
Barbados,BRB,1991,2020583702.0,2012131457.0,0.42006425428098293
Barbados,BRB,1992,1957000000.0,2020583702.0,-3.146798716482968
Barbados,BRB,1993,2063342117.0,1957000000.0,5.433935462442507
Barbados,BRB,1994,2151344901.0,2063342117.0,4.265060228012585
Barbados,BRB,1995,2216974096.0,2151344901.0,3.0506124317627448
Barbados,BRB,1996,2363645403.0,2216974096.0,6.6158331423282535
Barbados,BRB,1997,2498384130.0,2363645403.0,5.7004628033031635
Barbados,BRB,1998,2817083478.0,2498384130.0,12.756218876558423
Barbados,BRB,1999,2951822205.0,2817083478.0,4.782915666228615
Barbados,BRB,2000,3059500000.0,2951822205.0,3.647841486442105
Barbados,BRB,2001,3054500000.0,3059500000.0,-0.16342539630658237
Barbados,BRB,2002,3106500000.0,3054500000.0,1.7024062858078226
Barbados,BRB,2003,3209500000.0,3106500000.0,3.3156285208433944
Barbados,BRB,2004,3444500000.0,3209500000.0,7.32201277457547
Barbados,BRB,2005,3819500000.0,3444500000.0,10.886921178690656
Barbados,BRB,2006,4217450800.0,3819500000.0,10.418923942924474
Barbados,BRB,2007,4674007450.0,4217450800.0,10.82541733504041
Barbados,BRB,2008,4784925100.0,4674007450.0,2.3730738811723606
Barbados,BRB,2009,4465657300.0,4784925100.0,-6.672367766007459
Barbados,BRB,2010,4529928300.0,4465657300.0,1.439228218430455
Barbados,BRB,2011,4657699450.0,4529928300.0,2.8205998315690817
Barbados,BRB,2012,4610096000.0,4657699450.0,-1.0220378216975745
Barbados,BRB,2013,4677248300.0,4610096000.0,1.4566356101912037
Barbados,BRB,2014,4696344350.0,4677248300.0,0.40827531007920914
Barbados,BRB,2015,4724691200.0,4696344350.0,0.6035939421690895
Barbados,BRB,2016,4832811750.0,4724691200.0,2.288415166688562
Barbados,BRB,2017,4981588900.0,4832811750.0,3.0784801415035368
Barbados,BRB,2018,5097283200.0,4981588900.0,2.3224377266458207
Barbados,BRB,2019,5324250000.0,5097283200.0,4.452701391988589
Barbados,BRB,2020,4671800000.0,5324250000.0,-12.254308118514345
Barbados,BRB,2021,4843800000.0,4671800000.0,3.681664454813993
Barbados,BRB,2022,5637914515.0,4843800000.0,16.39445301209794
Belarus,BLR,1990,21650000000.0,,
Belarus,BLR,1991,18000000000.0,21650000000.0,-16.85912240184757
Belarus,BLR,1992,17037037037.0,18000000000.0,-5.349794238888894
Belarus,BLR,1993,16280991736.0,17037037037.0,-4.437657201531387
Belarus,BLR,1994,14932024169.0,16280991736.0,-8.28553683260711
Belarus,BLR,1995,13972676841.0,14932024169.0,-6.424764098571956
Belarus,BLR,1996,14756846154.0,13972676841.0,5.612162378929519
Belarus,BLR,1997,14128408566.0,14756846154.0,-4.258617196667425
Belarus,BLR,1998,15222012660.0,14128408566.0,7.740461984032354
Belarus,BLR,1999,12138486532.0,15222012660.0,-20.25701986244439
Belarus,BLR,2000,12736856828.0,12138486532.0,4.929529677547118
Belarus,BLR,2001,12354820144.0,12736856828.0,-2.9994581014693655
Belarus,BLR,2002,14594928109.0,12354820144.0,18.131449417237256
Belarus,BLR,2003,17825437483.0,14594928109.0,22.134465821780225
Belarus,BLR,2004,23141593074.0,17825437483.0,29.82342282521808
Belarus,BLR,2005,30210091837.0,23141593074.0,30.544564241524007
Belarus,BLR,2006,36961822468.0,30210091837.0,22.349255564760572
Belarus,BLR,2007,45275747157.0,36961822468.0,22.49327585564227
Belarus,BLR,2008,60752177439.0,45275747157.0,34.18260603924064
Belarus,BLR,2009,50873181572.0,60752177439.0,-16.26113874999673
Belarus,BLR,2010,57231904543.0,50873181572.0,12.499165128881518
Belarus,BLR,2011,61762340943.0,57231904543.0,7.915928075739909
Belarus,BLR,2012,65685903570.0,61762340943.0,6.352677970255405
Belarus,BLR,2013,75527537703.0,65685903570.0,14.982870902448632
Belarus,BLR,2014,78812785768.0,75527537703.0,4.349735427518797
Belarus,BLR,2015,56454895055.0,78812785768.0,-28.36835482356198
Belarus,BLR,2016,47723549319.0,56454895055.0,-15.466056092201875
Belarus,BLR,2017,54725311690.0,47723549319.0,14.671503840164736
Belarus,BLR,2018,60031163987.0,54725311690.0,9.695426363317615
Belarus,BLR,2019,64410112583.0,60031163987.0,7.294458919617619
Belarus,BLR,2020,61371755326.0,64410112583.0,-4.71720531940496
Belarus,BLR,2021,69673747132.0,61371755326.0,13.527382037389568
Belarus,BLR,2022,72793457588.0,69673747132.0,4.477598212264322
Belgium,BEL,1960,11658722591.0,,
Belgium,BEL,1961,12400145222.0,11658722591.0,6.359381357717053
Belgium,BEL,1962,13264015675.0,12400145222.0,6.9666156124312595
Belgium,BEL,1963,14260017387.0,13264015675.0,7.509051077776263
Belgium,BEL,1964,15960106681.0,14260017387.0,11.922070274261154
Belgium,BEL,1965,17371457608.0,15960106681.0,8.842991812079614
Belgium,BEL,1966,18651883472.0,17371457608.0,7.370860251878519
Belgium,BEL,1967,19992040788.0,18651883472.0,7.185104485623817
Belgium,BEL,1968,21376353113.0,19992040788.0,6.924317230439625
Belgium,BEL,1969,23710735895.0,21376353113.0,10.920397738846987
Belgium,BEL,1970,26706196047.0,23710735895.0,12.633349573227148
Belgium,BEL,1971,29821661870.0,26706196047.0,11.665704159128909
Belgium,BEL,1972,37209418019.0,29821661870.0,24.773120227856715
Belgium,BEL,1973,47743801490.0,37209418019.0,28.31106755182491
Belgium,BEL,1974,56033077879.0,47743801490.0,17.361994919353464
Belgium,BEL,1975,65678189097.0,56033077879.0,17.21324543125764
Belgium,BEL,1976,71113882968.0,65678189097.0,8.276254180778398
Belgium,BEL,1977,82839905459.0,71113882968.0,16.489076396343737
Belgium,BEL,1978,101000000000.0,82839905459.0,21.921916062528556
Belgium,BEL,1979,116000000000.0,101000000000.0,14.851485148514843
Belgium,BEL,1980,127000000000.0,116000000000.0,9.482758620689658
Belgium,BEL,1981,105000000000.0,127000000000.0,-17.322834645669293
Belgium,BEL,1982,92095926188.0,105000000000.0,-12.289594106666668
Belgium,BEL,1983,87184239053.0,92095926188.0,-5.333229533924799
Belgium,BEL,1984,83349530159.0,87184239053.0,-4.398396930056192
Belgium,BEL,1985,86268264148.0,83349530159.0,3.501800170237468
Belgium,BEL,1986,120000000000.0,86268264148.0,39.10097900443499
Belgium,BEL,1987,149000000000.0,120000000000.0,24.16666666666667
Belgium,BEL,1988,162000000000.0,149000000000.0,8.7248322147651
Belgium,BEL,1989,164000000000.0,162000000000.0,1.2345679012345734
Belgium,BEL,1990,205000000000.0,164000000000.0,25.0
Belgium,BEL,1991,211000000000.0,205000000000.0,2.9268292682926855
Belgium,BEL,1992,235000000000.0,211000000000.0,11.374407582938396
Belgium,BEL,1993,225000000000.0,235000000000.0,-4.255319148936165
Belgium,BEL,1994,245000000000.0,225000000000.0,8.888888888888879
Belgium,BEL,1995,288000000000.0,245000000000.0,17.551020408163275
Belgium,BEL,1996,279000000000.0,288000000000.0,-3.125
Belgium,BEL,1997,253000000000.0,279000000000.0,-9.31899641577061
Belgium,BEL,1998,259000000000.0,253000000000.0,2.371541501976293
Belgium,BEL,1999,258000000000.0,259000000000.0,-0.38610038610038533
Belgium,BEL,2000,237000000000.0,258000000000.0,-8.139534883720934
Belgium,BEL,2001,237000000000.0,237000000000.0,0.0
Belgium,BEL,2002,258000000000.0,237000000000.0,8.860759493670889
Belgium,BEL,2003,318000000000.0,258000000000.0,23.25581395348837
Belgium,BEL,2004,369000000000.0,318000000000.0,16.03773584905661
Belgium,BEL,2005,386000000000.0,369000000000.0,4.607046070460696
Belgium,BEL,2006,408000000000.0,386000000000.0,5.699481865284972
Belgium,BEL,2007,471000000000.0,408000000000.0,15.441176470588225
Belgium,BEL,2008,517000000000.0,471000000000.0,9.766454352441611
Belgium,BEL,2009,483000000000.0,517000000000.0,-6.576402321083174
Belgium,BEL,2010,481000000000.0,483000000000.0,-0.41407867494823725
Belgium,BEL,2011,523000000000.0,481000000000.0,8.731808731808721
Belgium,BEL,2012,496000000000.0,523000000000.0,-5.162523900573612
Belgium,BEL,2013,522000000000.0,496000000000.0,5.241935483870974
Belgium,BEL,2014,535000000000.0,522000000000.0,2.490421455938696
Belgium,BEL,2015,462000000000.0,535000000000.0,-13.644859813084109
Belgium,BEL,2016,476000000000.0,462000000000.0,3.0303030303030276
Belgium,BEL,2017,503000000000.0,476000000000.0,5.672268907563027
Belgium,BEL,2018,543000000000.0,503000000000.0,7.9522862823061535
Belgium,BEL,2019,536000000000.0,543000000000.0,-1.2891344383057057
Belgium,BEL,2020,525000000000.0,536000000000.0,-2.0522388059701524
Belgium,BEL,2021,594000000000.0,525000000000.0,13.142857142857146
Belgium,BEL,2022,579000000000.0,594000000000.0,-2.5252525252525304
Belize,BLZ,1960,28072478.06,,
Belize,BLZ,1961,29964999.96,28072478.06,6.7415562529074435
Belize,BLZ,1962,31857591.85,29964999.96,6.316008318125821
Belize,BLZ,1963,33750113.74,31857591.85,5.940567946600783
Belize,BLZ,1964,36194586.18,33750113.74,7.242856894739447
Belize,BLZ,1965,40110040.1,36194586.18,10.81778888292293
Belize,BLZ,1966,44450044.44,40110040.1,10.820244330795358
Belize,BLZ,1967,47431266.65,44450044.44,6.706904903152888
Belize,BLZ,1968,44999909.98,47431266.65,-5.126063126125691
Belize,BLZ,1969,47399905.18,44999909.98,5.333333335703716
Belize,BLZ,1970,53339893.3,47399905.18,12.531645574907868
Belize,BLZ,1971,59074682.95,53339893.3,10.751408177263833
Belize,BLZ,1972,65998075.73,59074682.95,11.719729051884809
Belize,BLZ,1973,78214778.31,65998075.73,18.5106951147771
Belize,BLZ,1974,103160463.5,78214778.31,31.89382585875158
Belize,BLZ,1975,118194045.6,103160463.5,14.573007516586035
Belize,BLZ,1976,97094221.49,118194045.6,-17.85185032197595
Belize,BLZ,1977,117650000.0,97094221.49,21.170959707542547
Belize,BLZ,1978,136300000.0,117650000.0,15.852103697407571
Belize,BLZ,1979,151800000.0,136300000.0,11.371973587674255
Belize,BLZ,1980,197938222.4,151800000.0,30.3940859025033
Belize,BLZ,1981,196089854.7,197938222.4,-0.9338103967937883
Belize,BLZ,1982,182206327.0,196089854.7,-7.080186642618791
Belize,BLZ,1983,192103186.0,182206327.0,5.431676914270933
Belize,BLZ,1984,214381949.0,192103186.0,11.597289698256219
Belize,BLZ,1985,212643742.7,214381949.0,-0.8107988140363509
Belize,BLZ,1986,231638320.5,212643742.7,8.93258252456446
Belize,BLZ,1987,281082558.6,231638320.5,21.345448366778342
Belize,BLZ,1988,320093360.3,281082558.6,13.878769957945014
Belize,BLZ,1989,369133890.7,320093360.3,15.320695922601413
Belize,BLZ,1990,549500000.0,369133890.7,48.86197497552072
Belize,BLZ,1991,599000000.0,549500000.0,9.008189262966336
Belize,BLZ,1992,693500000.0,599000000.0,15.7762938230384
Belize,BLZ,1993,751000000.0,693500000.0,8.291276135544345
Belize,BLZ,1994,771500000.0,751000000.0,2.7296937416777523
Belize,BLZ,1995,818500000.0,771500000.0,6.092028515878156
Belize,BLZ,1996,851500000.0,818500000.0,4.031765424557121
Belize,BLZ,1997,868000000.0,851500000.0,1.9377568995889716
Belize,BLZ,1998,914000000.0,868000000.0,5.299539170506917
Belize,BLZ,1999,975000000.0,914000000.0,6.673960612691476
Belize,BLZ,2000,1116000000.0,975000000.0,14.46153846153846
Belize,BLZ,2001,1163000000.0,1116000000.0,4.211469534050183
Belize,BLZ,2002,1233000000.0,1163000000.0,6.018916595012902
Belize,BLZ,2003,1298000000.0,1233000000.0,5.27169505271694
Belize,BLZ,2004,1389500000.0,1298000000.0,7.049306625577811
Belize,BLZ,2005,1461500000.0,1389500000.0,5.181720043181004
Belize,BLZ,2006,1581000000.0,1461500000.0,8.176530961341077
Belize,BLZ,2007,1696000000.0,1581000000.0,7.273877292852626
Belize,BLZ,2008,1729000000.0,1696000000.0,1.9457547169811296
Belize,BLZ,2009,1680500000.0,1729000000.0,-2.805089647194914
Belize,BLZ,2010,1738500000.0,1680500000.0,3.4513537637607783
Belize,BLZ,2011,1819500000.0,1738500000.0,4.659188955996552
Belize,BLZ,2012,1903000000.0,1819500000.0,4.589172849683987
Belize,BLZ,2013,2029500000.0,1903000000.0,6.647398843930641
Belize,BLZ,2014,2138000000.0,2029500000.0,5.346144370534622
Belize,BLZ,2015,2210500000.0,2138000000.0,3.391019644527593
Belize,BLZ,2016,2258500000.0,2210500000.0,2.1714544220764465
Belize,BLZ,2017,2286000000.0,2258500000.0,1.2176223156962651
Belize,BLZ,2018,2315000000.0,2286000000.0,1.2685914260717412
Belize,BLZ,2019,2416500000.0,2315000000.0,4.384449244060473
Belize,BLZ,2020,2080000000.0,2416500000.0,-13.92509828264018
Belize,BLZ,2021,2491500000.0,2080000000.0,19.783653846153836
Belize,BLZ,2022,2824081836.0,2491500000.0,13.348658880192655
Benin,BEN,1960,226195578.1,,
Benin,BEN,1961,235668220.9,226195578.1,4.187810778428314
Benin,BEN,1962,236434954.3,235668220.9,0.3253444172794717
Benin,BEN,1963,253927697.6,236434954.3,7.398543650954559
Benin,BEN,1964,269819005.8,253927697.6,6.258201980405009
Benin,BEN,1965,289908680.2,269819005.8,7.445611305413813
Benin,BEN,1966,302925235.7,289908680.2,4.489881258822681
Benin,BEN,1967,306221953.4,302925235.7,1.0882941767403231
Benin,BEN,1968,326323105.6,306221953.4,6.564242692862421
Benin,BEN,1969,330748244.1,326323105.6,1.3560604272454535
Benin,BEN,1970,333627713.5,330748244.1,0.8705924978786639
Benin,BEN,1971,335073027.9,333627713.5,0.43321173317334427
Benin,BEN,1972,410331856.2,335073027.9,22.46042564860233
Benin,BEN,1973,504376074.1,410331856.2,22.919063309128475
Benin,BEN,1974,554654861.5,504376074.1,9.968511589237572
Benin,BEN,1975,676870139.3,554654861.5,22.03447337854081
Benin,BEN,1976,698408261.1,676870139.3,3.1820168374208757
Benin,BEN,1977,750049780.2,698408261.1,7.3941735767363514
Benin,BEN,1978,928843468.5,750049780.2,23.837576254248717
Benin,BEN,1979,1186231018.0,928843468.5,27.71054092845786
Benin,BEN,1980,1405251844.0,1186231018.0,18.46358952653859
Benin,BEN,1981,1291120191.0,1405251844.0,-8.121793505364005
Benin,BEN,1982,1267778672.0,1291120191.0,-1.8078502034672317
Benin,BEN,1983,1095348199.0,1267778672.0,-13.600991782578276
Benin,BEN,1984,1051134009.0,1095348199.0,-4.036541990972864
Benin,BEN,1985,1045712790.0,1051134009.0,-0.5157495574857784
Benin,BEN,1986,1336102027.0,1045712790.0,27.769502274137814
Benin,BEN,1987,1562412226.0,1336102027.0,16.938092632651912
Benin,BEN,1988,1620246085.0,1562412226.0,3.7015749133033182
Benin,BEN,1989,1502294414.0,1620246085.0,-7.279861503260476
Benin,BEN,1990,1959965330.0,1502294414.0,30.464795164977552
Benin,BEN,1991,1986437798.0,1959965330.0,1.3506600139707503
Benin,BEN,1992,1695315306.0,1986437798.0,-14.655505060017992
Benin,BEN,1993,2274558079.0,1695315306.0,34.16725909038658
Benin,BEN,1994,1598075945.0,2274558079.0,-29.741255685913835
Benin,BEN,1995,2169627138.0,1598075945.0,35.764958154100746
Benin,BEN,1996,2361116448.0,2169627138.0,8.82590868477604
Benin,BEN,1997,2268301645.0,2361116448.0,-3.9309710064753256
Benin,BEN,1998,2455092688.0,2268301645.0,8.23484140267421
Benin,BEN,1999,3677393997.0,2455092688.0,49.78636101905085
Benin,BEN,2000,3519991440.0,3677393997.0,-4.280274485910629
Benin,BEN,2001,3666222634.0,3519991440.0,4.154305386606283
Benin,BEN,2002,4194342689.0,3666222634.0,14.40501867241486
Benin,BEN,2003,5349258093.0,4194342689.0,27.535074972029783
Benin,BEN,2004,6190270377.0,5349258093.0,15.722036016556062
Benin,BEN,2005,6567654959.0,6190270377.0,6.096415164710334
Benin,BEN,2006,7034111316.0,6567654959.0,7.102327389486107
Benin,BEN,2007,8169048375.0,7034111316.0,16.134761137749386
Benin,BEN,2008,9787734517.0,8169048375.0,19.814867873150522
Benin,BEN,2009,9738626510.0,9787734517.0,-0.5017300675115965
Benin,BEN,2010,9535345011.0,9738626510.0,-2.087373396969916
Benin,BEN,2011,10693321370.0,9535345011.0,12.144042587490599
Benin,BEN,2012,11141358106.0,10693321370.0,4.189874413173089
Benin,BEN,2013,12517845128.0,11141358106.0,12.354750730601815
Benin,BEN,2014,13284527850.0,12517845128.0,6.1247180657721945
Benin,BEN,2015,11388160997.0,13284527850.0,-14.27500378193719
Benin,BEN,2016,11821065852.0,11388160997.0,3.80135875418377
Benin,BEN,2017,12701655846.0,11821065852.0,7.449328216465467
Benin,BEN,2018,14262408080.0,12701655846.0,12.287785568458087
Benin,BEN,2019,14391686309.0,14262408080.0,0.9064263781744186
Benin,BEN,2020,15651545209.0,14391686309.0,8.754074213055452
Benin,BEN,2021,17690083520.0,15651545209.0,13.024517923174717
Benin,BEN,2022,17401746309.0,17690083520.0,-1.629936968211665
Bermuda,BMU,1960,84466654.08,,
Bermuda,BMU,1961,89249986.7,84466654.08,5.662983424760282
Bermuda,BMU,1962,94149985.97,89249986.7,5.490196078651066
Bermuda,BMU,1963,96366652.3,94149985.97,2.354399001935392
Bermuda,BMU,1964,107566650.6,96366652.3,11.622275997648202
Bermuda,BMU,1965,114339049.0,107566650.6,6.296001932033768
Bermuda,BMU,1966,134173373.8,114339049.0,17.34693875230675
Bermuda,BMU,1967,155102984.6,134173373.8,15.598930106056553
Bermuda,BMU,1968,150000000.0,155102984.6,-3.290062156547302
Bermuda,BMU,1969,164900000.0,150000000.0,9.933333333333326
Bermuda,BMU,1970,186300000.0,164900000.0,12.97756215888417
Bermuda,BMU,1971,211100000.0,186300000.0,13.311862587224898
Bermuda,BMU,1972,235400000.0,211100000.0,11.511132164850778
Bermuda,BMU,1973,269500000.0,235400000.0,14.485981308411212
Bermuda,BMU,1974,312600000.0,269500000.0,15.992578849721717
Bermuda,BMU,1975,345000000.0,312600000.0,10.364683301343568
Bermuda,BMU,1976,386300000.0,345000000.0,11.971014492753618
Bermuda,BMU,1977,447000000.0,386300000.0,15.713176287859177
Bermuda,BMU,1978,475800000.0,447000000.0,6.442953020134223
Bermuda,BMU,1979,517200000.0,475800000.0,8.701134930643128
Bermuda,BMU,1980,613299968.0,517200000.0,18.58081361175561
Bermuda,BMU,1981,739100032.0,613299968.0,20.511995852574373
Bermuda,BMU,1982,785500032.0,739100032.0,6.277905289009644
Bermuda,BMU,1983,889400000.0,785500032.0,13.227239181067274
Bermuda,BMU,1984,985699968.0,889400000.0,10.82752057566898
Bermuda,BMU,1985,1039500032.0,985699968.0,5.458056786707743
Bermuda,BMU,1986,1173500032.0,1039500032.0,12.890812493981718
Bermuda,BMU,1987,1296499968.0,1173500032.0,10.481459961306584
Bermuda,BMU,1988,1415100032.0,1296499968.0,9.147710522735618
Bermuda,BMU,1989,1501500032.0,1415100032.0,6.105575439630839
Bermuda,BMU,1990,1592400000.0,1501500032.0,6.05394379372215
Bermuda,BMU,1991,1634900000.0,1592400000.0,2.6689274051745704
Bermuda,BMU,1992,1679900000.0,1634900000.0,2.7524619242767168
Bermuda,BMU,1993,1820359900.0,1679900000.0,8.3612060241681
Bermuda,BMU,1994,1867160100.0,1820359900.0,2.5709311658645095
Bermuda,BMU,1995,2030750000.0,1867160100.0,8.76142865306515
Bermuda,BMU,1996,2695390000.0,2030750000.0,32.72879478025361
Bermuda,BMU,1997,2932827000.0,2695390000.0,8.809003520826298
Bermuda,BMU,1998,3130748000.0,2932827000.0,6.748471696421232
Bermuda,BMU,1999,3324433000.0,3130748000.0,6.18654072445306
Bermuda,BMU,2000,3480219000.0,3324433000.0,4.686092335144076
Bermuda,BMU,2001,3680483000.0,3480219000.0,5.754350516447393
Bermuda,BMU,2002,3937228000.0,3680483000.0,6.975850723940313
Bermuda,BMU,2003,4186525000.0,3937228000.0,6.331789776969998
Bermuda,BMU,2004,4484703000.0,4186525000.0,7.122326989567718
Bermuda,BMU,2005,4868136000.0,4484703000.0,8.549796943075162
Bermuda,BMU,2006,6144000000.0,4868136000.0,26.208470757595936
Bermuda,BMU,2007,6767000000.0,6144000000.0,10.139973958333325
Bermuda,BMU,2008,6980000000.0,6767000000.0,3.147628195655394
Bermuda,BMU,2009,6656000000.0,6980000000.0,-4.641833810888252
Bermuda,BMU,2010,6634526000.0,6656000000.0,-0.3226262019230819
Bermuda,BMU,2011,6312691000.0,6634526000.0,-4.850911730544127
Bermuda,BMU,2012,6378188000.0,6312691000.0,1.0375448441876767
Bermuda,BMU,2013,6465756000.0,6378188000.0,1.3729291140367694
Bermuda,BMU,2014,6413988000.0,6465756000.0,-0.800648833639872
Bermuda,BMU,2015,6654541000.0,6413988000.0,3.750443561790262
Bermuda,BMU,2016,6899911000.0,6654541000.0,3.6872565666061785
Bermuda,BMU,2017,7142316000.0,6899911000.0,3.5131612567176562
Bermuda,BMU,2018,7225977000.0,7142316000.0,1.1713427409260513
Bermuda,BMU,2019,7423465000.0,7225977000.0,2.733028350353184
Bermuda,BMU,2020,6887147000.0,7423465000.0,-7.224631624180889
Bermuda,BMU,2021,7127200000.0,6887147000.0,3.485521653596191
Bermuda,BMU,2022,7550500000.0,7127200000.0,5.939218767538446
Bhutan,BTN,1980,128669205.8,,
Bhutan,BTN,1981,139174181.0,128669205.8,8.164327380965307
Bhutan,BTN,1982,141439318.4,139174181.0,1.6275557605041735
Bhutan,BTN,1983,156704286.1,141439318.4,10.792591390202855
Bhutan,BTN,1984,160423489.3,156704286.1,2.3733895814608497
Bhutan,BTN,1985,163288815.3,160423489.3,1.7861012826131173
Bhutan,BTN,1986,191218110.4,163288815.3,17.10423034712285
Bhutan,BTN,1987,242742766.4,191218110.4,26.945489573251223
Bhutan,BTN,1988,272298060.0,242742766.4,12.1755610015986
Bhutan,BTN,1989,264798626.2,272298060.0,-2.7541267829818583
Bhutan,BTN,1990,287765007.1,264798626.2,8.673149566362826
Bhutan,BTN,1991,240294282.5,287765007.1,-16.496350643323243
Bhutan,BTN,1992,240233528.1,240294282.5,-0.025283331491665617
Bhutan,BTN,1993,225973695.3,240233528.1,-5.935821245594064
Bhutan,BTN,1994,258954703.9,225973695.3,14.595065392994
Bhutan,BTN,1995,290490986.8,258954703.9,12.178300847617862
Bhutan,BTN,1996,303408342.8,290490986.8,4.446732114581398
Bhutan,BTN,1997,352229078.3,303408342.8,16.090768978024283
Bhutan,BTN,1998,363458380.9,352229078.3,3.1880680193120625
Bhutan,BTN,1999,399311196.4,363458380.9,9.86435239468706
Bhutan,BTN,2000,424448931.0,399311196.4,6.2952741687761105
Bhutan,BTN,2001,461479580.2,424448931.0,8.724406281989205
Bhutan,BTN,2002,520846131.7,461479580.2,12.864394015932668
Bhutan,BTN,2003,603999372.4,520846131.7,15.965029907891326
Bhutan,BTN,2004,682577073.5,603999372.4,13.009566680139152
Bhutan,BTN,2005,796938572.0,682577073.5,16.754371475384744
Bhutan,BTN,2006,874989734.7,796938572.0,9.793874389104108
Bhutan,BTN,2007,1168307575.0,874989734.7,33.52243216894051
Bhutan,BTN,2008,1227809261.0,1168307575.0,5.092981272504371
Bhutan,BTN,2009,1234015142.0,1227809261.0,0.5054434102366612
Bhutan,BTN,2010,1547990907.0,1234015142.0,25.443428878119878
Bhutan,BTN,2011,1777102586.0,1547990907.0,14.800582998514988
Bhutan,BTN,2012,1781280170.0,1777102586.0,0.23507838168213002
Bhutan,BTN,2013,1756214304.0,1781280170.0,-1.4071826780623686
Bhutan,BTN,2014,1907090362.0,1756214304.0,8.590982185736706
Bhutan,BTN,2015,2003596824.0,1907090362.0,5.060403215440301
Bhutan,BTN,2016,2158971718.0,2003596824.0,7.754798377540251
Bhutan,BTN,2017,2450366108.0,2158971718.0,13.496906308246515
Bhutan,BTN,2018,2446867582.0,2450366108.0,-0.1427756443650563
Bhutan,BTN,2019,2535655609.0,2446867582.0,3.628640456604826
Bhutan,BTN,2020,2325185521.0,2535655609.0,-8.300420895209982
Bhutan,BTN,2021,2539551327.0,2325185521.0,9.219299022118754
Bolivia,BOL,1960,377020202.0,,
Bolivia,BOL,1961,410101010.1,377020202.0,8.774279978768895
Bolivia,BOL,1962,448400673.4,410101010.1,9.339080459875216
Bolivia,BOL,1963,482828282.8,448400673.4,7.677867461472032
Bolivia,BOL,1964,544023569.0,482828282.8,12.674337519152479
Bolivia,BOL,1965,604377104.4,544023569.0,11.0939192415761
Bolivia,BOL,1966,669191919.2,604377104.4,10.72423398042941
Bolivia,BOL,1967,755808080.8,669191919.2,12.943396223843685
Bolivia,BOL,1968,857912457.9,755808080.8,13.509299476121717
Bolivia,BOL,1969,929629629.6,857912457.9,8.359497643331748
Bolivia,BOL,1970,1017003367.0,929629629.6,9.398768565239802
Bolivia,BOL,1971,1095622896.0,1017003367.0,7.730508231444233
Bolivia,BOL,1972,1257615645.0,1095622896.0,14.785447583417422
Bolivia,BOL,1973,1262968516.0,1257615645.0,0.4256364829176462
Bolivia,BOL,1974,2100249875.0,1262968516.0,66.29471347803575
Bolivia,BOL,1975,2404697651.0,2100249875.0,14.495788316616377
Bolivia,BOL,1976,2731984008.0,2404697651.0,13.610291375462413
Bolivia,BOL,1977,3227436282.0,2731984008.0,18.13525527781932
Bolivia,BOL,1978,3758220890.0,3227436282.0,16.446013542088565
Bolivia,BOL,1979,4421336383.0,3758220890.0,17.644399102895726
Bolivia,BOL,1980,4537487803.0,4421336383.0,2.627065890001079
Bolivia,BOL,1981,5891606685.0,4537487803.0,29.842920593741585
Bolivia,BOL,1982,5594121317.0,5891606685.0,-5.049308005529229
Bolivia,BOL,1983,5422656266.0,5594121317.0,-3.065093538084951
Bolivia,BOL,1984,6169483189.0,5422656266.0,13.772344887183753
Bolivia,BOL,1985,5377276555.0,6169483189.0,-12.840729275549045
Bolivia,BOL,1986,3959382833.0,5377276555.0,-26.368249940233923
Bolivia,BOL,1987,4347956338.0,3959382833.0,9.813991760568918
Bolivia,BOL,1988,4597612362.0,4347956338.0,5.741916537157277
Bolivia,BOL,1989,4715972853.0,4597612362.0,2.5743903939851043
Bolivia,BOL,1990,4867582598.0,4715972853.0,3.2148137770461327
Bolivia,BOL,1991,5343261960.0,4867582598.0,9.77239425162395
Bolivia,BOL,1992,5643869231.0,5343261960.0,5.625913033094121
Bolivia,BOL,1993,5734699041.0,5643869231.0,1.6093535530748992
Bolivia,BOL,1994,5981223290.0,5734699041.0,4.2988175532401085
Bolivia,BOL,1995,6715162199.0,5981223290.0,12.270715761892248
Bolivia,BOL,1996,7396948398.0,6715162199.0,10.152937171071308
Bolivia,BOL,1997,7925736319.0,7396948398.0,7.148730700121875
Bolivia,BOL,1998,8497494138.0,7925736319.0,7.213939449756257
Bolivia,BOL,1999,8285063959.0,8497494138.0,-2.4999155698152475
Bolivia,BOL,2000,8397855937.0,8285063959.0,1.3613893454313741
Bolivia,BOL,2001,8141517339.0,8397855937.0,-3.0524290952718247
Bolivia,BOL,2002,7905485146.0,8141517339.0,-2.8991179797572153
Bolivia,BOL,2003,8082399991.0,7905485146.0,2.2378746115222947
Bolivia,BOL,2004,8773451752.0,8082399991.0,8.550081185904034
Bolivia,BOL,2005,9549122313.0,8773451752.0,8.84111046513909
Bolivia,BOL,2006,11451845379.0,9549122313.0,19.92563299152288
Bolivia,BOL,2007,13120107739.0,11451845379.0,14.567629100714207
Bolivia,BOL,2008,16674276979.0,13120107739.0,27.089482119381557
Bolivia,BOL,2009,17339992194.0,16674276979.0,3.9924682541762957
Bolivia,BOL,2010,19649724656.0,17339992194.0,13.320262409340744
Bolivia,BOL,2011,23963162969.0,19649724656.0,21.951647610913994
Bolivia,BOL,2012,27084497482.0,23963162969.0,13.025553083446972
Bolivia,BOL,2013,30659338886.0,27084497482.0,13.198847076176289
Bolivia,BOL,2014,32996188017.0,30659338886.0,7.621981477451478
Bolivia,BOL,2015,33000198249.0,32996188017.0,0.012153622103050488
Bolivia,BOL,2016,33941126194.0,33000198249.0,2.8512796738380697
Bolivia,BOL,2017,37508642171.0,33941126194.0,10.510894531338955
Bolivia,BOL,2018,40287647931.0,37508642171.0,7.408974569995497
Bolivia,BOL,2019,40895322851.0,40287647931.0,1.5083405242240833
Bolivia,BOL,2020,36629843806.0,40895322851.0,-10.430236877065513
Bolivia,BOL,2021,40408208524.0,36629843806.0,10.314989979239563
Bolivia,BOL,2022,43068885673.0,40408208524.0,6.5844966807170335
Bosnia and Herzegovina,BIH,1994,1255802469.0,,
Bosnia and Herzegovina,BIH,1995,1866572954.0,1255802469.0,48.635872287013314
Bosnia and Herzegovina,BIH,1996,2786045322.0,1866572954.0,49.25992129209862
Bosnia and Herzegovina,BIH,1997,3671910026.0,2786045322.0,31.796492935874788
Bosnia and Herzegovina,BIH,1998,4116775275.0,3671910026.0,12.115363553300739
Bosnia and Herzegovina,BIH,1999,4686255381.0,4116775275.0,13.83315988750442
Bosnia and Herzegovina,BIH,2000,5567774049.0,4686255381.0,18.81072618393862
Bosnia and Herzegovina,BIH,2001,5800616572.0,5567774049.0,4.181967891491922
Bosnia and Herzegovina,BIH,2002,6728219507.0,5800616572.0,15.991454071927569
Bosnia and Herzegovina,BIH,2003,8498893358.0,6728219507.0,26.317123707955737
Bosnia and Herzegovina,BIH,2004,10156541358.0,8498893358.0,19.504280500703743
Bosnia and Herzegovina,BIH,2005,11222796197.0,10156541358.0,10.498208016059941
Bosnia and Herzegovina,BIH,2006,12864842269.0,11222796197.0,14.63134537218933
Bosnia and Herzegovina,BIH,2007,15778737117.0,12864842269.0,22.650062760750032
Bosnia and Herzegovina,BIH,2008,19112801197.0,15778737117.0,21.130107278407472
Bosnia and Herzegovina,BIH,2009,17613946109.0,19112801197.0,-7.8421528720513445
Bosnia and Herzegovina,BIH,2010,17176320823.0,17613946109.0,-2.4845385769426853
Bosnia and Herzegovina,BIH,2011,18644239028.0,17176320823.0,8.546173654572065
Bosnia and Herzegovina,BIH,2012,17226736285.0,18644239028.0,-7.602899431138965
Bosnia and Herzegovina,BIH,2013,18179104549.0,17226736285.0,5.528431202776729
Bosnia and Herzegovina,BIH,2014,18558731213.0,18179104549.0,2.0882583241476738
Bosnia and Herzegovina,BIH,2015,16404352156.0,18558731213.0,-11.608439350050514
Bosnia and Herzegovina,BIH,2016,17116926092.0,16404352156.0,4.343810284146898
Bosnia and Herzegovina,BIH,2017,18326376394.0,17116926092.0,7.065814828547201
Bosnia and Herzegovina,BIH,2018,20484048416.0,18326376394.0,11.773587836526245
Bosnia and Herzegovina,BIH,2019,20482603346.0,20484048416.0,-0.007054611328061178
Bosnia and Herzegovina,BIH,2020,20226030731.0,20482603346.0,-1.2526367408765227
Bosnia and Herzegovina,BIH,2021,23649566069.0,20226030731.0,16.92638255885186
Bosnia and Herzegovina,BIH,2022,24527507288.0,23649566069.0,3.7122931407642668
Botswana,BWA,1960,30411418.68,,
Botswana,BWA,1961,32902592.84,30411418.68,8.191574967985016
Botswana,BWA,1962,35644931.94,32902592.84,8.334720346616908
Botswana,BWA,1963,38091832.99,35644931.94,6.864653449524871
Botswana,BWA,1964,41616368.32,38091832.99,9.25273228758845
Botswana,BWA,1965,45788670.69,41616368.32,10.025628228580619
Botswana,BWA,1966,51465624.41,45788670.69,12.398162328044648
Botswana,BWA,1967,58642385.24,51465624.41,13.944765874841947
Botswana,BWA,1968,66248426.99,58642385.24,12.970212106604272
Botswana,BWA,1969,77361532.99,66248426.99,16.774897918221487
Botswana,BWA,1970,96243298.14,77361532.99,24.407175530558224
Botswana,BWA,1971,127448656.1,96243298.14,32.423408759960836
Botswana,BWA,1972,164460827.5,127448656.1,29.04084870927093
Botswana,BWA,1973,244124115.7,164460827.5,48.43906564923493
Botswana,BWA,1974,306044205.9,244124115.7,25.364184125132706
Botswana,BWA,1975,355168715.4,306044205.9,16.051442423337846
Botswana,BWA,1976,372025093.4,355168715.4,4.746019924929468
Botswana,BWA,1977,451624959.6,372025093.4,21.396370194419802
Botswana,BWA,1978,590407375.2,451624959.6,30.72957166116734
Botswana,BWA,1979,819870595.1,590407375.2,38.86523602830494
Botswana,BWA,1980,1060889705.0,819870595.1,29.3972135774186
Botswana,BWA,1981,1073812404.0,1060889705.0,1.2181001417107762
Botswana,BWA,1982,1014945861.0,1073812404.0,-5.4820136907265615
Botswana,BWA,1983,1172230576.0,1014945861.0,15.496857620073579
Botswana,BWA,1984,1240821849.0,1172230576.0,5.851346518707423
Botswana,BWA,1985,1114783538.0,1240821849.0,-10.157647618920995
Botswana,BWA,1986,1392602040.0,1114783538.0,24.921295707185088
Botswana,BWA,1987,1965227085.0,1392602040.0,41.119072682099464
Botswana,BWA,1988,2644554882.0,1965227085.0,34.56739438333154
Botswana,BWA,1989,3083822367.0,2644554882.0,16.610261635704624
Botswana,BWA,1990,3790636664.0,3083822367.0,22.92007167999115
Botswana,BWA,1991,3942877354.0,3790636664.0,4.016230082029293
Botswana,BWA,1992,4146464587.0,3942877354.0,5.163417847462681
Botswana,BWA,1993,4160129175.0,4146464587.0,0.32954792482351447
Botswana,BWA,1994,4259258811.0,4160129175.0,2.382849950807109
Botswana,BWA,1995,4730599691.0,4259258811.0,11.066265303782696
Botswana,BWA,1996,4847757704.0,4730599691.0,2.4765995994734835
Botswana,BWA,1997,5020265168.0,4847757704.0,3.5585001258965576
Botswana,BWA,1998,4790481509.0,5020265168.0,-4.577121950941532
Botswana,BWA,1999,5484263050.0,4790481509.0,14.48250117856784
Botswana,BWA,2000,5788329609.0,5484263050.0,5.54434672859101
Botswana,BWA,2001,5489608300.0,5788329609.0,-5.160751532454755
Botswana,BWA,2002,5438864269.0,5489608300.0,-0.9243652411411563
Botswana,BWA,2003,7511582173.0,5438864269.0,38.109388311341206
Botswana,BWA,2004,8957467707.0,7511582173.0,19.248748142530637
Botswana,BWA,2005,9918907108.0,8957467707.0,10.733383947883656
Botswana,BWA,2006,9919158482.0,9918907108.0,0.002534291301081737
Botswana,BWA,2007,10567270656.0,9919158482.0,6.533943128100139
Botswana,BWA,2008,10730828592.0,10567270656.0,1.547778431388358
Botswana,BWA,2009,10118459714.0,10730828592.0,-5.70663181086063
Botswana,BWA,2010,12637273429.0,10118459714.0,24.893252394086662
Botswana,BWA,2011,15110642876.0,12637273429.0,19.57201813267817
Botswana,BWA,2012,13907464500.0,15110642876.0,-7.96245656702661
Botswana,BWA,2013,14271738367.0,13907464500.0,2.6192687171698426
Botswana,BWA,2014,15470087926.0,14271738367.0,8.396661487089041
Botswana,BWA,2015,13530749290.0,15470087926.0,-12.536054386223794
Botswana,BWA,2016,15082636723.0,13530749290.0,11.469338465586198
Botswana,BWA,2017,16105156376.0,15082636723.0,6.779448923812681
Botswana,BWA,2018,17031943186.0,16105156376.0,5.754596778588894
Botswana,BWA,2019,16725908662.0,17031943186.0,-1.7968268250892039
Botswana,BWA,2020,14960291541.0,16725908662.0,-10.5561805739819
Botswana,BWA,2021,18737066307.0,14960291541.0,25.245328646500063
Botswana,BWA,2022,20352322157.0,18737066307.0,8.620644360940076
Brazil,BRA,1960,17030465539.0,,
Brazil,BRA,1961,17275940449.0,17030465539.0,1.4413869628981058
Brazil,BRA,1962,19231747852.0,17275940449.0,11.320989492720845
Brazil,BRA,1963,23287712878.0,19231747852.0,21.089944903672396
Brazil,BRA,1964,20963733695.0,23287712878.0,-9.9794221750109
Brazil,BRA,1965,22465522884.0,20963733695.0,7.163748647304113
Brazil,BRA,1966,28283323733.0,22465522884.0,25.89657440443307
Brazil,BRA,1967,31086389195.0,28283323733.0,9.91066498570492
Brazil,BRA,1968,33930457425.0,31086389195.0,9.148917914395295
Brazil,BRA,1969,37171640819.0,33930457425.0,9.552430588842853
Brazil,BRA,1970,42327664794.0,37171640819.0,13.870853859011078
Brazil,BRA,1971,48869830902.0,42327664794.0,15.456005285997643
Brazil,BRA,1972,58434858375.0,48869830902.0,19.572458706028684
Brazil,BRA,1973,83592275863.0,58434858375.0,43.05207232052268
Brazil,BRA,1974,110000000000.0,83592275863.0,31.591105594827695
Brazil,BRA,1975,129000000000.0,110000000000.0,17.272727272727263
Brazil,BRA,1976,153000000000.0,129000000000.0,18.60465116279071
Brazil,BRA,1977,176000000000.0,153000000000.0,15.032679738562083
Brazil,BRA,1978,200000000000.0,176000000000.0,13.636363636363647
Brazil,BRA,1979,221000000000.0,200000000000.0,10.499999999999998
Brazil,BRA,1980,237000000000.0,221000000000.0,7.239819004524883
Brazil,BRA,1981,258000000000.0,237000000000.0,8.860759493670889
Brazil,BRA,1982,271000000000.0,258000000000.0,5.03875968992249
Brazil,BRA,1983,190000000000.0,271000000000.0,-29.889298892988926
Brazil,BRA,1984,188000000000.0,190000000000.0,-1.0526315789473717
Brazil,BRA,1985,211000000000.0,188000000000.0,12.234042553191493
Brazil,BRA,1986,256000000000.0,211000000000.0,21.327014218009488
Brazil,BRA,1987,283000000000.0,256000000000.0,10.546875
Brazil,BRA,1988,308000000000.0,283000000000.0,8.833922261484094
Brazil,BRA,1989,413000000000.0,308000000000.0,34.09090909090908
Brazil,BRA,1990,465000000000.0,413000000000.0,12.590799031476996
Brazil,BRA,1991,408000000000.0,465000000000.0,-12.25806451612903
Brazil,BRA,1992,391000000000.0,408000000000.0,-4.1666666666666625
Brazil,BRA,1993,438000000000.0,391000000000.0,12.020460358056262
Brazil,BRA,1994,546000000000.0,438000000000.0,24.657534246575352
Brazil,BRA,1995,769000000000.0,546000000000.0,40.842490842490854
Brazil,BRA,1996,850000000000.0,769000000000.0,10.533159947984405
Brazil,BRA,1997,883000000000.0,850000000000.0,3.88235294117647
Brazil,BRA,1998,864000000000.0,883000000000.0,-2.1517553793884536
Brazil,BRA,1999,600000000000.0,864000000000.0,-30.555555555555557
Brazil,BRA,2000,655000000000.0,600000000000.0,9.166666666666657
Brazil,BRA,2001,560000000000.0,655000000000.0,-14.503816793893131
Brazil,BRA,2002,510000000000.0,560000000000.0,-8.92857142857143
Brazil,BRA,2003,558000000000.0,510000000000.0,9.411764705882364
Brazil,BRA,2004,669000000000.0,558000000000.0,19.892473118279575
Brazil,BRA,2005,892000000000.0,669000000000.0,33.33333333333333
Brazil,BRA,2006,1110000000000.0,892000000000.0,24.439461883408065
Brazil,BRA,2007,1400000000000.0,1110000000000.0,26.126126126126124
Brazil,BRA,2008,1700000000000.0,1400000000000.0,21.42857142857142
Brazil,BRA,2009,1670000000000.0,1700000000000.0,-1.764705882352946
Brazil,BRA,2010,2210000000000.0,1670000000000.0,32.335329341317376
Brazil,BRA,2011,2620000000000.0,2210000000000.0,18.552036199095024
Brazil,BRA,2012,2470000000000.0,2620000000000.0,-5.72519083969466
Brazil,BRA,2013,2470000000000.0,2470000000000.0,0.0
Brazil,BRA,2014,2460000000000.0,2470000000000.0,-0.4048582995951455
Brazil,BRA,2015,1800000000000.0,2460000000000.0,-26.82926829268293
Brazil,BRA,2016,1800000000000.0,1800000000000.0,0.0
Brazil,BRA,2017,2060000000000.0,1800000000000.0,14.444444444444438
Brazil,BRA,2018,1920000000000.0,2060000000000.0,-6.796116504854366
Brazil,BRA,2019,1870000000000.0,1920000000000.0,-2.604166666666663
Brazil,BRA,2020,1480000000000.0,1870000000000.0,-20.85561497326203
Brazil,BRA,2021,1650000000000.0,1480000000000.0,11.486486486486491
Brazil,BRA,2022,1920000000000.0,1650000000000.0,16.36363636363636
Brunei Darussalam,BRN,1965,114039500.5,,
Brunei Darussalam,BRN,1966,132757528.0,114039500.5,16.41363511584304
Brunei Darussalam,BRN,1967,139029537.1,132757528.0,4.7244093758660455
Brunei Darussalam,BRN,1968,160818235.8,139029537.1,15.671992552437274
Brunei Darussalam,BRN,1969,161210236.3,160818235.8,0.24375376215886035
Brunei Darussalam,BRN,1970,179078929.2,161210236.3,11.084093237570647
Brunei Darussalam,BRN,1971,197525740.0,179078929.2,10.300938743830734
Brunei Darussalam,BRN,1972,270822794.7,197525740.0,37.10759655931424
Brunei Darussalam,BRN,1973,433095587.5,270822794.7,59.9184396497183
Brunei Darussalam,BRN,1974,1073591771.0,433095587.5,147.88794944718754
Brunei Darussalam,BRN,1975,1168304306.0,1073591771.0,8.822025052574656
Brunei Darussalam,BRN,1976,1423037359.0,1168304306.0,21.803656093004253
Brunei Darussalam,BRN,1977,1732721161.0,1423037359.0,21.762169491995742
Brunei Darussalam,BRN,1978,1941579359.0,1732721161.0,12.053768529003372
Brunei Darussalam,BRN,1979,2803833730.0,1941579359.0,44.40994734534567
Brunei Darussalam,BRN,1980,4928805777.0,2803833730.0,75.78809057982194
Brunei Darussalam,BRN,1981,4366231073.0,4928805777.0,-11.414016487020529
Brunei Darussalam,BRN,1982,4264202523.0,4366231073.0,-2.3367647816655124
Brunei Darussalam,BRN,1983,3844632169.0,4264202523.0,-9.839362735164347
Brunei Darussalam,BRN,1984,3782552643.0,3844632169.0,-1.6147065121225102
Brunei Darussalam,BRN,1985,3523532487.0,3782552643.0,-6.847760770212763
Brunei Darussalam,BRN,1986,2358574764.0,3523532487.0,-33.06221036128054
Brunei Darussalam,BRN,1987,2754485237.0,2358574764.0,16.786004795903086
Brunei Darussalam,BRN,1988,2690684125.0,2754485237.0,-2.3162626229751737
Brunei Darussalam,BRN,1989,2985531763.0,2690684125.0,10.958091857029117
Brunei Darussalam,BRN,1990,3520486980.0,2985531763.0,17.918255756972833
Brunei Darussalam,BRN,1991,3701774189.0,3520486980.0,5.149492386419796
Brunei Darussalam,BRN,1992,4183633796.0,3701774189.0,13.016990837309006
Brunei Darussalam,BRN,1993,4105729444.0,4183633796.0,-1.8621216817419572
Brunei Darussalam,BRN,1994,4087219773.0,4105729444.0,-0.45082539540080013
Brunei Darussalam,BRN,1995,4734103536.0,4087219773.0,15.826987510514767
Brunei Darussalam,BRN,1996,5115454694.0,4734103536.0,8.055403839397556
Brunei Darussalam,BRN,1997,5197312555.0,5115454694.0,1.600206939492832
Brunei Darussalam,BRN,1998,4051143193.0,5197312555.0,-22.053115910786325
Brunei Darussalam,BRN,1999,4600117604.0,4051143193.0,13.55109866144888
Brunei Darussalam,BRN,2000,6001280944.0,4600117604.0,30.45929388373958
Brunei Darussalam,BRN,2001,5601020247.0,6001280944.0,-6.6695877219375195
Brunei Darussalam,BRN,2002,5843367180.0,5601020247.0,4.326835510544802
Brunei Darussalam,BRN,2003,6557395816.0,5843367180.0,12.219472335127168
Brunei Darussalam,BRN,2004,7872201251.0,6557395816.0,20.050725499776668
Brunei Darussalam,BRN,2005,9531417164.0,7872201251.0,21.076899079393208
Brunei Darussalam,BRN,2006,11470462365.0,9531417164.0,20.343723998606844
Brunei Darussalam,BRN,2007,12247680703.0,11470462365.0,6.775823966534578
Brunei Darussalam,BRN,2008,14393437610.0,12247680703.0,17.519699925508412
Brunei Darussalam,BRN,2009,10732592999.0,14393437610.0,-25.43412289817818
Brunei Darussalam,BRN,2010,13707275498.0,10732592999.0,27.716344962276708
Brunei Darussalam,BRN,2011,18525128230.0,13707275498.0,35.14814255176357
Brunei Darussalam,BRN,2012,19048443089.0,18525128230.0,2.8248919656735927
Brunei Darussalam,BRN,2013,18094326393.0,19048443089.0,-5.008895958279014
Brunei Darussalam,BRN,2014,17097801092.0,18094326393.0,-5.507390987406513
Brunei Darussalam,BRN,2015,12930292949.0,17097801092.0,-24.374526996632106
Brunei Darussalam,BRN,2016,11400467372.0,12930292949.0,-11.83132959967712
Brunei Darussalam,BRN,2017,12128182464.0,11400467372.0,6.383204023611322
Brunei Darussalam,BRN,2018,13567164445.0,12128182464.0,11.86477846347811
Brunei Darussalam,BRN,2019,13469240163.0,13567164445.0,-0.7217741216079099
Brunei Darussalam,BRN,2020,12005795915.0,13469240163.0,-10.865083926709396
Brunei Darussalam,BRN,2021,14006497000.0,12005795915.0,16.66446022541772
Brunei Darussalam,BRN,2022,16681531646.0,14006497000.0,19.098527247747967
Bulgaria,BGR,1980,19839230769.0,,
Bulgaria,BGR,1981,19870000000.0,19839230769.0,0.15509286301602643
Bulgaria,BGR,1982,19342000000.0,19870000000.0,-2.657272269753397
Bulgaria,BGR,1983,16563666667.0,19342000000.0,-14.364250506669428
Bulgaria,BGR,1984,17594944444.0,16563666667.0,6.2261442332368855
Bulgaria,BGR,1985,17155421053.0,17594944444.0,-2.498009541313906
Bulgaria,BGR,1986,20249294118.0,17155421053.0,18.034375579834382
Bulgaria,BGR,1987,28101000000.0,20249294118.0,38.775207847963756
Bulgaria,BGR,1988,22555941176.0,28101000000.0,-19.732603195615816
Bulgaria,BGR,1989,21988444444.0,22555941176.0,-2.5159523496356195
Bulgaria,BGR,1990,20632090909.0,21988444444.0,-6.168483352491583
Bulgaria,BGR,1991,10943548387.0,20632090909.0,-46.95860717526077
Bulgaria,BGR,1992,10350515464.0,10943548387.0,-5.419018603732518
Bulgaria,BGR,1993,10832228507.0,10350515464.0,4.654000515002754
Bulgaria,BGR,1994,9697416974.0,10832228507.0,-10.476251791278802
Bulgaria,BGR,1995,18991531543.0,9697416974.0,95.84113577789523
Bulgaria,BGR,1996,12294987876.0,18991531543.0,-35.26068264604098
Bulgaria,BGR,1997,11316126258.0,12294987876.0,-7.9614687535459305
Bulgaria,BGR,1998,15031052201.0,11316126258.0,32.82860104511216
Bulgaria,BGR,1999,13627325461.0,15031052201.0,-9.338845486190328
Bulgaria,BGR,2000,13245990274.0,13627325461.0,-2.7983127583717127
Bulgaria,BGR,2001,14183443862.0,13245990274.0,7.077263146116675
Bulgaria,BGR,2002,16403043850.0,14183443862.0,15.649231664720787
Bulgaria,BGR,2003,21144962058.0,16403043850.0,28.908769929307976
Bulgaria,BGR,2004,26157744753.0,21144962058.0,23.706747173393296
Bulgaria,BGR,2005,29868651533.0,26157744753.0,14.186646498163412
Bulgaria,BGR,2006,34380543845.0,29868651533.0,15.105778401194625
Bulgaria,BGR,2007,44432811756.0,34380543845.0,29.238245783194362
Bulgaria,BGR,2008,54480697770.0,44432811756.0,22.613662329490513
Bulgaria,BGR,2009,52023813558.0,54480697770.0,-4.509641602558356
Bulgaria,BGR,2010,50754203891.0,52023813558.0,-2.440439445263942
Bulgaria,BGR,2011,57735709914.0,50754203891.0,13.755522671567299
Bulgaria,BGR,2012,54290156342.0,57735709914.0,-5.967803248859871
Bulgaria,BGR,2013,55844245264.0,54290156342.0,2.8625611468311885
Bulgaria,BGR,2014,57159557805.0,55844245264.0,2.355323336866566
Bulgaria,BGR,2015,50828088836.0,57159557805.0,-11.076833362846905
Bulgaria,BGR,2016,53987487124.0,50828088836.0,6.215851038967846
Bulgaria,BGR,2017,59343060706.0,53987487124.0,9.920027523598506
Bulgaria,BGR,2018,66399602077.0,59343060706.0,11.891097774615677
Bulgaria,BGR,2019,68911930628.0,66399602077.0,3.783650010562689
Bulgaria,BGR,2020,70404359049.0,68911930628.0,2.1657039752033924
Bulgaria,BGR,2021,84061395658.0,70404359049.0,19.397998637406786
Bulgaria,BGR,2022,89040398406.0,84061395658.0,5.923055058777327
Burkina Faso,BFA,1960,330442815.3,,
Burkina Faso,BFA,1961,350247234.8,330442815.3,5.993297049603008
Burkina Faso,BFA,1962,379567099.7,350247234.8,8.371190972212062
Burkina Faso,BFA,1963,394040667.6,379567099.7,3.8131776730490063
Burkina Faso,BFA,1964,410321644.8,394040667.6,4.131801242537536
Burkina Faso,BFA,1965,422916789.4,410321644.8,3.0695784050434716
Burkina Faso,BFA,1966,433889767.0,422916789.4,2.5945949357006226
Burkina Faso,BFA,1967,450753923.9,433889767.0,3.886737642282312
Burkina Faso,BFA,1968,460442689.8,450753923.9,2.149457916233133
Burkina Faso,BFA,1969,478298644.7,460442689.8,3.8779972612348335
Burkina Faso,BFA,1970,458404268.7,478298644.7,-4.159404635670294
Burkina Faso,BFA,1971,482411179.7,458404268.7,5.237060961077389
Burkina Faso,BFA,1972,578595520.9,482411179.7,19.93824879013266
Burkina Faso,BFA,1973,674773569.7,578595520.9,16.622674273453764
Burkina Faso,BFA,1974,751133431.6,674773569.7,11.316368235043516
Burkina Faso,BFA,1975,939972702.0,751133431.6,25.140575889126747
Burkina Faso,BFA,1976,976547187.0,939972702.0,3.891015656324881
Burkina Faso,BFA,1977,1131224880.0,976547187.0,15.83924413065767
Burkina Faso,BFA,1978,1475583643.0,1131224880.0,30.44122959883979
Burkina Faso,BFA,1979,1748480618.0,1475583643.0,18.494171868507216
Burkina Faso,BFA,1980,1928719884.0,1748480618.0,10.308336514828898
Burkina Faso,BFA,1981,1775842337.0,1928719884.0,-7.926373770925466
Burkina Faso,BFA,1982,1754450098.0,1775842337.0,-1.2046249013377364
Burkina Faso,BFA,1983,1600278605.0,1754450098.0,-8.787453868066642
Burkina Faso,BFA,1984,1459880133.0,1600278605.0,-8.773376808346445
Burkina Faso,BFA,1985,1552493197.0,1459880133.0,6.343881384952033
Burkina Faso,BFA,1986,2036303360.0,1552493197.0,31.163432080404796
Burkina Faso,BFA,1987,2369834947.0,2036303360.0,16.379268116514822
Burkina Faso,BFA,1988,2616040481.0,2369834947.0,10.389142683192954
Burkina Faso,BFA,1989,2615587730.0,2616040481.0,-0.01730672760181795
Burkina Faso,BFA,1990,3101300779.0,2615587730.0,18.569939116513588
Burkina Faso,BFA,1991,3135045586.0,3101300779.0,1.0880855939062073
Burkina Faso,BFA,1992,3356692508.0,3135045586.0,7.069974452358729
Burkina Faso,BFA,1993,3199536460.0,3356692508.0,-4.6818720399753655
Burkina Faso,BFA,1994,1895290638.0,3199536460.0,-40.76358679782008
Burkina Faso,BFA,1995,2379517976.0,1895290638.0,25.54897535456513
Burkina Faso,BFA,1996,2586550594.0,2379517976.0,8.700611640178678
Burkina Faso,BFA,1997,2447669100.0,2586550594.0,-5.3693708648948295
Burkina Faso,BFA,1998,2804902369.0,2447669100.0,14.594835102506298
Burkina Faso,BFA,1999,3389566711.0,2804902369.0,20.84437406669679
Burkina Faso,BFA,2000,2968370087.0,3389566711.0,-12.426267423299574
Burkina Faso,BFA,2001,3190371080.0,2968370087.0,7.478885263406165
Burkina Faso,BFA,2002,3622350066.0,3190371080.0,13.540085938843195
Burkina Faso,BFA,2003,4740768141.0,3622350066.0,30.875482894313944
Burkina Faso,BFA,2004,5451688535.0,4740768141.0,14.995890388557175
Burkina Faso,BFA,2005,6146353177.0,5451688535.0,12.742192396726871
Burkina Faso,BFA,2006,6547419822.0,6146353177.0,6.525278217021668
Burkina Faso,BFA,2007,7625722829.0,6547419822.0,16.469128852510593
Burkina Faso,BFA,2008,9451435481.0,7625722829.0,23.941502896708556
Burkina Faso,BFA,2009,9450696866.0,9451435481.0,-0.007814844649622898
Burkina Faso,BFA,2010,10109619736.0,9450696866.0,6.97221463499218
Burkina Faso,BFA,2011,12080295985.0,10109619736.0,19.49307986315738
Burkina Faso,BFA,2012,12561015145.0,12080295985.0,3.9793657423369933
Burkina Faso,BFA,2013,13444300490.0,12561015145.0,7.031958283655104
Burkina Faso,BFA,2014,13943016080.0,13444300490.0,3.7094945205289775
Burkina Faso,BFA,2015,11832159316.0,13943016080.0,-15.139168970964857
Burkina Faso,BFA,2016,12833363044.0,11832159316.0,8.461716084621385
Burkina Faso,BFA,2017,14106955625.0,12833363044.0,9.924075058372516
Burkina Faso,BFA,2018,15890066210.0,14106955625.0,12.63993899463336
Burkina Faso,BFA,2019,16178161666.0,15890066210.0,1.8130538425239262
Burkina Faso,BFA,2020,17933606213.0,16178161666.0,10.850704692173018
Burkina Faso,BFA,2021,19737616003.0,17933606213.0,10.059381078035944
Burkina Faso,BFA,2022,18884619613.0,19737616003.0,-4.32167891943156
Burundi,BDI,1960,195999989.8,,
Burundi,BDI,1961,202999991.8,195999989.8,3.571429777696866
Burundi,BDI,1962,213500005.8,202999991.8,5.172420898590402
Burundi,BDI,1963,232749997.8,213500005.8,9.016389450608632
Burundi,BDI,1964,260750007.7,232749997.8,12.030079555171525
Burundi,BDI,1965,158994962.8,260750007.7,-39.023985386444146
Burundi,BDI,1966,165444571.3,158994962.8,4.056486058689157
Burundi,BDI,1967,178297142.7,165444571.3,7.768505970917872
Burundi,BDI,1968,183199999.8,178297142.7,2.749823707634791
Burundi,BDI,1969,190205714.1,183199999.8,3.824079862253349
Burundi,BDI,1970,242732571.2,190205714.1,27.615814460959974
Burundi,BDI,1971,252842285.5,242732571.2,4.164959918654709
Burundi,BDI,1972,246804571.4,252842285.5,-2.3879368469005513
Burundi,BDI,1973,304339839.6,246804571.4,23.312075572032942
Burundi,BDI,1974,345263492.1,304339839.6,13.446695823256928
Burundi,BDI,1975,420986666.7,345263492.1,21.93199580396643
Burundi,BDI,1976,448412753.6,420986666.7,6.5147162771176825
Burundi,BDI,1977,547535555.6,448412753.6,22.10525931838705
Burundi,BDI,1978,610225555.6,547535555.6,11.449484761095219
Burundi,BDI,1979,782496666.7,610225555.6,28.230727067897977
Burundi,BDI,1980,919726666.7,782496666.7,17.537454897889337
Burundi,BDI,1981,969046666.7,919726666.7,5.362462760480913
Burundi,BDI,1982,1013222222.0,969046666.7,4.558661292385002
Burundi,BDI,1983,1082926304.0,1013222222.0,6.879446629428543
Burundi,BDI,1984,987143931.2,1082926304.0,-8.844772949572743
Burundi,BDI,1985,1149979286.0,987143931.2,16.49560410122288
Burundi,BDI,1986,1201725497.0,1149979286.0,4.499751572047006
Burundi,BDI,1987,1131466494.0,1201725497.0,-5.8465101369152395
Burundi,BDI,1988,1082403219.0,1131466494.0,-4.336255228075714
Burundi,BDI,1989,1113924130.0,1082403219.0,2.912122806611861
Burundi,BDI,1990,1132101253.0,1113924130.0,1.6318097894153727
Burundi,BDI,1991,1167398478.0,1132101253.0,3.117850537349409
Burundi,BDI,1992,1083037671.0,1167398478.0,-7.226393437185896
Burundi,BDI,1993,938632612.0,1083037671.0,-13.333336675784013
Burundi,BDI,1994,925030590.2,938632612.0,-1.4491316012361088
Burundi,BDI,1995,1000428394.0,925030590.2,8.150844371935673
Burundi,BDI,1996,869033856.3,1000428394.0,-13.133827317180291
Burundi,BDI,1997,972896267.9,869033856.3,11.951480468460085
Burundi,BDI,1998,893770739.5,972896267.9,-8.132987144743876
Burundi,BDI,1999,808077223.4,893770739.5,-9.587863230781013
Burundi,BDI,2000,870486065.9,808077223.4,7.723128519501343
Burundi,BDI,2001,876794723.1,870486065.9,0.7247281084824087
Burundi,BDI,2002,825394519.7,876794723.1,-5.862284756718095
Burundi,BDI,2003,784654423.6,825394519.7,-4.9358331231478925
Burundi,BDI,2004,915257323.4,784654423.6,16.64463945806778
Burundi,BDI,2005,1117113080.0,915257323.4,22.054536078459975
Burundi,BDI,2006,1273375078.0,1117113080.0,13.988019726704849
Burundi,BDI,2007,1356199387.0,1273375078.0,6.504313648896454
Burundi,BDI,2008,1611835857.0,1356199387.0,18.8494754127182
Burundi,BDI,2009,1781455140.0,1611835857.0,10.523359575565028
Burundi,BDI,2010,2032135191.0,1781455140.0,14.071645441490045
Burundi,BDI,2011,2235820809.0,2032135191.0,10.02323166795649
Burundi,BDI,2012,2333341334.0,2235820809.0,4.361732595360235
Burundi,BDI,2013,2451606632.0,2333341334.0,5.068495392281935
Burundi,BDI,2014,2705783330.0,2451606632.0,10.36776025494126
Burundi,BDI,2015,3104003546.0,2705783330.0,14.71737265821651
Burundi,BDI,2016,2644487777.0,3104003546.0,-14.803970491340412
Burundi,BDI,2017,2723586962.0,2644487777.0,2.991096638371804
Burundi,BDI,2018,2667182199.0,2723586962.0,-2.070973454748093
Burundi,BDI,2019,2576518879.0,2667182199.0,-3.399217347580985
Burundi,BDI,2020,2649680261.0,2576518879.0,2.8395437967214
Burundi,BDI,2021,2775798697.0,2649680261.0,4.759760558898618
Burundi,BDI,2022,3073414678.0,2775798697.0,10.721814277153975
Cabo Verde,CPV,1980,142246816.5,,
Cabo Verde,CPV,1981,139468210.1,142246816.5,-1.95336983165455
Cabo Verde,CPV,1982,140630678.2,139468210.1,0.8335004078467101
Cabo Verde,CPV,1983,138476175.0,140630678.2,-1.5320293036885757
Cabo Verde,CPV,1984,132019039.1,138476175.0,-4.6629941215519555
Cabo Verde,CPV,1985,137728205.3,132019039.1,4.324502161900701
Cabo Verde,CPV,1986,190651168.4,137728205.3,38.425653615919146
Cabo Verde,CPV,1987,235253063.6,190651168.4,23.39450399088139
Cabo Verde,CPV,1988,264308140.3,235253063.6,12.35056251994331
Cabo Verde,CPV,1989,267448570.3,264308140.3,1.1881699884216612
Cabo Verde,CPV,1990,306890961.2,267448570.3,14.747654420345935
Cabo Verde,CPV,1991,319827058.6,306890961.2,4.21520964625921
Cabo Verde,CPV,1992,357160985.3,319827058.6,11.673160758637579
Cabo Verde,CPV,1993,490417389.7,357160985.3,37.30989942478467
Cabo Verde,CPV,1994,406580652.3,490417389.7,-17.09497647530095
Cabo Verde,CPV,1995,487148993.5,406580652.3,19.816078493708478
Cabo Verde,CPV,1996,501979271.9,487148993.5,3.0443003265693935
Cabo Verde,CPV,1997,490608657.9,501979271.9,-2.2651560804417326
Cabo Verde,CPV,1998,521910560.5,490608657.9,6.380218142497651
Cabo Verde,CPV,1999,592416703.1,521910560.5,13.509238543181379
Cabo Verde,CPV,2000,539227277.6,592416703.1,-8.978380457821366
Cabo Verde,CPV,2001,563090488.9,539227277.6,4.425445872510503
Cabo Verde,CPV,2002,620507385.7,563090488.9,10.196744205742903
Cabo Verde,CPV,2003,813260468.9,620507385.7,31.063785482996863
Cabo Verde,CPV,2004,924940012.9,813260468.9,13.732321718656216
Cabo Verde,CPV,2005,972241682.1,924940012.9,5.114025616828188
Cabo Verde,CPV,2006,1107571459.0,972241682.1,13.919355587356996
Cabo Verde,CPV,2007,1649621735.0,1107571459.0,48.940433738641495
Cabo Verde,CPV,2008,1959620653.0,1649621735.0,18.79212133441004
Cabo Verde,CPV,2009,1852334581.0,1959620653.0,-5.4748388079986166
Cabo Verde,CPV,2010,1824751460.0,1852334581.0,-1.489100364638718
Cabo Verde,CPV,2011,2046817975.0,1824751460.0,12.169685563643839
Cabo Verde,CPV,2012,1913081206.0,2046817975.0,-6.533886776131126
Cabo Verde,CPV,2013,2028910915.0,1913081206.0,6.054615383639916
Cabo Verde,CPV,2014,2041930125.0,2028910915.0,0.6416846547449229
Cabo Verde,CPV,2015,1749857628.0,2041930125.0,-14.303745922745525
Cabo Verde,CPV,2016,1849789993.0,1749857628.0,5.710885468677684
Cabo Verde,CPV,2017,1996741545.0,1849789993.0,7.944228942533793
Cabo Verde,CPV,2018,2205099509.0,1996741545.0,10.434899024450361
Cabo Verde,CPV,2019,2266752197.0,2205099509.0,2.795914095865859
Cabo Verde,CPV,2020,1878277311.0,2266752197.0,-17.137951228817094
Cabo Verde,CPV,2021,2091741774.0,1878277311.0,11.364906648760552
Cabo Verde,CPV,2022,2314816792.0,2091741774.0,10.664558157836934
Cambodia,KHM,1960,637142865.7,,
Cambodia,KHM,1961,642857134.3,637142865.7,0.8968582884031573
Cambodia,KHM,1962,660000008.6,642857134.3,2.6666693710518885
Cambodia,KHM,1963,728571437.1,660000008.6,10.389610243408098
Cambodia,KHM,1964,782857128.6,728571437.1,7.450977177485618
Cambodia,KHM,1965,868571428.6,782857128.6,10.948907133704555
Cambodia,KHM,1966,914285714.3,868571428.6,5.263157892918957
Cambodia,KHM,1967,962857134.3,914285714.3,5.312499062416998
Cambodia,KHM,1968,1065714249.0,962857134.3,10.682489752207891
Cambodia,KHM,1969,978873232.4,1065714249.0,-8.148621141313095
Cambodia,KHM,1970,718401157.7,978873232.4,-26.609377606676897
Cambodia,KHM,1971,969911421.4,718401157.7,35.009724163756026
Cambodia,KHM,1972,505549441.4,969911421.4,-47.87674108731761
Cambodia,KHM,1973,702899156.0,505549441.4,39.036679390543185
Cambodia,KHM,1974,588443893.7,702899156.0,-16.283311954922873
Cambodia,KHM,1993,2533727592.0,588443893.7,330.580998312091
Cambodia,KHM,1994,2791435272.0,2533727592.0,10.171088668477513
Cambodia,KHM,1995,3441205693.0,2791435272.0,23.27728776366913
Cambodia,KHM,1996,3506695720.0,3441205693.0,1.9031128285419863
Cambodia,KHM,1997,3443413389.0,3506695720.0,-1.8046142594887016
Cambodia,KHM,1998,3120425503.0,3443413389.0,-9.379875417566364
Cambodia,KHM,1999,3517242477.0,3120425503.0,12.716758455489385
Cambodia,KHM,2000,3654031716.0,3517242477.0,3.889104600962101
Cambodia,KHM,2001,3984000517.0,3654031716.0,9.030266474019854
Cambodia,KHM,2002,4284028483.0,3984000517.0,7.530821462491288
Cambodia,KHM,2003,4658246918.0,4284028483.0,8.735199508709712
Cambodia,KHM,2004,5337833248.0,4658246918.0,14.588885947071638
Cambodia,KHM,2005,6293046162.0,5337833248.0,17.895143396581425
Cambodia,KHM,2006,7274595707.0,6293046162.0,15.597367629797464
Cambodia,KHM,2007,8639235913.0,7274595707.0,18.758983467450573
Cambodia,KHM,2008,10351914178.0,8639235913.0,19.82441829633135
Cambodia,KHM,2009,10401851767.0,10351914178.0,0.4823995653492563
Cambodia,KHM,2010,11242275289.0,10401851767.0,8.079556802244126
Cambodia,KHM,2011,12829541141.0,11242275289.0,14.118724290207151
Cambodia,KHM,2012,14054443213.0,12829541141.0,9.547512717235996
Cambodia,KHM,2013,15227991395.0,14054443213.0,8.350015466386452
Cambodia,KHM,2014,16702610842.0,15227991395.0,9.683610981578173
Cambodia,KHM,2015,18049954289.0,16702610842.0,8.066663707520515
Cambodia,KHM,2016,20016747858.0,18049954289.0,10.896390857890449
Cambodia,KHM,2017,22177200589.0,20016747858.0,10.79322548461108
Cambodia,KHM,2018,24571753582.0,22177200589.0,10.797363641052659
Cambodia,KHM,2019,27089390033.0,24571753582.0,10.246059332307045
Cambodia,KHM,2020,25872797892.0,27089390033.0,-4.491028183056023
Cambodia,KHM,2021,26961061152.0,25872797892.0,4.206206319636174
Cambodia,KHM,2022,29956769529.0,26961061152.0,11.111240615163155
Cameroon,CMR,1960,614206067.5,,
Cameroon,CMR,1961,652777609.3,614206067.5,6.27990243681531
Cameroon,CMR,1962,694247865.3,652777609.3,6.35289192049191
Cameroon,CMR,1963,718320845.9,694247865.3,3.467490762769221
Cameroon,CMR,1964,776650176.7,718320845.9,8.120233616068596
Cameroon,CMR,1965,814083264.8,776650176.7,4.8198132470726796
Cameroon,CMR,1966,851112536.1,814083264.8,4.548585249335302
Cameroon,CMR,1967,936175260.8,851112536.1,9.994298179389705
Cameroon,CMR,1968,1046191219.0,936175260.8,11.751641258495438
Cameroon,CMR,1969,1100551487.0,1046191219.0,5.196016465513842
Cameroon,CMR,1970,1151216993.0,1100551487.0,4.603647044093262
Cameroon,CMR,1971,1236941396.0,1151216993.0,7.446415708007192
Cameroon,CMR,1972,1498251887.0,1236941396.0,21.125535279603504
Cameroon,CMR,1973,1901393361.0,1498251887.0,26.90745644961099
Cameroon,CMR,1974,2157415536.0,1901393361.0,13.46497680339802
Cameroon,CMR,1975,2857037367.0,2157415536.0,32.428700884260245
Cameroon,CMR,1976,2898089999.0,2857037367.0,1.436895172396957
Cameroon,CMR,1977,3394664030.0,2898089999.0,17.13452760857479
Cameroon,CMR,1978,4662852578.0,3394664030.0,37.35829339199732
Cameroon,CMR,1979,5919002975.0,4662852578.0,26.93952630899583
Cameroon,CMR,1980,6674569034.0,5919002975.0,12.765090036130623
Cameroon,CMR,1981,6610938628.0,6674569034.0,-0.9533260600927074
Cameroon,CMR,1982,6611255970.0,6610938628.0,0.004800256330561581
Cameroon,CMR,1983,6870200009.0,6611255970.0,3.9167147691000714
Cameroon,CMR,1984,7311938030.0,6870200009.0,6.429769445159095
Cameroon,CMR,1985,8544810503.0,7311938030.0,16.86109028744052
Cameroon,CMR,1986,11857056214.0,8544810503.0,38.763243606597285
Cameroon,CMR,1987,13049659964.0,11857056214.0,10.058177413309854
Cameroon,CMR,1988,12236057370.0,13049659964.0,-6.234665088933189
Cameroon,CMR,1989,11012566178.0,12236057370.0,-9.999063873300551
Cameroon,CMR,1990,12314482630.0,11012566178.0,11.822098782033752
Cameroon,CMR,1991,11840192304.0,12314482630.0,-3.85148398231977
Cameroon,CMR,1992,12071775346.0,11840192304.0,1.9559060871145117
Cameroon,CMR,1993,16181814684.0,12071775346.0,34.046685099734454
Cameroon,CMR,1994,8902446258.0,16181814684.0,-44.98487078335892
Cameroon,CMR,1995,10864772473.0,8902446258.0,22.04255053195738
Cameroon,CMR,1996,11093538841.0,10864772473.0,2.105579003780389
Cameroon,CMR,1997,10789458426.0,11093538841.0,-2.7410587311973544
Cameroon,CMR,1998,11298144999.0,10789458426.0,4.714662709800033
Cameroon,CMR,1999,11565826459.0,11298144999.0,2.36925141272033
Cameroon,CMR,2000,10566579295.0,11565826459.0,-8.63965206068289
Cameroon,CMR,2001,10953485345.0,10566579295.0,3.6616017274680335
Cameroon,CMR,2002,12417251342.0,10953485345.0,13.363472455533731
Cameroon,CMR,2003,15970315030.0,12417251342.0,28.613930652930808
Cameroon,CMR,2004,18826214125.0,15970315030.0,17.88254702324428
Cameroon,CMR,2005,19509852219.0,18826214125.0,3.631309457445142
Cameroon,CMR,2006,20910512978.0,19509852219.0,7.179248429344542
Cameroon,CMR,2007,23928250410.0,20910512978.0,14.431675756472195
Cameroon,CMR,2008,27715142006.0,23928250410.0,15.826027942341314
Cameroon,CMR,2009,27932970297.0,27715142006.0,0.7859540858670133
Cameroon,CMR,2010,27507501809.0,27932970297.0,-1.5231766742890729
Cameroon,CMR,2011,30630910513.0,27507501809.0,11.35475233515415
Cameroon,CMR,2012,30155062303.0,30630910513.0,-1.553490255531409
Cameroon,CMR,2013,33728621190.0,30155062303.0,11.850610193050336
Cameroon,CMR,2014,36386544716.0,33728621190.0,7.880320725319279
Cameroon,CMR,2015,32210233022.0,36386544716.0,-11.477626486923832
Cameroon,CMR,2016,33814337041.0,32210233022.0,4.9801068433884765
Cameroon,CMR,2017,36098547059.0,33814337041.0,6.755152452731483
Cameroon,CMR,2018,39973842059.0,36098547059.0,10.735321268377263
Cameroon,CMR,2019,39670976440.0,39973842059.0,-0.7576595178241385
Cameroon,CMR,2020,40773241212.0,39670976440.0,2.7785168677839645
Cameroon,CMR,2021,45338285386.0,40773241212.0,11.19617680199645
Cameroon,CMR,2022,44341646509.0,45338285386.0,-2.1982279843951735
Canada,CAN,1960,40462398502.0,,
Canada,CAN,1961,40935133543.0,40462398502.0,1.1683317314385988
Canada,CAN,1962,42227357845.0,40935133543.0,3.1567609291969
Canada,CAN,1963,45029724490.0,42227357845.0,6.636376955637102
Canada,CAN,1964,49377963149.0,45029724490.0,9.656374113427324
Canada,CAN,1965,54515115736.0,49377963149.0,10.403735309005025
Canada,CAN,1966,61086991002.0,54515115736.0,12.055143197027363
Canada,CAN,1967,65668511127.0,61086991002.0,7.4999931243134865
Canada,CAN,1968,71830047239.0,65668511127.0,9.382786370904416
Canada,CAN,1969,79148003145.0,71830047239.0,10.187875669427005
Canada,CAN,1970,88192257632.0,79148003145.0,11.42701537325057
Canada,CAN,1971,99605414680.0,88192257632.0,12.941223361832632
Canada,CAN,1972,113000000000.0,99605414680.0,13.4476477639619
Canada,CAN,1973,132000000000.0,113000000000.0,16.814159292035402
Canada,CAN,1974,161000000000.0,132000000000.0,21.969696969696972
Canada,CAN,1975,174000000000.0,161000000000.0,8.074534161490687
Canada,CAN,1976,207000000000.0,174000000000.0,18.965517241379317
Canada,CAN,1977,212000000000.0,207000000000.0,2.4154589371980784
Canada,CAN,1978,219000000000.0,212000000000.0,3.301886792452824
Canada,CAN,1979,244000000000.0,219000000000.0,11.415525114155244
Canada,CAN,1980,275000000000.0,244000000000.0,12.704918032786882
Canada,CAN,1981,307000000000.0,275000000000.0,11.636363636363644
Canada,CAN,1982,315000000000.0,307000000000.0,2.6058631921824116
Canada,CAN,1983,342000000000.0,315000000000.0,8.571428571428562
Canada,CAN,1984,357000000000.0,342000000000.0,4.385964912280693
Canada,CAN,1985,366000000000.0,357000000000.0,2.5210084033613356
Canada,CAN,1986,379000000000.0,366000000000.0,3.5519125683060038
Canada,CAN,1987,433000000000.0,379000000000.0,14.24802110817942
Canada,CAN,1988,509000000000.0,433000000000.0,17.55196304849884
Canada,CAN,1989,567000000000.0,509000000000.0,11.39489194499017
Canada,CAN,1990,596000000000.0,567000000000.0,5.1146384479717755
Canada,CAN,1991,613000000000.0,596000000000.0,2.8523489932885893
Canada,CAN,1992,594000000000.0,613000000000.0,-3.0995106035889064
Canada,CAN,1993,579000000000.0,594000000000.0,-2.5252525252525304
Canada,CAN,1994,580000000000.0,579000000000.0,0.17271157167531026
Canada,CAN,1995,606000000000.0,580000000000.0,4.482758620689653
Canada,CAN,1996,631000000000.0,606000000000.0,4.1254125412541365
Canada,CAN,1997,655000000000.0,631000000000.0,3.803486529318545
Canada,CAN,1998,634000000000.0,655000000000.0,-3.2061068702290085
Canada,CAN,1999,678000000000.0,634000000000.0,6.940063091482651
Canada,CAN,2000,745000000000.0,678000000000.0,9.882005899705003
Canada,CAN,2001,739000000000.0,745000000000.0,-0.8053691275167751
Canada,CAN,2002,761000000000.0,739000000000.0,2.976995940460081
Canada,CAN,2003,896000000000.0,761000000000.0,17.739816031537448
Canada,CAN,2004,1030000000000.0,896000000000.0,14.955357142857139
Canada,CAN,2005,1170000000000.0,1030000000000.0,13.592233009708732
Canada,CAN,2006,1320000000000.0,1170000000000.0,12.82051282051282
Canada,CAN,2007,1470000000000.0,1320000000000.0,11.363636363636353
Canada,CAN,2008,1550000000000.0,1470000000000.0,5.442176870748305
Canada,CAN,2009,1370000000000.0,1550000000000.0,-11.612903225806448
Canada,CAN,2010,1620000000000.0,1370000000000.0,18.248175182481763
Canada,CAN,2011,1790000000000.0,1620000000000.0,10.49382716049383
Canada,CAN,2012,1830000000000.0,1790000000000.0,2.2346368715083775
Canada,CAN,2013,1850000000000.0,1830000000000.0,1.0928961748633892
Canada,CAN,2014,1810000000000.0,1850000000000.0,-2.1621621621621623
Canada,CAN,2015,1560000000000.0,1810000000000.0,-13.812154696132595
Canada,CAN,2016,1530000000000.0,1560000000000.0,-1.9230769230769273
Canada,CAN,2017,1650000000000.0,1530000000000.0,7.843137254901955
Canada,CAN,2018,1730000000000.0,1650000000000.0,4.8484848484848575
Canada,CAN,2019,1740000000000.0,1730000000000.0,0.5780346820809301
Canada,CAN,2020,1650000000000.0,1740000000000.0,-5.1724137931034475
Canada,CAN,2021,2000000000000.0,1650000000000.0,21.212121212121215
Canada,CAN,2022,2140000000000.0,2000000000000.0,7.000000000000006
Caribbean small states,CSS,1960,1880325752.0,,
Caribbean small states,CSS,1961,2038322827.0,1880325752.0,8.40264378828759
Caribbean small states,CSS,1962,2153917655.0,2038322827.0,5.6710755759004305
Caribbean small states,CSS,1963,2290336891.0,2153917655.0,6.333539988556347
Caribbean small states,CSS,1964,2470289709.0,2290336891.0,7.8570457781619085
Caribbean small states,CSS,1965,2661014416.0,2470289709.0,7.7207424823547255
Caribbean small states,CSS,1966,2888723567.0,2661014416.0,8.557231018022415
Caribbean small states,CSS,1967,3102559322.0,2888723567.0,7.402430521314063
Caribbean small states,CSS,1968,3083639279.0,3102559322.0,-0.6098205074062446
Caribbean small states,CSS,1969,3359755874.0,3083639279.0,8.954244320351968
Caribbean small states,CSS,1970,3695311705.0,3359755874.0,9.98750634225396
Caribbean small states,CSS,1971,4017469943.0,3695311705.0,8.71802607515082
Caribbean small states,CSS,1972,4639346340.0,4017469943.0,15.479304284119188
Caribbean small states,CSS,1973,5076128907.0,4639346340.0,9.414743694259297
Caribbean small states,CSS,1974,6595536764.0,5076128907.0,29.932412766443562
Caribbean small states,CSS,1975,7706927758.0,6595536764.0,16.850652702995085
Caribbean small states,CSS,1976,7932366003.0,7706927758.0,2.925137643414244
Caribbean small states,CSS,1977,9210519153.0,7932366003.0,16.113138873276966
Caribbean small states,CSS,1978,9433730362.0,9210519153.0,2.4234378680738855
Caribbean small states,CSS,1979,10835454135.0,9433730362.0,14.858637243293305
Caribbean small states,CSS,1980,13495237652.0,10835454135.0,24.547042365382122
Caribbean small states,CSS,1981,14890283926.0,13495237652.0,10.337322765066336
Caribbean small states,CSS,1982,16517790346.0,14890283926.0,10.929989166682063
Caribbean small states,CSS,1983,16735543670.0,16517790346.0,1.3182957250255534
Caribbean small states,CSS,1984,15982824810.0,16735543670.0,-4.4977257676385936
Caribbean small states,CSS,1985,15814763266.0,15982824810.0,-1.0515133963981627
Caribbean small states,CSS,1986,14441261966.0,15814763266.0,-8.684931142490615
Caribbean small states,CSS,1987,15521767449.0,14441261966.0,7.482071065145868
Caribbean small states,CSS,1988,16459954912.0,15521767449.0,6.044333972162708
Caribbean small states,CSS,1989,16872865241.0,16459954912.0,2.5085750915330385
Caribbean small states,CSS,1990,18149076126.0,16872865241.0,7.5636880089511305
Caribbean small states,CSS,1991,18032792662.0,18149076126.0,-0.640712856085357
Caribbean small states,CSS,1992,17750354024.0,18032792662.0,-1.5662501271651363
Caribbean small states,CSS,1993,19224165269.0,17750354024.0,8.30299634028302
Caribbean small states,CSS,1994,20205168290.0,19224165269.0,5.102968099124294
Caribbean small states,CSS,1995,22270861760.0,20205168290.0,10.223589530914023
Caribbean small states,CSS,1996,24291634283.0,22270861760.0,9.073616211068437
Caribbean small states,CSS,1997,28416253263.0,24291634283.0,16.979586189828865
Caribbean small states,CSS,1998,30354024138.0,28416253263.0,6.81923424972819
Caribbean small states,CSS,1999,32186912969.0,30354024138.0,6.038371791058239
Caribbean small states,CSS,2000,34533836400.0,32186912969.0,7.291545583325676
Caribbean small states,CSS,2001,35575792426.0,34533836400.0,3.017203226224807
Caribbean small states,CSS,2002,37324429142.0,35575792426.0,4.9152431941952734
Caribbean small states,CSS,2003,39887632895.0,37324429142.0,6.867362239482211
Caribbean small states,CSS,2004,43625669538.0,39887632895.0,9.371417584091768
Caribbean small states,CSS,2005,49307227387.0,43625669538.0,13.02342842910662
Caribbean small states,CSS,2006,56074290119.0,49307227387.0,13.724281592406374
Caribbean small states,CSS,2007,62328938789.0,56074290119.0,11.154218192912445
Caribbean small states,CSS,2008,70781391356.0,62328938789.0,13.56104039507844
Caribbean small states,CSS,2009,59840574174.0,70781391356.0,-15.457194288499343
Caribbean small states,CSS,2010,64939019150.0,59840574174.0,8.520046885203868
Caribbean small states,CSS,2011,70074558334.0,64939019150.0,7.908248771262816
Caribbean small states,CSS,2012,73844945661.0,70074558334.0,5.3805366978255
Caribbean small states,CSS,2013,75227025826.0,73844945661.0,1.871597511012757
Caribbean small states,CSS,2014,76921753856.0,75227025826.0,2.252818068229767
Caribbean small states,CSS,2015,75480329447.0,76921753856.0,-1.8738839622642889
Caribbean small states,CSS,2016,70977854237.0,75480329447.0,-5.965097453849221
Caribbean small states,CSS,2017,73482494257.0,70977854237.0,3.5287626639667558
Caribbean small states,CSS,2018,76247249561.0,73482494257.0,3.762467961866478
Caribbean small states,CSS,2019,77282796216.0,76247249561.0,1.3581429637950837
Caribbean small states,CSS,2020,65994922945.0,77282796216.0,-14.605932786711273
Caribbean small states,CSS,2021,75672802627.0,65994922945.0,14.664582137728255
Caribbean small states,CSS,2022,92935645973.0,75672802627.0,22.81248050384832
Cayman Islands,CYM,2006,4200288282.0,,
Cayman Islands,CYM,2007,4466278031.0,4200288282.0,6.332654597539844
Cayman Islands,CYM,2008,4585948969.0,4466278031.0,2.6794332365646767
Cayman Islands,CYM,2009,4281714618.0,4585948969.0,-6.6340544357679665
Cayman Islands,CYM,2010,4156841164.0,4281714618.0,-2.9164357072057445
Cayman Islands,CYM,2011,4186073160.0,4156841164.0,0.7032261962078623
Cayman Islands,CYM,2012,4291004486.0,4186073160.0,2.50667683027308
Cayman Islands,CYM,2013,4405796081.0,4291004486.0,2.6751683754823175
Cayman Islands,CYM,2014,4562853582.0,4405796081.0,3.5647927891467868
Cayman Islands,CYM,2015,4708167255.0,4562853582.0,3.1847104095833245
Cayman Islands,CYM,2016,4909322200.0,4708167255.0,4.272468119869299
Cayman Islands,CYM,2017,5166281293.0,4909322200.0,5.234105290542956
Cayman Islands,CYM,2018,5530178499.0,5166281293.0,7.04369710749313
Cayman Islands,CYM,2019,5941896600.0,5530178499.0,7.444933306844415
Cayman Islands,CYM,2020,5647224973.0,5941896600.0,-4.959218357990281
Cayman Islands,CYM,2021,6028373541.0,5647224973.0,6.74930731150809
Central African Republic,CAF,1960,112155598.3,,
Central African Republic,CAF,1961,123134583.7,112155598.3,9.789065874922098
Central African Republic,CAF,1962,124482774.0,123134583.7,1.0948916701457811
Central African Republic,CAF,1963,129379123.9,124482774.0,3.9333553893970974
Central African Republic,CAF,1964,142025078.7,129379123.9,9.774339490638638
Central African Republic,CAF,1965,150574795.3,142025078.7,6.0198640115240565
Central African Republic,CAF,1966,157930018.4,150574795.3,4.884763804822523
Central African Republic,CAF,1967,163820513.7,157930018.4,3.72981359698239
Central African Republic,CAF,1968,191767441.8,163820513.7,17.059480201105014
Central African Republic,CAF,1969,188039209.9,191767441.8,-1.944142272017313
Central African Republic,CAF,1970,189106529.2,188039209.9,0.5676046504170973
Central African Republic,CAF,1971,201450800.1,189106529.2,6.52768095962708
Central African Republic,CAF,1972,230317882.9,201450800.1,14.329594514228994
Central African Republic,CAF,1973,271183082.0,230317882.9,17.74295533870591
Central African Republic,CAF,1974,281398706.0,271183082.0,3.7670580054842695
Central African Republic,CAF,1975,378660015.7,281398706.0,34.56352414783315
Central African Republic,CAF,1976,451152460.8,378660015.7,19.144467885258166
Central African Republic,CAF,1977,507298148.4,451152460.8,12.444947657038231
Central African Republic,CAF,1978,610578631.4,507298148.4,20.358931591952967
Central African Republic,CAF,1979,700764746.9,610578631.4,14.77059806256429
Central African Republic,CAF,1980,797048197.0,700764746.9,13.739767950076365
Central African Republic,CAF,1981,694803624.0,797048197.0,-12.827903429784682
Central African Republic,CAF,1982,748312391.4,694803624.0,7.701279261030458
Central African Republic,CAF,1983,658679332.6,748312391.4,-11.978026801388065
Central African Republic,CAF,1984,637820670.6,658679332.6,-3.1667400156104475
Central African Republic,CAF,1985,864849836.8,637820670.6,35.594513734782666
Central African Republic,CAF,1986,1122265015.0,864849836.8,29.764147167149012
Central African Republic,CAF,1987,1200991976.0,1122265015.0,7.015006255006528
Central African Republic,CAF,1988,1264899288.0,1200991976.0,5.321210572351065
Central African Republic,CAF,1989,1233930279.0,1264899288.0,-2.44833792648953
Central African Republic,CAF,1990,1440711459.0,1233930279.0,16.75793061562436
Central African Republic,CAF,1991,1377374988.0,1440711459.0,-4.396194019582655
Central African Republic,CAF,1992,1411917554.0,1377374988.0,2.507854890711858
Central African Republic,CAF,1993,1278781259.0,1411917554.0,-9.429466658504337
Central African Republic,CAF,1994,851174357.3,1278781259.0,-33.438627497120684
Central African Republic,CAF,1995,1115389674.0,851174357.3,31.041268388079057
Central African Republic,CAF,1996,1007791127.0,1115389674.0,-9.646722531878126
Central African Republic,CAF,1997,937741512.4,1007791127.0,-6.950806841148149
Central African Republic,CAF,1998,967338390.4,937741512.4,3.1561872444199945
Central African Republic,CAF,1999,999477510.7,967338390.4,3.322427872082101
Central African Republic,CAF,2000,916777282.7,999477510.7,-8.274346057279425
Central African Republic,CAF,2001,932648604.4,916777282.7,1.7312080043320188
Central African Republic,CAF,2002,996068145.6,932648604.4,6.799939537871258
Central African Republic,CAF,2003,1142315522.0,996068145.6,14.68246696232869
Central African Republic,CAF,2004,1272360517.0,1142315522.0,11.38433230534357
Central African Republic,CAF,2005,1337894380.0,1272360517.0,5.150573451816731
Central African Republic,CAF,2006,1461859763.0,1337894380.0,9.265707730979479
Central African Republic,CAF,2007,1699811293.0,1461859763.0,16.277315787916645
Central African Republic,CAF,2008,1993407887.0,1699811293.0,17.2723051793491
Central African Republic,CAF,2009,2067381664.0,1993407887.0,3.7109202528202934
Central African Republic,CAF,2010,2142591539.0,2067381664.0,3.637928898647713
Central African Republic,CAF,2011,2437982707.0,2142591539.0,13.786630004982946
Central African Republic,CAF,2012,2510126510.0,2437982707.0,2.959159750922713
Central African Republic,CAF,2013,1691544111.0,2510126510.0,-32.61120089919293
Central African Republic,CAF,2014,1894813390.0,1691544111.0,12.016788547112256
Central African Republic,CAF,2015,1695825714.0,1894813390.0,-10.501703072723167
Central African Republic,CAF,2016,1825018144.0,1695825714.0,7.618261059107878
Central African Republic,CAF,2017,2072349974.0,1825018144.0,13.552294305299784
Central African Republic,CAF,2018,2220979145.0,2072349974.0,7.172011140238044
Central African Republic,CAF,2019,2221301351.0,2220979145.0,0.014507385210049684
Central African Republic,CAF,2020,2326720902.0,2221301351.0,4.745846436033618
Central African Republic,CAF,2021,2516498412.0,2326720902.0,8.156436375195298
Central African Republic,CAF,2022,2382618615.0,2516498412.0,-5.3200827134080475
Central Europe and the Baltics,CEB,1990,255000000000.0,,
Central Europe and the Baltics,CEB,1991,243000000000.0,255000000000.0,-4.705882352941182
Central Europe and the Baltics,CEB,1992,260000000000.0,243000000000.0,6.995884773662553
Central Europe and the Baltics,CEB,1993,274000000000.0,260000000000.0,5.384615384615388
Central Europe and the Baltics,CEB,1994,311000000000.0,274000000000.0,13.503649635036496
Central Europe and the Baltics,CEB,1995,393000000000.0,311000000000.0,26.36655948553055
Central Europe and the Baltics,CEB,1996,416000000000.0,393000000000.0,5.852417302798973
Central Europe and the Baltics,CEB,1997,410000000000.0,416000000000.0,-1.4423076923076872
Central Europe and the Baltics,CEB,1998,449000000000.0,410000000000.0,9.512195121951228
Central Europe and the Baltics,CEB,1999,435000000000.0,449000000000.0,-3.11804008908686
Central Europe and the Baltics,CEB,2000,429000000000.0,435000000000.0,-1.379310344827589
Central Europe and the Baltics,CEB,2001,469000000000.0,429000000000.0,9.32400932400932
Central Europe and the Baltics,CEB,2002,528000000000.0,469000000000.0,12.579957356076754
Central Europe and the Baltics,CEB,2003,634000000000.0,528000000000.0,20.07575757575757
Central Europe and the Baltics,CEB,2004,763000000000.0,634000000000.0,20.34700315457414
Central Europe and the Baltics,CEB,2005,886000000000.0,763000000000.0,16.12057667103539
Central Europe and the Baltics,CEB,2006,1000000000000.0,886000000000.0,12.866817155756216
Central Europe and the Baltics,CEB,2007,1270000000000.0,1000000000000.0,27.0
Central Europe and the Baltics,CEB,2008,1530000000000.0,1270000000000.0,20.472440944881896
Central Europe and the Baltics,CEB,2009,1290000000000.0,1530000000000.0,-15.686274509803921
Central Europe and the Baltics,CEB,2010,1320000000000.0,1290000000000.0,2.3255813953488413
Central Europe and the Baltics,CEB,2011,1450000000000.0,1320000000000.0,9.84848484848484
Central Europe and the Baltics,CEB,2012,1360000000000.0,1450000000000.0,-6.206896551724139
Central Europe and the Baltics,CEB,2013,1420000000000.0,1360000000000.0,4.4117647058823595
Central Europe and the Baltics,CEB,2014,1460000000000.0,1420000000000.0,2.8169014084507005
Central Europe and the Baltics,CEB,2015,1290000000000.0,1460000000000.0,-11.64383561643836
Central Europe and the Baltics,CEB,2016,1320000000000.0,1290000000000.0,2.3255813953488413
Central Europe and the Baltics,CEB,2017,1460000000000.0,1320000000000.0,10.606060606060597
Central Europe and the Baltics,CEB,2018,1650000000000.0,1460000000000.0,13.013698630136993
Central Europe and the Baltics,CEB,2019,1670000000000.0,1650000000000.0,1.21212121212122
Central Europe and the Baltics,CEB,2020,1670000000000.0,1670000000000.0,0.0
Central Europe and the Baltics,CEB,2021,1910000000000.0,1670000000000.0,14.371257485029943
Central Europe and the Baltics,CEB,2022,1950000000000.0,1910000000000.0,2.0942408376963373
Chad,TCD,1960,313582727.6,,
Chad,TCD,1961,333975336.6,313582727.6,6.503103393504639
Chad,TCD,1962,357635713.9,333975336.6,7.084468434367608
Chad,TCD,1963,371767002.7,357635713.9,3.9513080631402797
Chad,TCD,1964,392247517.6,371767002.7,5.508965225869433
Chad,TCD,1965,416926303.0,392247517.6,6.291635840297793
Chad,TCD,1966,432794922.5,416926303.0,3.80609699743506
Chad,TCD,1967,449826323.0,432794922.5,3.9352126410401755
Chad,TCD,1968,453980096.7,449826323.0,0.9234172140699659
Chad,TCD,1969,471635620.9,453980096.7,3.889052477925503
Chad,TCD,1970,469266736.6,471635620.9,-0.502270014185846
Chad,TCD,1971,501866730.7,469266736.6,6.9470072258260185
Chad,TCD,1972,585427545.7,501866730.7,16.650000864462577
Chad,TCD,1973,647199482.8,585427545.7,10.551593882747468
Chad,TCD,1974,652532796.1,647199482.8,0.8240601919096591
Chad,TCD,1975,864602103.3,652532796.1,32.49940975648686
Chad,TCD,1976,866044961.0,864602103.3,0.16688112306146863
Chad,TCD,1977,935360466.4,866044961.0,8.0036843953186
Chad,TCD,1978,1113920123.0,935360466.4,19.089929820023023
Chad,TCD,1979,1004316495.0,1113920123.0,-9.839451297891666
Chad,TCD,1980,1033002402.0,1004316495.0,2.856261660822379
Chad,TCD,1981,876937559.7,1033002402.0,-15.107887648454854
Chad,TCD,1982,834369860.4,876937559.7,-4.854131155536601
Chad,TCD,1983,832415806.0,834369860.4,-0.23419522836829465
Chad,TCD,1984,919103735.3,832415806.0,10.41401769105763
Chad,TCD,1985,1033069710.0,919103735.3,12.39968572892385
Chad,TCD,1986,1067828247.0,1033069710.0,3.3645877585550377
Chad,TCD,1987,1163426851.0,1067828247.0,8.952619887006975
Chad,TCD,1988,1482597299.0,1163426851.0,27.433649801503513
Chad,TCD,1989,1433686310.0,1482597299.0,-3.2990070218656187
Chad,TCD,1990,1738605558.0,1433686310.0,21.268198341100163
Chad,TCD,1991,1877137983.0,1738605558.0,7.968019218767508
Chad,TCD,1992,1881847671.0,1877137983.0,0.25089727247824545
Chad,TCD,1993,1463251161.0,1881847671.0,-22.243910410536095
Chad,TCD,1994,1179837964.0,1463251161.0,-19.368732077841834
Chad,TCD,1995,1445919895.0,1179837964.0,22.5524130532216
Chad,TCD,1996,1607345355.0,1445919895.0,11.164204916068332
Chad,TCD,1997,1544689576.0,1607345355.0,-3.8980906502199764
Chad,TCD,1998,1744794532.0,1544689576.0,12.95437990318904
Chad,TCD,1999,1534673583.0,1744794532.0,-12.042733121082472
Chad,TCD,2000,1388506772.0,1534673583.0,-9.524293153875185
Chad,TCD,2001,1710843376.0,1388506772.0,23.21462239148517
Chad,TCD,2002,1997005710.0,1710843376.0,16.726389920569783
Chad,TCD,2003,2742815071.0,1997005710.0,37.346380997578606
Chad,TCD,2004,4422855658.0,2742815071.0,61.2524192667308
Chad,TCD,2005,6649307528.0,4422855658.0,50.33969096352544
Chad,TCD,2006,7428701455.0,6649307528.0,11.721429994296395
Chad,TCD,2007,8650137735.0,7428701455.0,16.442123665878295
Chad,TCD,2008,10393833755.0,8650137735.0,20.158014512817466
Chad,TCD,2009,9290728312.0,10393833755.0,-10.613075685084405
Chad,TCD,2010,10668103549.0,9290728312.0,14.825266553333272
Chad,TCD,2011,12172308858.0,10668103549.0,14.100025389620452
Chad,TCD,2012,12367362746.0,12172308858.0,1.6024395229817356
Chad,TCD,2013,12953534870.0,12367362746.0,4.739669532128721
Chad,TCD,2014,13940767222.0,12953534870.0,7.62133550345705
Chad,TCD,2015,10950392257.0,13940767222.0,-21.450576696244326
Chad,TCD,2016,10097778097.0,10950392257.0,-7.786151765065485
Chad,TCD,2017,10000394388.0,10097778097.0,-0.9644072989575037
Chad,TCD,2018,11239167890.0,10000394388.0,12.387246481863446
Chad,TCD,2019,11314951088.0,11239167890.0,0.6742776577563836
Chad,TCD,2020,10715396051.0,11314951088.0,-5.298785936740414
Chad,TCD,2021,11779981332.0,10715396051.0,9.935099700777261
Chad,TCD,2022,12704149842.0,11779981332.0,7.845245963926284
Channel Islands,CHI,1998,5945677377.0,,
Channel Islands,CHI,1999,6262740657.0,5945677377.0,5.332668759097392
Channel Islands,CHI,2000,6439703435.0,6262740657.0,2.8256443575099155
Channel Islands,CHI,2001,6232906290.0,6439703435.0,-3.2112836730345484
Channel Islands,CHI,2002,6663669065.0,6232906290.0,6.911106231311548
Channel Islands,CHI,2003,7332244898.0,6663669065.0,10.033148802535852
Channel Islands,CHI,2004,8553643354.0,7332244898.0,16.65790590727756
Channel Islands,CHI,2005,8827272727.0,8553643354.0,3.198980383862282
Channel Islands,CHI,2006,9676172953.0,8827272727.0,9.616789378257984
Channel Islands,CHI,2007,11514605842.0,9676172953.0,18.999586902071776
Channel Islands,CHI,2016,9511207129.0,11514605842.0,-17.398760673965242
Channel Islands,CHI,2017,9530244530.0,9511207129.0,0.2001575692947899
Channel Islands,CHI,2018,10422948632.0,9530244530.0,9.36706397396081
Channel Islands,CHI,2019,10381669645.0,10422948632.0,-0.396039436223139
Channel Islands,CHI,2020,9811538462.0,10381669645.0,-5.491709931981759
Channel Islands,CHI,2021,11735662220.0,9811538462.0,19.61082622722332
Chile,CHL,1960,4110000000.0,,
Chile,CHL,1961,4828612639.0,4110000000.0,17.484492433090026
Chile,CHL,1962,5633224653.0,4828612639.0,16.663420202756928
Chile,CHL,1963,5592044871.0,5633224653.0,-0.7310161503690349
Chile,CHL,1964,5963077662.0,5592044871.0,6.63501097647039
Chile,CHL,1965,6109341260.0,5963077662.0,2.452820611947959
Chile,CHL,1966,7162377225.0,6109341260.0,17.236489503288933
Chile,CHL,1967,7057104134.0,7162377225.0,-1.4698065697035356
Chile,CHL,1968,7191615670.0,7057104134.0,1.9060443695586793
Chile,CHL,1969,8360001926.0,7191615670.0,16.246505786925614
Chile,CHL,1970,9144514527.0,8360001926.0,9.384119859591532
Chile,CHL,1971,10876408930.0,9144514527.0,18.939161809918126
Chile,CHL,1972,11833776659.0,10876408930.0,8.802241026073677
Chile,CHL,1973,16826412445.0,11833776659.0,42.18970773124171
Chile,CHL,1974,16209686088.0,16826412445.0,-3.6652278613511613
Chile,CHL,1975,7621570580.0,16209686088.0,-52.981380770586085
Chile,CHL,1976,10338624283.0,7621570580.0,35.649524917212005
Chile,CHL,1977,13965594906.0,10338624283.0,35.08175288818549
Chile,CHL,1978,15992038367.0,13965594906.0,14.510255199578959
Chile,CHL,1979,21806136150.0,15992038367.0,36.35620206488215
Chile,CHL,1980,29036709872.0,21806136150.0,33.158436103775315
Chile,CHL,1981,34509878044.0,29036709872.0,18.849133376773363
Chile,CHL,1982,25326722339.0,34509878044.0,-26.61022358088748
Chile,CHL,1983,20356389842.0,25326722339.0,-19.624854848849928
Chile,CHL,1984,19623025627.0,20356389842.0,-3.602624142552513
Chile,CHL,1985,17702885394.0,19623025627.0,-9.785138487298372
Chile,CHL,1986,18891048819.0,17702885394.0,6.7116935943261735
Chile,CHL,1987,22255745800.0,18891048819.0,17.811064982352363
Chile,CHL,1988,26040052657.0,22255745800.0,17.003729693030543
Chile,CHL,1989,29885218682.0,26040052657.0,14.766352724583886
Chile,CHL,1990,33113525804.0,29885218682.0,10.802354021068016
Chile,CHL,1991,37835245156.0,33113525804.0,14.259186351667918
Chile,CHL,1992,45964855774.0,37835245156.0,21.486871789730657
Chile,CHL,1993,49298281356.0,45964855774.0,7.2521180059604395
Chile,CHL,1994,57008877553.0,49298281356.0,15.640699807198356
Chile,CHL,1995,73446446283.0,57008877553.0,28.833349182709878
Chile,CHL,1996,78575020639.0,73446446283.0,6.9827399629913245
Chile,CHL,1997,85728899954.0,78575020639.0,9.104521076573846
Chile,CHL,1998,81995749804.0,85728899954.0,-4.354599384808521
Chile,CHL,1999,75596598517.0,81995749804.0,-7.804247540020459
Chile,CHL,2000,78249883996.0,75596598517.0,3.509794793747667
Chile,CHL,2001,71517267768.0,78249883996.0,-8.603995155244137
Chile,CHL,2002,70295232513.0,71517267768.0,-1.7087275467013718
Chile,CHL,2003,76507853876.0,70295232513.0,8.837898589852555
Chile,CHL,2004,99079365628.0,76507853876.0,29.50221527398056
Chile,CHL,2005,122000000000.0,99079365628.0,23.133610340277144
Chile,CHL,2006,154000000000.0,122000000000.0,26.22950819672132
Chile,CHL,2007,173000000000.0,154000000000.0,12.337662337662337
Chile,CHL,2008,180000000000.0,173000000000.0,4.046242774566466
Chile,CHL,2009,171000000000.0,180000000000.0,-5.000000000000004
Chile,CHL,2010,217000000000.0,171000000000.0,26.90058479532165
Chile,CHL,2011,251000000000.0,217000000000.0,15.668202764976957
Chile,CHL,2012,267000000000.0,251000000000.0,6.374501992031867
Chile,CHL,2013,277000000000.0,267000000000.0,3.7453183520599342
Chile,CHL,2014,259000000000.0,277000000000.0,-6.498194945848379
Chile,CHL,2015,242000000000.0,259000000000.0,-6.563706563706562
Chile,CHL,2016,249000000000.0,242000000000.0,2.892561983471076
Chile,CHL,2017,276000000000.0,249000000000.0,10.843373493975905
Chile,CHL,2018,295000000000.0,276000000000.0,6.884057971014501
Chile,CHL,2019,278000000000.0,295000000000.0,-5.762711864406778
Chile,CHL,2020,254000000000.0,278000000000.0,-8.633093525179858
Chile,CHL,2021,317000000000.0,254000000000.0,24.803149606299215
Chile,CHL,2022,301000000000.0,317000000000.0,-5.047318611987384
China,CHN,1960,59716251765.0,,
China,CHN,1961,50056688015.0,59716251765.0,-16.175770354798992
China,CHN,1962,47209188356.0,50056688015.0,-5.688549865997361
China,CHN,1963,50706616610.0,47209188356.0,7.408363447442112
China,CHN,1964,59708127658.0,50706616610.0,17.752142915062464
China,CHN,1965,70436011537.0,59708127658.0,17.96720865281165
China,CHN,1966,76720008645.0,70436011537.0,8.9215686278588
China,CHN,1967,72881367878.0,76720008645.0,-5.0034415204020855
China,CHN,1968,70846278963.0,72881367878.0,-2.792330844292934
China,CHN,1969,79705618130.0,70846278963.0,12.505016913629085
China,CHN,1970,92602638697.0,79705618130.0,16.180817449988204
China,CHN,1971,99800597893.0,92602638697.0,7.772952582433468
China,CHN,1972,114000000000.0,99800597893.0,14.227772585314291
China,CHN,1973,139000000000.0,114000000000.0,21.92982456140351
China,CHN,1974,144000000000.0,139000000000.0,3.597122302158273
China,CHN,1975,163000000000.0,144000000000.0,13.194444444444443
China,CHN,1976,154000000000.0,163000000000.0,-5.521472392638039
China,CHN,1977,175000000000.0,154000000000.0,13.636363636363647
China,CHN,1978,150000000000.0,175000000000.0,-14.28571428571429
China,CHN,1979,178000000000.0,150000000000.0,18.666666666666675
China,CHN,1980,191000000000.0,178000000000.0,7.303370786516861
China,CHN,1981,196000000000.0,191000000000.0,2.617801047120416
China,CHN,1982,205000000000.0,196000000000.0,4.591836734693877
China,CHN,1983,231000000000.0,205000000000.0,12.682926829268283
China,CHN,1984,260000000000.0,231000000000.0,12.554112554112562
China,CHN,1985,309000000000.0,260000000000.0,18.846153846153847
China,CHN,1986,301000000000.0,309000000000.0,-2.588996763754048
China,CHN,1987,273000000000.0,301000000000.0,-9.302325581395355
China,CHN,1988,312000000000.0,273000000000.0,14.28571428571428
China,CHN,1989,348000000000.0,312000000000.0,11.538461538461542
China,CHN,1990,361000000000.0,348000000000.0,3.735632183908044
China,CHN,1991,383000000000.0,361000000000.0,6.094182825484773
China,CHN,1992,427000000000.0,383000000000.0,11.488250652741506
China,CHN,1993,445000000000.0,427000000000.0,4.215456674473073
China,CHN,1994,564000000000.0,445000000000.0,26.741573033707855
China,CHN,1995,734000000000.0,564000000000.0,30.1418439716312
China,CHN,1996,864000000000.0,734000000000.0,17.711171662125345
China,CHN,1997,962000000000.0,864000000000.0,11.342592592592581
China,CHN,1998,1030000000000.0,962000000000.0,7.068607068607058
China,CHN,1999,1090000000000.0,1030000000000.0,5.825242718446599
China,CHN,2000,1210000000000.0,1090000000000.0,11.009174311926607
China,CHN,2001,1340000000000.0,1210000000000.0,10.743801652892571
China,CHN,2002,1470000000000.0,1340000000000.0,9.701492537313428
China,CHN,2003,1660000000000.0,1470000000000.0,12.925170068027203
China,CHN,2004,1960000000000.0,1660000000000.0,18.07228915662651
China,CHN,2005,2290000000000.0,1960000000000.0,16.836734693877542
China,CHN,2006,2750000000000.0,2290000000000.0,20.087336244541486
China,CHN,2007,3550000000000.0,2750000000000.0,29.0909090909091
China,CHN,2008,4590000000000.0,3550000000000.0,29.295774647887328
China,CHN,2009,5100000000000.0,4590000000000.0,11.111111111111116
China,CHN,2010,6090000000000.0,5100000000000.0,19.41176470588235
China,CHN,2011,7550000000000.0,6090000000000.0,23.97372742200328
China,CHN,2012,8530000000000.0,7550000000000.0,12.980132450331116
China,CHN,2013,9570000000000.0,8530000000000.0,12.19226260257913
China,CHN,2014,10500000000000.0,9570000000000.0,9.717868338557988
China,CHN,2015,11100000000000.0,10500000000000.0,5.714285714285716
China,CHN,2016,11200000000000.0,11100000000000.0,0.9009009009008917
China,CHN,2017,12300000000000.0,11200000000000.0,9.82142857142858
China,CHN,2018,13900000000000.0,12300000000000.0,13.008130081300816
China,CHN,2019,14300000000000.0,13900000000000.0,2.877697841726623
China,CHN,2020,14700000000000.0,14300000000000.0,2.7972027972027913
China,CHN,2021,17800000000000.0,14700000000000.0,21.08843537414966
China,CHN,2022,18000000000000.0,17800000000000.0,1.1235955056179803
Colombia,COL,1960,4031152977.0,,
Colombia,COL,1961,4540447762.0,4031152977.0,12.633973156211486
Colombia,COL,1962,4955537980.0,4540447762.0,9.1420546994061
Colombia,COL,1963,4836166667.0,4955537980.0,-2.408846698012801
Colombia,COL,1964,5973366667.0,4836166667.0,23.514491503359093
Colombia,COL,1965,5760761905.0,5973366667.0,-3.5592116448256883
Colombia,COL,1966,5428518519.0,5760761905.0,-5.767351462861747
Colombia,COL,1967,5825170438.0,5428518519.0,7.306817092208573
Colombia,COL,1968,5960212869.0,5825170438.0,2.318257164100501
Colombia,COL,1969,6450175214.0,5960212869.0,8.220551107299713
Colombia,COL,1970,7198360460.0,6450175214.0,11.599456157037036
Colombia,COL,1971,7820380971.0,7198360460.0,8.641141471817871
Colombia,COL,1972,8671358733.0,7820380971.0,10.881538446216954
Colombia,COL,1973,10315760000.0,8671358733.0,18.96359402987231
Colombia,COL,1974,12370029584.0,10315760000.0,19.913894700923642
Colombia,COL,1975,13098633902.0,12370029584.0,5.890077408888428
Colombia,COL,1976,15341403660.0,13098633902.0,17.12216537067699
Colombia,COL,1977,19470960619.0,15341403660.0,26.91772572132425
Colombia,COL,1978,23263511958.0,19470960619.0,19.47798782613315
Colombia,COL,1979,27940411250.0,23263511958.0,20.104012242191494
Colombia,COL,1980,33400735644.0,27940411250.0,19.542748834808222
Colombia,COL,1981,36388366869.0,33400735644.0,8.944806655887794
Colombia,COL,1982,38968039722.0,36388366869.0,7.08927900580687
Colombia,COL,1983,38729822782.0,38968039722.0,-0.6113136347105308
Colombia,COL,1984,38253120738.0,38729822782.0,-1.2308397244243263
Colombia,COL,1985,34894419525.0,38253120738.0,-8.780201845502045
Colombia,COL,1986,34942489684.0,34894419525.0,0.13775887277780452
Colombia,COL,1987,36373307085.0,34942489684.0,4.094778059432791
Colombia,COL,1988,39212550050.0,36373307085.0,7.8058422303065145
Colombia,COL,1989,39540080200.0,39212550050.0,0.835268682047885
Colombia,COL,1990,47844090710.0,39540080200.0,21.00150143347459
Colombia,COL,1991,49637993949.0,47844090710.0,3.7494771295236484
Colombia,COL,1992,58394443349.0,49637993949.0,17.64061901654752
Colombia,COL,1993,66474101329.0,58394443349.0,13.836347290291219
Colombia,COL,1994,81705497617.0,66474101329.0,22.913278981562037
Colombia,COL,1995,92495970511.0,81705497617.0,13.206544490532401
Colombia,COL,1996,97153389011.0,92495970511.0,5.035266373518521
Colombia,COL,1997,107000000000.0,97153389011.0,10.13511838262804
Colombia,COL,1998,98486358604.0,107000000000.0,-7.956674201869163
Colombia,COL,1999,86278947621.0,98486358604.0,-12.39502724644771
Colombia,COL,2000,99875074935.0,86278947621.0,15.758336985893816
Colombia,COL,2001,98200641189.0,99875074935.0,-1.6765281498809848
Colombia,COL,2002,97945812790.0,98200641189.0,-0.2594976936143967
Colombia,COL,2003,94644969146.0,97945812790.0,-3.370071215884596
Colombia,COL,2004,117000000000.0,94644969146.0,23.619882869331366
Colombia,COL,2005,146000000000.0,117000000000.0,24.786324786324787
Colombia,COL,2006,162000000000.0,146000000000.0,10.95890410958904
Colombia,COL,2007,206000000000.0,162000000000.0,27.160493827160504
Colombia,COL,2008,243000000000.0,206000000000.0,17.96116504854368
Colombia,COL,2009,232000000000.0,243000000000.0,-4.526748971193417
Colombia,COL,2010,286000000000.0,232000000000.0,23.275862068965523
Colombia,COL,2011,335000000000.0,286000000000.0,17.132867132867126
Colombia,COL,2012,371000000000.0,335000000000.0,10.746268656716417
Colombia,COL,2013,382000000000.0,371000000000.0,2.96495956873315
Colombia,COL,2014,381000000000.0,382000000000.0,-0.2617801047120394
Colombia,COL,2015,293000000000.0,381000000000.0,-23.097112860892388
Colombia,COL,2016,283000000000.0,293000000000.0,-3.4129692832764458
Colombia,COL,2017,312000000000.0,283000000000.0,10.24734982332156
Colombia,COL,2018,334000000000.0,312000000000.0,7.051282051282048
Colombia,COL,2019,323000000000.0,334000000000.0,-3.293413173652693
Colombia,COL,2020,270000000000.0,323000000000.0,-16.408668730650156
Colombia,COL,2021,319000000000.0,270000000000.0,18.14814814814816
Colombia,COL,2022,344000000000.0,319000000000.0,7.836990595611293
Comoros,COM,1980,212218261.5,,
Comoros,COM,1981,196349931.6,212218261.5,-7.477363063781395
Comoros,COM,1982,184009013.5,196349931.6,-6.28516546934208
Comoros,COM,1983,191621954.9,184009013.5,4.137265482378116
Comoros,COM,1984,184697225.6,191621954.9,-3.6137452535716763
Comoros,COM,1985,196726096.5,184697225.6,6.512751266795425
Comoros,COM,1986,279197721.8,196726096.5,41.922056487304936
Comoros,COM,1987,337525853.0,279197721.8,20.89133493781967
Comoros,COM,1988,356500032.8,337525853.0,5.621548581050484
Comoros,COM,1989,341476768.1,356500032.8,-4.214099107370406
Comoros,COM,1990,429622178.0,341476768.1,25.813003441038475
Comoros,COM,1991,424108769.1,429622178.0,-1.2833157090879954
Comoros,COM,1992,457388651.9,424108769.1,7.847015960227166
Comoros,COM,1993,452881475.1,457388651.9,-0.9854150909247683
Comoros,COM,1994,319189184.3,452881475.1,-29.5203708145668
Comoros,COM,1995,398461796.7,319189184.3,24.835619845280576
Comoros,COM,1996,396053806.4,398461796.7,-0.6043214983073919
Comoros,COM,1997,364445600.1,396053806.4,-7.980785890510244
Comoros,COM,1998,370106746.0,364445600.1,1.5533582785597133
Comoros,COM,1999,382454989.9,370106746.0,3.3364006556097614
Comoros,COM,2000,351136579.8,382454989.9,-8.188783236476727
Comoros,COM,2001,378512024.1,351136579.8,7.796238237438113
Comoros,COM,2002,425964681.1,378512024.1,12.536631329699421
Comoros,COM,2003,546885223.2,425964681.1,28.387457332785893
Comoros,COM,2004,633706110.4,546885223.2,15.875522599053449
Comoros,COM,2005,653845169.2,633706110.4,3.177980844667583
Comoros,COM,2006,698431794.5,653845169.2,6.819141197380585
Comoros,COM,2007,795673153.2,698431794.5,13.922813861819417
Comoros,COM,2008,915659107.8,795673153.2,15.079804328881297
Comoros,COM,2009,905341174.0,915659107.8,-1.1268313406274322
Comoros,COM,2010,907978731.7,905341174.0,0.29133301077501894
Comoros,COM,2011,1023086273.0,907978731.7,12.677338937717764
Comoros,COM,2012,1015843491.0,1023086273.0,-0.707934627913831
Comoros,COM,2013,1116224107.0,1015843491.0,9.881504079056992
Comoros,COM,2014,1149587660.0,1116224107.0,2.9889654587078374
Comoros,COM,2015,966029599.8,1149587660.0,-15.967295630156642
Comoros,COM,2016,1012835493.0,966029599.8,4.845182094802314
Comoros,COM,2017,1077439756.0,1012835493.0,6.378554409526416
Comoros,COM,2018,1188797450.0,1077439756.0,10.335398650353866
Comoros,COM,2019,1195019531.0,1188797450.0,0.5233928622575768
Comoros,COM,2020,1225039196.0,1195019531.0,2.5120648007216584
Comoros,COM,2021,1296089479.0,1225039196.0,5.799837526178231
Comoros,COM,2022,1242519407.0,1296089479.0,-4.133207843129172
"Congo, Dem. Rep.",COD,1960,3359404118.0,,
"Congo, Dem. Rep.",COD,1961,3086746857.0,3359404118.0,-8.116238815660104
"Congo, Dem. Rep.",COD,1962,3779841429.0,3086746857.0,22.453884432674755
"Congo, Dem. Rep.",COD,1963,6213185743.0,3779841429.0,64.37688881154384
"Congo, Dem. Rep.",COD,1964,2881545273.0,6213185743.0,-53.6220967440664
"Congo, Dem. Rep.",COD,1965,4043901818.0,2881545273.0,40.33795879909468
"Congo, Dem. Rep.",COD,1966,4532660182.0,4043901818.0,12.08630639409851
"Congo, Dem. Rep.",COD,1967,3384063372.0,4532660182.0,-25.340457124080963
"Congo, Dem. Rep.",COD,1968,3909780539.0,3384063372.0,15.535086350622862
"Congo, Dem. Rep.",COD,1969,5032434970.0,3909780539.0,28.7140012029202
"Congo, Dem. Rep.",COD,1970,4877684910.0,5032434970.0,-3.0750533473858255
"Congo, Dem. Rep.",COD,1971,5594770359.0,4877684910.0,14.701348328791486
"Congo, Dem. Rep.",COD,1972,6173712814.0,5594770359.0,10.347921681337402
"Congo, Dem. Rep.",COD,1973,7870239461.0,6173712814.0,27.47984394662515
"Congo, Dem. Rep.",COD,1974,9596960180.0,7870239461.0,21.939875242126394
"Congo, Dem. Rep.",COD,1975,10237343174.0,9596960180.0,6.672769105935794
"Congo, Dem. Rep.",COD,1976,9648583225.0,10237343174.0,-5.751101032690653
"Congo, Dem. Rep.",COD,1977,12344424764.0,9648583225.0,27.940283833743894
"Congo, Dem. Rep.",COD,1978,15372608002.0,12344424764.0,24.530776410344203
"Congo, Dem. Rep.",COD,1979,15068422236.0,15372608002.0,-1.9787518549905458
"Congo, Dem. Rep.",COD,1980,14394927495.0,15068422236.0,-4.469577042982986
"Congo, Dem. Rep.",COD,1981,12537821038.0,14394927495.0,-12.901117130635464
"Congo, Dem. Rep.",COD,1982,13651667371.0,12537821038.0,8.883890826197959
"Congo, Dem. Rep.",COD,1983,11006712650.0,13651667371.0,-19.374591023354636
"Congo, Dem. Rep.",COD,1984,7857729193.0,11006712650.0,-28.609663549270547
"Congo, Dem. Rep.",COD,1985,7195042616.0,7857729193.0,-8.433563447189673
"Congo, Dem. Rep.",COD,1986,8095367168.0,7195042616.0,12.513123271819126
"Congo, Dem. Rep.",COD,1987,7661625473.0,8095367168.0,-5.357900216243783
"Congo, Dem. Rep.",COD,1988,8861299977.0,7661625473.0,15.658224331477966
"Congo, Dem. Rep.",COD,1989,9021862775.0,8861299977.0,1.8119553385705256
"Congo, Dem. Rep.",COD,1990,9349764580.0,9021862775.0,3.6345244122824694
"Congo, Dem. Rep.",COD,1991,9625436873.0,9349764580.0,2.948441007698621
"Congo, Dem. Rep.",COD,1992,8227343907.0,9625436873.0,-14.524981924942493
"Congo, Dem. Rep.",COD,1993,10706259937.0,8227343907.0,30.130210405947476
"Congo, Dem. Rep.",COD,1994,5820382248.0,10706259937.0,-45.635709554508274
"Congo, Dem. Rep.",COD,1995,5643439376.0,5820382248.0,-3.040055866791247
"Congo, Dem. Rep.",COD,1996,5771454940.0,5643439376.0,2.2683961937185915
"Congo, Dem. Rep.",COD,1997,6090840548.0,5771454940.0,5.533883766231051
"Congo, Dem. Rep.",COD,1998,6217806273.0,6090840548.0,2.084535360914863
"Congo, Dem. Rep.",COD,1999,4711259427.0,6217806273.0,-24.22955588922061
"Congo, Dem. Rep.",COD,2000,19088046306.0,4711259427.0,305.1580389865039
"Congo, Dem. Rep.",COD,2001,7438189100.0,19088046306.0,-61.032213665251156
"Congo, Dem. Rep.",COD,2002,8728038525.0,7438189100.0,17.34090660588341
"Congo, Dem. Rep.",COD,2003,8937567060.0,8728038525.0,2.4006371465918885
"Congo, Dem. Rep.",COD,2004,10297483481.0,8937567060.0,15.215733900182894
"Congo, Dem. Rep.",COD,2005,11964484458.0,10297483481.0,16.18843069839153
"Congo, Dem. Rep.",COD,2006,14451901696.0,11964484458.0,20.790007682585944
"Congo, Dem. Rep.",COD,2007,16737071816.0,14451901696.0,15.81224511534347
"Congo, Dem. Rep.",COD,2008,19788515579.0,16737071816.0,18.231646470459296
"Congo, Dem. Rep.",COD,2009,18648372545.0,19788515579.0,-5.761640025237391
"Congo, Dem. Rep.",COD,2010,21565721036.0,18648372545.0,15.64398439574395
"Congo, Dem. Rep.",COD,2011,25839749199.0,21565721036.0,19.818619353673817
"Congo, Dem. Rep.",COD,2012,29306235295.0,25839749199.0,13.415324078045444
"Congo, Dem. Rep.",COD,2013,32679745036.0,29306235295.0,11.511235431783895
"Congo, Dem. Rep.",COD,2014,35909040944.0,32679745036.0,9.881643520910611
"Congo, Dem. Rep.",COD,2015,37917706486.0,35909040944.0,5.593759925620145
"Congo, Dem. Rep.",COD,2016,37134801549.0,37917706486.0,-2.0647476062115366
"Congo, Dem. Rep.",COD,2017,38019264805.0,37134801549.0,2.3817637878929654
"Congo, Dem. Rep.",COD,2018,47568210021.0,38019264805.0,25.11607014227217
"Congo, Dem. Rep.",COD,2019,51775829869.0,47568210021.0,8.84544498551123
"Congo, Dem. Rep.",COD,2020,48716961865.0,51775829869.0,-5.907907245020228
"Congo, Dem. Rep.",COD,2021,55350968593.0,48716961865.0,13.617447546059115
"Congo, Dem. Rep.",COD,2022,58065953573.0,55350968593.0,4.905036079790204
"Congo, Rep.",COG,1960,131731862.6,,
"Congo, Rep.",COG,1961,151675739.2,131731862.6,15.139751466628093
"Congo, Rep.",COG,1962,166521239.9,151675739.2,9.787656732910133
"Congo, Rep.",COG,1963,172233430.9,166521239.9,3.4303077513897273
"Congo, Rep.",COG,1964,185693724.8,172233430.9,7.81514589221366
"Congo, Rep.",COG,1965,198318063.9,185693724.8,6.798473730653498
"Congo, Rep.",COG,1966,220613582.4,198318063.9,11.242303429929756
"Congo, Rep.",COG,1967,237397428.3,220613582.4,7.607802619137383
"Congo, Rep.",COG,1968,251247458.0,237397428.3,5.834111093443539
"Congo, Rep.",COG,1969,265040036.1,251247458.0,5.4896388643263405
"Congo, Rep.",COG,1970,274960699.9,265040036.1,3.743081213683852
"Congo, Rep.",COG,1971,322128019.3,274960699.9,17.15420400702874
"Congo, Rep.",COG,1972,410669262.9,322128019.3,27.486352721630492
"Congo, Rep.",COG,1973,541973362.5,410669262.9,31.973198742164755
"Congo, Rep.",COG,1974,585364635.4,541973362.5,8.006163384090659
"Congo, Rep.",COG,1975,767102679.0,585364635.4,31.04698039638354
"Congo, Rep.",COG,1976,754549600.5,767102679.0,-1.6364274097392384
"Congo, Rep.",COG,1977,765224030.6,754549600.5,1.4146757340970817
"Congo, Rep.",COG,1978,878771771.3,765224030.6,14.838496461091122
"Congo, Rep.",COG,1979,1198749666.0,878771771.3,36.41194507495897
"Congo, Rep.",COG,1980,1705796850.0,1198749666.0,42.298004193979885
"Congo, Rep.",COG,1981,1993512326.0,1705796850.0,16.8669250385824
"Congo, Rep.",COG,1982,2160640567.0,1993512326.0,8.38360710492041
"Congo, Rep.",COG,1983,2097274290.0,2160640567.0,-2.9327542011294616
"Congo, Rep.",COG,1984,2193581366.0,2097274290.0,4.592011472185642
"Congo, Rep.",COG,1985,2160872541.0,2193581366.0,-1.4911151921227606
"Congo, Rep.",COG,1986,1849268215.0,2160872541.0,-14.420301063004715
"Congo, Rep.",COG,1987,2297753649.0,1849268215.0,24.25204901929274
"Congo, Rep.",COG,1988,2212536313.0,2297753649.0,-3.7087237805970785
"Congo, Rep.",COG,1989,2389593022.0,2212536313.0,8.002431777489205
"Congo, Rep.",COG,1990,2798746051.0,2389593022.0,17.122289244783385
"Congo, Rep.",COG,1991,2724853508.0,2798746051.0,-2.6402017779926124
"Congo, Rep.",COG,1992,2933222706.0,2724853508.0,7.646987164199515
"Congo, Rep.",COG,1993,2684323618.0,2933222706.0,-8.485516203419163
"Congo, Rep.",COG,1994,1769365439.0,2684323618.0,-34.085241170798355
"Congo, Rep.",COG,1995,2116003868.0,1769365439.0,19.591115625945044
"Congo, Rep.",COG,1996,2540697538.0,2116003868.0,20.070552630955785
"Congo, Rep.",COG,1997,2322719101.0,2540697538.0,-8.579472122903287
"Congo, Rep.",COG,1998,1949481381.0,2322719101.0,-16.068999468739463
"Congo, Rep.",COG,1999,2354772959.0,1949481381.0,20.789712687181595
"Congo, Rep.",COG,2000,3227927697.0,2354772959.0,37.08020914130093
"Congo, Rep.",COG,2001,2796704603.0,3227927697.0,-13.359131135458025
"Congo, Rep.",COG,2002,3034250926.0,2796704603.0,8.49379382953732
"Congo, Rep.",COG,2003,3503723087.0,3034250926.0,15.472423752998466
"Congo, Rep.",COG,2004,4656974938.0,3503723087.0,32.91503986941648
"Congo, Rep.",COG,2005,6650001685.0,4656974938.0,42.796595934783625
"Congo, Rep.",COG,2006,8072305031.0,6650001685.0,21.38801482123234
"Congo, Rep.",COG,2007,8782703428.0,8072305031.0,8.800440447578017
"Congo, Rep.",COG,2008,11649857662.0,8782703428.0,32.64546341003922
"Congo, Rep.",COG,2009,9723299908.0,11649857662.0,-16.537178478018046
"Congo, Rep.",COG,2010,13148396206.0,9723299908.0,35.22565723990421
"Congo, Rep.",COG,2011,15655383586.0,13148396206.0,19.066868237937552
"Congo, Rep.",COG,2012,17692911281.0,15655383586.0,13.014869190570844
"Congo, Rep.",COG,2013,17958720704.0,17692911281.0,1.5023498325312135
"Congo, Rep.",COG,2014,17912907682.0,17958720704.0,-0.2551018124013482
"Congo, Rep.",COG,2015,11890259177.0,17912907682.0,-33.6218363423596
"Congo, Rep.",COG,2016,10219341017.0,11890259177.0,-14.052832113467728
"Congo, Rep.",COG,2017,11094823677.0,10219341017.0,8.566918928956602
"Congo, Rep.",COG,2018,13670038020.0,11094823677.0,23.210953305535796
"Congo, Rep.",COG,2019,12750338736.0,13670038020.0,-6.727847301188417
"Congo, Rep.",COG,2020,10483151094.0,12750338736.0,-17.781391451183172
"Congo, Rep.",COG,2021,13366230821.0,10483151094.0,27.502033512138556
"Congo, Rep.",COG,2022,14615532210.0,13366230821.0,9.346699198379804
Costa Rica,CRI,1960,507513830.0,,
Costa Rica,CRI,1961,490325181.6,507513830.0,-3.3868334977196546
Costa Rica,CRI,1962,479180824.3,490325181.6,-2.2728502875651646
Costa Rica,CRI,1963,511902136.8,479180824.3,6.828593892044865
Costa Rica,CRI,1964,542578367.2,511902136.8,5.992596669309314
Costa Rica,CRI,1965,592981161.8,542578367.2,9.289495793963521
Costa Rica,CRI,1966,647305629.6,592981161.8,9.161246815176671
Costa Rica,CRI,1967,699456618.3,647305629.6,8.056625234701942
Costa Rica,CRI,1968,773841493.7,699456618.3,10.634666032725427
Costa Rica,CRI,1969,853630203.0,773841493.7,10.310730291613467
Costa Rica,CRI,1970,984830157.7,853630203.0,15.369647681034548
Costa Rica,CRI,1971,1077147483.0,984830157.7,9.373933624819175
Costa Rica,CRI,1972,1238251696.0,1077147483.0,14.956560317191038
Costa Rica,CRI,1973,1528925770.0,1238251696.0,23.474554885649024
Costa Rica,CRI,1974,1666544754.0,1528925770.0,9.001024555953418
Costa Rica,CRI,1975,1960863466.0,1666544754.0,17.660414536938383
Costa Rica,CRI,1976,2412555426.0,1960863466.0,23.035360076416467
Costa Rica,CRI,1977,3072427013.0,2412555426.0,27.351561746047114
Costa Rica,CRI,1978,3523208810.0,3072427013.0,14.671847210451539
Costa Rica,CRI,1979,4035519324.0,3523208810.0,14.541020462536824
Costa Rica,CRI,1980,4831447002.0,4035519324.0,19.723054558714836
Costa Rica,CRI,1981,2623803056.0,4831447002.0,-45.69322493004964
Costa Rica,CRI,1982,2606623578.0,2623803056.0,-0.6547548590095098
Costa Rica,CRI,1983,3146772656.0,2606623578.0,20.72217417807767
Costa Rica,CRI,1984,3660477829.0,3146772656.0,16.324826390635838
Costa Rica,CRI,1985,3919203960.0,3660477829.0,7.0680972016891275
Costa Rica,CRI,1986,4418983871.0,3919203960.0,12.752077108025794
Costa Rica,CRI,1987,4532952047.0,4418983871.0,2.579058428973391
Costa Rica,CRI,1988,4614629898.0,4532952047.0,1.801868851757571
Costa Rica,CRI,1989,5251025767.0,4614629898.0,13.790832267519804
Costa Rica,CRI,1990,5711687787.0,5251025767.0,8.772800600123198
Costa Rica,CRI,1991,7196276092.0,5711687787.0,25.992112320616933
Costa Rica,CRI,1992,8564041895.0,7196276092.0,19.00657764535363
Costa Rica,CRI,1993,9582868510.0,8564041895.0,11.89656271526216
Costa Rica,CRI,1994,10486787030.0,9582868510.0,9.432650766904871
Costa Rica,CRI,1995,11578594260.0,10486787030.0,10.41126540356565
Costa Rica,CRI,1996,11678424507.0,11578594260.0,0.8621966083126154
Costa Rica,CRI,1997,12614602382.0,11678424507.0,8.01630283638739
Costa Rica,CRI,1998,13684255947.0,12614602382.0,8.479486967629724
Costa Rica,CRI,1999,14254866281.0,13684255947.0,4.169830907942762
Costa Rica,CRI,2000,15013629659.0,14254866281.0,5.322837570292327
Costa Rica,CRI,2001,15976174337.0,15013629659.0,6.411139077371586
Costa Rica,CRI,2002,16578820687.0,15976174337.0,3.7721568210751233
Costa Rica,CRI,2003,17271760507.0,16578820687.0,4.179668946798842
Costa Rica,CRI,2004,18610594846.0,17271760507.0,7.751580034110539
Costa Rica,CRI,2005,20040642477.0,18610594846.0,7.684051169956896
Costa Rica,CRI,2006,22715540324.0,20040642477.0,13.347365734755723
Costa Rica,CRI,2007,26884700345.0,22715540324.0,18.353778785508766
Costa Rica,CRI,2008,30801744881.0,26884700345.0,14.569790571344377
Costa Rica,CRI,2009,30745714327.0,30801744881.0,-0.1819070777206555
Costa Rica,CRI,2010,37658614803.0,30745714327.0,22.484110801515158
Costa Rica,CRI,2011,42762613706.0,37658614803.0,13.553336812041739
Costa Rica,CRI,2012,47231655433.0,42762613706.0,10.450815185726015
Costa Rica,CRI,2013,50949668886.0,47231655433.0,7.871867752495265
Costa Rica,CRI,2014,52016408924.0,50949668886.0,2.09371338680695
Costa Rica,CRI,2015,56441920824.0,52016408924.0,8.50791508207731
Costa Rica,CRI,2016,58847019585.0,56441920824.0,4.261192259029767
Costa Rica,CRI,2017,60516044623.0,58847019585.0,2.8362099725190326
Costa Rica,CRI,2018,62420164965.0,60516044623.0,3.1464719048678758
Costa Rica,CRI,2019,64417670556.0,62420164965.0,3.2000966228141747
Costa Rica,CRI,2020,62395610764.0,64417670556.0,-3.1389830997415102
Costa Rica,CRI,2021,64616482168.0,62395610764.0,3.559339153518404
Costa Rica,CRI,2022,68380838316.0,64616482168.0,5.825690321879229
Cote d'Ivoire,CIV,1960,546203558.5,,
Cote d'Ivoire,CIV,1961,618245635.1,546203558.5,13.189602205786443
Cote d'Ivoire,CIV,1962,645284474.6,618245635.1,4.3734784307254415
Cote d'Ivoire,CIV,1963,761047199.0,645284474.6,17.93979693557004
Cote d'Ivoire,CIV,1964,921063326.3,761047199.0,21.02578230499472
Cote d'Ivoire,CIV,1965,919771228.0,921063326.3,-0.14028332939824972
Cote d'Ivoire,CIV,1966,1024102882.0,919771228.0,11.34321783764256
Cote d'Ivoire,CIV,1967,1082922726.0,1024102882.0,5.743548332285631
Cote d'Ivoire,CIV,1968,1281281278.0,1082922726.0,18.316962719277164
Cote d'Ivoire,CIV,1969,1361360292.0,1281281278.0,6.249916811786904
Cote d'Ivoire,CIV,1970,1455482795.0,1361360292.0,6.9138569380279735
Cote d'Ivoire,CIV,1971,1584128511.0,1455482795.0,8.838697127986329
Cote d'Ivoire,CIV,1972,1849400398.0,1584128511.0,16.74560398086289
Cote d'Ivoire,CIV,1973,2508421426.0,1849400398.0,35.63430767683873
Cote d'Ivoire,CIV,1974,3070152314.0,2508421426.0,22.393800426738974
Cote d'Ivoire,CIV,1975,3893839184.0,3070152314.0,26.828860126709664
Cote d'Ivoire,CIV,1976,4662053820.0,3893839184.0,19.728976973590395
Cote d'Ivoire,CIV,1977,6265068200.0,4662053820.0,34.384295889574254
Cote d'Ivoire,CIV,1978,7900526290.0,6265068200.0,26.104394043148638
Cote d'Ivoire,CIV,1979,9142933956.0,7900526290.0,15.725631690797147
Cote d'Ivoire,CIV,1980,10175617589.0,9142933956.0,11.294882342689426
Cote d'Ivoire,CIV,1981,8432589956.0,10175617589.0,-17.129453006215954
Cote d'Ivoire,CIV,1982,7567110856.0,8432589956.0,-10.263502725923368
Cote d'Ivoire,CIV,1983,6838184772.0,7567110856.0,-9.632818890475626
Cote d'Ivoire,CIV,1984,6841639250.0,6838184772.0,0.05051747086661784
Cote d'Ivoire,CIV,1985,6977650648.0,6841639250.0,1.9879942953729968
Cote d'Ivoire,CIV,1986,9158302111.0,6977650648.0,31.251943856275453
Cote d'Ivoire,CIV,1987,10087654451.0,9158302111.0,10.147648862596025
Cote d'Ivoire,CIV,1988,10255169812.0,10087654451.0,1.6605977317491583
Cote d'Ivoire,CIV,1989,9757410630.0,10255169812.0,-4.853739051863881
Cote d'Ivoire,CIV,1990,10795850585.0,9757410630.0,10.642577158813292
Cote d'Ivoire,CIV,1991,10492628588.0,10795850585.0,-2.808690196410313
Cote d'Ivoire,CIV,1992,11152971284.0,10492628588.0,6.293396268264062
Cote d'Ivoire,CIV,1993,11045760269.0,11152971284.0,-0.9612776028017245
Cote d'Ivoire,CIV,1994,8313557515.0,11045760269.0,-24.735307370991432
Cote d'Ivoire,CIV,1995,11000146269.0,8313557515.0,32.31575350447311
Cote d'Ivoire,CIV,1996,18071152821.0,11000146269.0,64.2810229890044
Cote d'Ivoire,CIV,1997,18047558027.0,18071152821.0,-0.13056606976717955
Cote d'Ivoire,CIV,1998,19619654770.0,18047558027.0,8.710855732659617
Cote d'Ivoire,CIV,1999,18870992456.0,19619654770.0,-3.815879141486034
Cote d'Ivoire,CIV,2000,16577533892.0,18870992456.0,-12.153354251756898
Cote d'Ivoire,CIV,2001,16810537038.0,16577533892.0,1.405535633454158
Cote d'Ivoire,CIV,2002,18054383334.0,16810537038.0,7.399206183528229
Cote d'Ivoire,CIV,2003,21251754335.0,18054383334.0,17.70966607858997
Cote d'Ivoire,CIV,2004,23510575669.0,21251754335.0,10.628869967124999
Cote d'Ivoire,CIV,2005,24036918719.0,23510575669.0,2.2387501582703084
Cote d'Ivoire,CIV,2006,25281413268.0,24036918719.0,5.1774296179496915
Cote d'Ivoire,CIV,2007,28760090924.0,25281413268.0,13.759822756440364
Cote d'Ivoire,CIV,2008,34078240260.0,28760090924.0,18.491420455009955
Cote d'Ivoire,CIV,2009,33886813225.0,34078240260.0,-0.5617280515059053
Cote d'Ivoire,CIV,2010,34936307964.0,33886813225.0,3.097059413736014
Cote d'Ivoire,CIV,2011,36693710822.0,34936307964.0,5.030305033407956
Cote d'Ivoire,CIV,2012,36302302844.0,36693710822.0,-1.0666895476958094
Cote d'Ivoire,CIV,2013,42760235496.0,36302302844.0,17.789319536425374
Cote d'Ivoire,CIV,2014,48843005625.0,42760235496.0,14.225296138906929
Cote d'Ivoire,CIV,2015,45815005171.0,48843005625.0,-6.199455613456628
Cote d'Ivoire,CIV,2016,48407761032.0,45815005171.0,5.659184914031545
Cote d'Ivoire,CIV,2017,52512344034.0,48407761032.0,8.47918373933192
Cote d'Ivoire,CIV,2018,58522477745.0,52512344034.0,11.445182692870537
Cote d'Ivoire,CIV,2019,59898479821.0,58522477745.0,2.3512368734551092
Cote d'Ivoire,CIV,2020,62982768372.0,59898479821.0,5.149193368875227
Cote d'Ivoire,CIV,2021,71811075955.0,62982768372.0,14.017020545773228
Cote d'Ivoire,CIV,2022,70018715017.0,71811075955.0,-2.495939399547742
Croatia,HRV,1995,22778305790.0,,
Croatia,HRV,1996,24147539210.0,22778305790.0,6.011129329035136
Croatia,HRV,1997,24172608178.0,24147539210.0,0.10381582894218866
Croatia,HRV,1998,25885225294.0,24172608178.0,7.084949639644966
Croatia,HRV,1999,23770159784.0,25885225294.0,-8.170937227617081
Croatia,HRV,2000,22128719418.0,23770159784.0,-6.905466269119797
Croatia,HRV,2001,23063323723.0,22128719418.0,4.223490240649763
Croatia,HRV,2002,26757255952.0,23063323723.0,16.016478255110343
Croatia,HRV,2003,35254833028.0,26757255952.0,31.758028892214707
Croatia,HRV,2004,41855265955.0,35254833028.0,18.722065487468974
Croatia,HRV,2005,45025328214.0,41855265955.0,7.573867198474482
Croatia,HRV,2006,49532592593.0,45025328214.0,10.010508657654892
Croatia,HRV,2007,59172904661.0,49532592593.0,19.462563058656414
Croatia,HRV,2008,68342061762.0,59172904661.0,15.495533223406666
Croatia,HRV,2009,61941466003.0,68342061762.0,-9.36552921287327
Croatia,HRV,2010,58693611581.0,61941466003.0,-5.24342517473303
Croatia,HRV,2011,62599775593.0,58693611581.0,6.65517746613582
Croatia,HRV,2012,57231455635.0,62599775593.0,-8.57562172890648
Croatia,HRV,2013,59363124069.0,57231455635.0,3.7246447960278317
Croatia,HRV,2014,59214461630.0,59363124069.0,-0.25042893434517044
Croatia,HRV,2015,50742086223.0,59214461630.0,-14.307949736906188
Croatia,HRV,2016,52391038979.0,50742086223.0,3.249674734998531
Croatia,HRV,2017,55937483558.0,52391038979.0,6.769181616004083
Croatia,HRV,2018,61330483610.0,55937483558.0,9.641120245261202
Croatia,HRV,2019,61329267533.0,61330483610.0,-0.0019828263669530166
Croatia,HRV,2020,57624938982.0,61329267533.0,-6.040066513115905
Croatia,HRV,2021,68843674641.0,57624938982.0,19.46854236583979
Croatia,HRV,2022,70964606465.0,68843674641.0,3.0807940381742505
Cuba,CUB,1970,5693005200.0,,
Cuba,CUB,1971,6914658400.0,5693005200.0,21.458845672580807
Cuba,CUB,1972,8135150892.0,6914658400.0,17.650799524673545
Cuba,CUB,1973,9987709650.0,8135150892.0,22.772272851408104
Cuba,CUB,1974,11405957317.0,9987709650.0,14.199928879590518
Cuba,CUB,1975,13027415244.0,11405957317.0,14.215886329710337
Cuba,CUB,1976,13789579903.0,13027415244.0,5.8504672241182165
Cuba,CUB,1977,14206158675.0,13789579903.0,3.0209678244757177
Cuba,CUB,1978,17844705325.0,14206158675.0,25.61245959052334
Cuba,CUB,1979,19584443288.0,17844705325.0,9.749323013827915
Cuba,CUB,1980,19912889861.0,19584443288.0,1.6770789354081383
Cuba,CUB,1981,20150254096.0,19912889861.0,1.1920129958880699
Cuba,CUB,1982,20953510235.0,20150254096.0,3.986332555277561
Cuba,CUB,1983,22204940512.0,20953510235.0,5.9724135143220725
Cuba,CUB,1984,24039383608.0,22204940512.0,8.261418646938633
Cuba,CUB,1985,22920490774.0,24039383608.0,-4.654415654932375
Cuba,CUB,1986,24226574634.0,22920490774.0,5.698324145317013
Cuba,CUB,1987,25213935012.0,24226574634.0,4.075526123343587
Cuba,CUB,1988,27458999472.0,25213935012.0,8.904062213738207
Cuba,CUB,1989,27023468666.0,27458999472.0,-1.5861131664469896
Cuba,CUB,1990,28645436569.0,27023468666.0,6.0020714699764
Cuba,CUB,1991,24316556026.0,28645436569.0,-15.111937751665128
Cuba,CUB,1992,22085858243.0,24316556026.0,-9.173576145465956
Cuba,CUB,1993,22367254865.0,22085858243.0,1.274103179074726
Cuba,CUB,1994,28448326757.0,22367254865.0,27.18738588487042
Cuba,CUB,1995,30429803651.0,28448326757.0,6.965179045240122
Cuba,CUB,1996,25017368700.0,30429803651.0,-17.786624629837643
Cuba,CUB,1997,25365908100.0,25017368700.0,1.3931896842532376
Cuba,CUB,1998,25736331200.0,25365908100.0,1.460318702329455
Cuba,CUB,1999,28364615200.0,25736331200.0,10.212349147884758
Cuba,CUB,2000,30565400000.0,28364615200.0,7.758909417533721
Cuba,CUB,2001,31682400000.0,30565400000.0,3.654458963403062
Cuba,CUB,2002,33590500000.0,31682400000.0,6.022586672726815
Cuba,CUB,2003,35901200000.0,33590500000.0,6.8790282966910254
Cuba,CUB,2004,38203000000.0,35901200000.0,6.411484852873994
Cuba,CUB,2005,42643836100.0,38203000000.0,11.624312488548028
Cuba,CUB,2006,48835925926.0,42643836100.0,14.520480313918105
Cuba,CUB,2007,54262870370.0,48835925926.0,11.11260683830042
Cuba,CUB,2008,56302129630.0,54262870370.0,3.75811166290132
Cuba,CUB,2009,57481481481.0,56302129630.0,2.0946842663862375
Cuba,CUB,2010,59562962963.0,57481481481.0,3.6211340215509535
Cuba,CUB,2011,68990000000.0,59562962963.0,15.827011565653626
Cuba,CUB,2012,73141000000.0,68990000000.0,6.016814031018991
Cuba,CUB,2013,77148000000.0,73141000000.0,5.478459414008552
Cuba,CUB,2014,80656000000.0,77148000000.0,4.547104267122926
Cuba,CUB,2015,87133000000.0,80656000000.0,8.030400714144026
Cuba,CUB,2016,91370000000.0,87133000000.0,4.862681188527884
Cuba,CUB,2017,96851000000.0,91370000000.0,5.998686658640695
Cuba,CUB,2018,100000000000.0,96851000000.0,3.25138614985907
Cuba,CUB,2019,103000000000.0,100000000000.0,3.0000000000000027
Cuba,CUB,2020,107000000000.0,103000000000.0,3.8834951456310662
Curacao,CUW,2011,2933128492.0,,
Curacao,CUW,2012,3024525140.0,2933128492.0,3.1160124164107073
Curacao,CUW,2013,3039944134.0,3024525140.0,0.5097988373804707
Curacao,CUW,2014,3048435754.0,3039944134.0,0.2793347385902978
Curacao,CUW,2015,3042737430.0,3048435754.0,-0.1869261634437569
Curacao,CUW,2016,3014748603.0,3042737430.0,-0.9198567948730307
Curacao,CUW,2017,3009497207.0,3014748603.0,-0.1741901793991807
Curacao,CUW,2018,3020388827.0,3009497207.0,0.3619082940055973
Curacao,CUW,2019,2995185475.0,3020388827.0,-0.8344406446845865
Curacao,CUW,2020,2496174749.0,2995185475.0,-16.660428216052292
Curacao,CUW,2021,2699612458.0,2496174749.0,8.149978645585598
Cyprus,CYP,1975,489914760.7,,
Cyprus,CYP,1976,576090073.7,489914760.7,17.589858463719498
Cyprus,CYP,1977,734887974.0,576090073.7,27.564769391026566
Cyprus,CYP,1978,964026512.2,734887974.0,31.180063670493553
Cyprus,CYP,1979,1288715210.0,964026512.2,33.68047389682567
Cyprus,CYP,1980,2154311277.0,1288715210.0,67.16736640362923
Cyprus,CYP,1981,2087496374.0,2154311277.0,-3.101450738030931
Cyprus,CYP,1982,2159242417.0,2087496374.0,3.4369421616058826
Cyprus,CYP,1983,2160364071.0,2159242417.0,0.051946645321954144
Cyprus,CYP,1984,2278248953.0,2160364071.0,5.456713689254844
Cyprus,CYP,1985,2430411900.0,2278248953.0,6.678942913575425
Cyprus,CYP,1986,3090734463.0,2430411900.0,27.169162683905547
Cyprus,CYP,1987,3704813886.0,3090734463.0,19.86839796013884
Cyprus,CYP,1988,4278792597.0,3704813886.0,15.492781247905318
Cyprus,CYP,1989,4563482604.0,4278792597.0,6.6535126568089575
Cyprus,CYP,1990,5591130218.0,4563482604.0,22.51893352456833
Cyprus,CYP,1991,5770197348.0,5591130218.0,3.2027000448588083
Cyprus,CYP,1992,6912150456.0,5770197348.0,19.790538158903882
Cyprus,CYP,1993,6590291048.0,6912150456.0,-4.656429428856168
Cyprus,CYP,1994,7425703929.0,6590291048.0,12.676418612096473
Cyprus,CYP,1995,9933133247.0,7425703929.0,33.7668905463306
Cyprus,CYP,1996,10011918444.0,9933133247.0,0.7931555435823245
Cyprus,CYP,1997,9547818700.0,10011918444.0,-4.635472677847552
Cyprus,CYP,1998,10248617647.0,9547818700.0,7.339885360412213
Cyprus,CYP,1999,10497908306.0,10248617647.0,2.432432037046217
Cyprus,CYP,2000,9985844486.0,10497908306.0,-4.877769981162183
Cyprus,CYP,2001,10397897086.0,9985844486.0,4.126367084703664
Cyprus,CYP,2002,11420227885.0,10397897086.0,9.832091917667585
Cyprus,CYP,2003,14547325028.0,11420227885.0,27.38209057200438
Cyprus,CYP,2004,17320552500.0,14547325028.0,19.0634873879715
Cyprus,CYP,2005,18433411267.0,17320552500.0,6.425076607689051
Cyprus,CYP,2006,20072786351.0,18433411267.0,8.893498117382403
Cyprus,CYP,2007,23968764030.0,20072786351.0,19.40925196369614
Cyprus,CYP,2008,27844698989.0,23968764030.0,16.170775239594203
Cyprus,CYP,2009,25945391775.0,27844698989.0,-6.82107288985353
Cyprus,CYP,2010,25799940416.0,25945391775.0,-0.560605753273502
Cyprus,CYP,2011,27641551809.0,25799940416.0,7.138045140049676
Cyprus,CYP,2012,25047433100.0,27641551809.0,-9.384851932066141
Cyprus,CYP,2013,23959708956.0,25047433100.0,-4.342657148368634
Cyprus,CYP,2014,23225912183.0,23959708956.0,-3.062628074270668
Cyprus,CYP,2015,19909269065.0,23225912183.0,-14.279926195654813
Cyprus,CYP,2016,21046452117.0,19909269065.0,5.711827231262556
Cyprus,CYP,2017,22946583376.0,21046452117.0,9.028273499195594
Cyprus,CYP,2018,25597301191.0,22946583376.0,11.55168842160792
Cyprus,CYP,2019,25945194240.0,25597301191.0,1.3591005020572977
Cyprus,CYP,2020,25008266159.0,25945194240.0,-3.6111816020075405
Cyprus,CYP,2021,28408064462.0,25008266159.0,13.594698174533292
Cyprus,CYP,2022,28439052741.0,28408064462.0,0.10908268333962301
Czechia,CZE,1990,40728950705.0,,
Czechia,CZE,1991,29859921159.0,40728950705.0,-26.68624984896969
Czechia,CZE,1992,34805013230.0,29859921159.0,16.56096827807434
Czechia,CZE,1993,40866982340.0,34805013230.0,17.41694240982192
Czechia,CZE,1994,47850065329.0,40866982340.0,17.08734677521091
Czechia,CZE,1995,60145663259.0,47850065329.0,25.696094342734654
Czechia,CZE,1996,67388492014.0,60145663259.0,12.042146287107759
Czechia,CZE,1997,62180519006.0,67388492014.0,-7.728282459441349
Czechia,CZE,1998,66807498696.0,62180519006.0,7.441204679480928
Czechia,CZE,1999,65173036731.0,66807498696.0,-2.446524711900133
Czechia,CZE,2000,61823494487.0,65173036731.0,-5.139460138745944
Czechia,CZE,2001,67808695574.0,61823494487.0,9.681110937943727
Czechia,CZE,2002,82196206090.0,67808695574.0,21.2177957328479
Czechia,CZE,2003,100000000000.0,82196206090.0,21.660116393335606
Czechia,CZE,2004,120000000000.0,100000000000.0,19.999999999999996
Czechia,CZE,2005,137000000000.0,120000000000.0,14.16666666666666
Czechia,CZE,2006,156000000000.0,137000000000.0,13.868613138686126
Czechia,CZE,2007,190000000000.0,156000000000.0,21.794871794871785
Czechia,CZE,2008,237000000000.0,190000000000.0,24.736842105263168
Czechia,CZE,2009,207000000000.0,237000000000.0,-12.658227848101266
Czechia,CZE,2010,209000000000.0,207000000000.0,0.9661835748792313
Czechia,CZE,2011,230000000000.0,209000000000.0,10.047846889952151
Czechia,CZE,2012,209000000000.0,230000000000.0,-9.130434782608699
Czechia,CZE,2013,212000000000.0,209000000000.0,1.4354066985645897
Czechia,CZE,2014,209000000000.0,212000000000.0,-1.4150943396226467
Czechia,CZE,2015,188000000000.0,209000000000.0,-10.047846889952151
Czechia,CZE,2016,196000000000.0,188000000000.0,4.255319148936176
Czechia,CZE,2017,219000000000.0,196000000000.0,11.734693877551017
Czechia,CZE,2018,249000000000.0,219000000000.0,13.698630136986312
Czechia,CZE,2019,253000000000.0,249000000000.0,1.6064257028112428
Czechia,CZE,2020,246000000000.0,253000000000.0,-2.766798418972327
Czechia,CZE,2021,282000000000.0,246000000000.0,14.634146341463406
Czechia,CZE,2022,291000000000.0,282000000000.0,3.1914893617021267
Denmark,DNK,1966,11931739465.0,,
Denmark,DNK,1967,13059065019.0,11931739465.0,9.448124117249158
Denmark,DNK,1968,13505573855.0,13059065019.0,3.4191485787869347
Denmark,DNK,1969,15414902253.0,13505573855.0,14.137336321278449
Denmark,DNK,1970,17075457585.0,15414902253.0,10.772402605905773
Denmark,DNK,1971,19085633673.0,17075457585.0,11.772311681801417
Denmark,DNK,1972,23232407815.0,19085633673.0,21.727201795067174
Denmark,DNK,1973,30730626668.0,23232407815.0,32.27482451542873
Denmark,DNK,1974,34160444804.0,30730626668.0,11.160911793482864
Denmark,DNK,1975,40474406216.0,34160444804.0,18.48325292081874
Denmark,DNK,1976,44575708131.0,40474406216.0,10.1330749439845
Denmark,DNK,1977,49784407636.0,44575708131.0,11.685062836674565
Denmark,DNK,1978,60362658215.0,49784407636.0,21.24811980558885
Denmark,DNK,1979,70366799282.0,60362658215.0,16.57339382133769
Denmark,DNK,1980,71127002865.0,70366799282.0,1.0803441264301883
Denmark,DNK,1981,61878103527.0,71127002865.0,-13.003358732202642
Denmark,DNK,1982,60412542586.0,61878103527.0,-2.3684645415167127
Denmark,DNK,1983,60644837444.0,60412542586.0,0.3845142880210872
Denmark,DNK,1984,59105284415.0,60644837444.0,-2.5386382318554945
Denmark,DNK,1985,62658617565.0,59105284415.0,6.011870486995274
Denmark,DNK,1986,88078850822.0,62658617565.0,40.569412867479684
Denmark,DNK,1987,109000000000.0,88078850822.0,23.752749931172357
Denmark,DNK,1988,116000000000.0,109000000000.0,6.422018348623859
Denmark,DNK,1989,112000000000.0,116000000000.0,-3.4482758620689613
Denmark,DNK,1990,138000000000.0,112000000000.0,23.214285714285722
Denmark,DNK,1991,139000000000.0,138000000000.0,0.7246376811594235
Denmark,DNK,1992,153000000000.0,139000000000.0,10.07194244604317
Denmark,DNK,1993,143000000000.0,153000000000.0,-6.5359477124183
Denmark,DNK,1994,156000000000.0,143000000000.0,9.090909090909083
Denmark,DNK,1995,185000000000.0,156000000000.0,18.58974358974359
Denmark,DNK,1996,188000000000.0,185000000000.0,1.6216216216216273
Denmark,DNK,1997,174000000000.0,188000000000.0,-7.446808510638303
Denmark,DNK,1998,177000000000.0,174000000000.0,1.724137931034475
Denmark,DNK,1999,178000000000.0,177000000000.0,0.5649717514124353
Denmark,DNK,2000,164000000000.0,178000000000.0,-7.86516853932584
Denmark,DNK,2001,165000000000.0,164000000000.0,0.6097560975609762
Denmark,DNK,2002,179000000000.0,165000000000.0,8.484848484848495
Denmark,DNK,2003,218000000000.0,179000000000.0,21.7877094972067
Denmark,DNK,2004,251000000000.0,218000000000.0,15.13761467889909
Denmark,DNK,2005,264000000000.0,251000000000.0,5.179282868525892
Denmark,DNK,2006,283000000000.0,264000000000.0,7.196969696969702
Denmark,DNK,2007,319000000000.0,283000000000.0,12.720848056537104
Denmark,DNK,2008,353000000000.0,319000000000.0,10.658307210031337
Denmark,DNK,2009,321000000000.0,353000000000.0,-9.065155807365443
Denmark,DNK,2010,322000000000.0,321000000000.0,0.31152647975076775
Denmark,DNK,2011,344000000000.0,322000000000.0,6.8322981366459645
Denmark,DNK,2012,327000000000.0,344000000000.0,-4.941860465116276
Denmark,DNK,2013,344000000000.0,327000000000.0,5.198776758409784
Denmark,DNK,2014,353000000000.0,344000000000.0,2.6162790697674465
Denmark,DNK,2015,303000000000.0,353000000000.0,-14.164305949008494
Denmark,DNK,2016,313000000000.0,303000000000.0,3.300330033003296
Denmark,DNK,2017,332000000000.0,313000000000.0,6.070287539936103
Denmark,DNK,2018,357000000000.0,332000000000.0,7.530120481927716
Denmark,DNK,2019,346000000000.0,357000000000.0,-3.081232492997199
Denmark,DNK,2020,355000000000.0,346000000000.0,2.6011560693641522
Denmark,DNK,2021,398000000000.0,355000000000.0,12.112676056338035
Denmark,DNK,2022,395000000000.0,398000000000.0,-0.7537688442211032
Djibouti,DJI,1985,340989528.0,,
Djibouti,DJI,1987,373371738.3,340989528.0,9.496540990549128
Djibouti,DJI,1988,395794538.6,373371738.3,6.00548943583501
Djibouti,DJI,1989,409220087.1,395794538.6,3.3920499629653156
Djibouti,DJI,1990,452328087.3,409220087.1,10.534184796619183
Djibouti,DJI,1991,462421998.5,452328087.3,2.231546411422669
Djibouti,DJI,1992,478058304.9,462421998.5,3.381393283779932
Djibouti,DJI,1993,466048469.2,478058304.9,-2.51221149740557
Djibouti,DJI,1994,491689220.7,466048469.2,5.501734947013959
Djibouti,DJI,1995,497723960.6,491689220.7,1.2273484237479426
Djibouti,DJI,1996,494004647.7,497723960.6,-0.7472641854566198
Djibouti,DJI,1997,502675542.0,494004647.7,1.7552252474486219
Djibouti,DJI,1998,514267869.3,502675542.0,2.3061251903917057
Djibouti,DJI,1999,536080148.1,514267869.3,4.241423604723726
Djibouti,DJI,2000,551230861.9,536080148.1,2.82620310669921
Djibouti,DJI,2001,572417440.8,551230861.9,3.843503759381939
Djibouti,DJI,2002,591122039.6,572417440.8,3.2676500516579
Djibouti,DJI,2003,622044665.5,591122039.6,5.231174584680454
Djibouti,DJI,2004,666072101.8,622044665.5,7.077857707309598
Djibouti,DJI,2005,708633194.7,666072101.8,6.3898627168113675
Djibouti,DJI,2006,768873684.0,708633194.7,8.500940931154478
Djibouti,DJI,2007,847918929.1,768873684.0,10.280654253735655
Djibouti,DJI,2008,999105339.3,847918929.1,17.8302907284394
Djibouti,DJI,2009,1049110685.0,999105339.3,5.005012357859595
Djibouti,DJI,2010,1128611700.0,1049110685.0,7.577943503644713
Djibouti,DJI,2011,1239144502.0,1128611700.0,9.793696273040586
Djibouti,DJI,2012,1353632942.0,1239144502.0,9.239313075691635
Djibouti,DJI,2013,2042817163.0,1353632942.0,50.91367087902918
Djibouti,DJI,2014,2214679081.0,2042817163.0,8.412985807677975
Djibouti,DJI,2015,2424391785.0,2214679081.0,9.469214108678358
Djibouti,DJI,2016,2604955229.0,2424391785.0,7.447783197301994
Djibouti,DJI,2017,2762581334.0,2604955229.0,6.051010138109358
Djibouti,DJI,2018,2913466732.0,2762581334.0,5.46175405382654
Djibouti,DJI,2019,3088853639.0,2913466732.0,6.019869905279562
Djibouti,DJI,2020,3181071154.0,3088853639.0,2.985493188659305
Djibouti,DJI,2021,3372287462.0,3181071154.0,6.011066673549803
Djibouti,DJI,2022,3515109075.0,3372287462.0,4.235155354024789
Dominica,DMA,1977,45872947.41,,
Dominica,DMA,1978,57130215.56,45872947.41,24.540102142087328
Dominica,DMA,1979,55017758.89,57130215.56,-3.6976171878459474
Dominica,DMA,1980,72804653.33,55017758.89,32.32936927794952
Dominica,DMA,1981,82107391.11,72804653.33,12.777669220995659
Dominica,DMA,1982,89527576.67,82107391.11,9.037171270073753
Dominica,DMA,1983,98665191.48,89527576.67,10.206480673191232
Dominica,DMA,1984,109157070.7,98665191.48,10.633820360169022
Dominica,DMA,1985,119491933.0,109157070.7,9.467881680705448
Dominica,DMA,1986,135161958.5,119491933.0,13.113877319232925
Dominica,DMA,1987,151868754.4,135161958.5,12.360575479527402
Dominica,DMA,1988,171106184.1,151868754.4,12.667141293153318
Dominica,DMA,1989,185137243.0,171106184.1,8.200205605543642
Dominica,DMA,1990,201429629.6,185137243.0,8.800167019879401
Dominica,DMA,1991,219762963.0,201429629.6,9.101607065656836
Dominica,DMA,1992,234059259.3,219762963.0,6.5053256039326435
Dominica,DMA,1993,245525925.9,234059259.3,4.899044213970982
Dominica,DMA,1994,264374074.1,245525925.9,7.676642754083995
Dominica,DMA,1995,274522222.2,264374074.1,3.838556460026199
Dominica,DMA,1996,292285185.2,274522222.2,6.470500951671232
Dominica,DMA,1997,302988888.9,292285185.2,3.662075343529936
Dominica,DMA,1998,322411111.1,302988888.9,6.410209387714638
Dominica,DMA,1999,331759259.3,322411111.1,2.899449764031403
Dominica,DMA,2000,333470370.4,331759259.3,0.5157689053231884
Dominica,DMA,2001,340203703.7,333470370.4,2.0191698866449004
Dominica,DMA,2002,333196296.3,340203703.7,-2.0597681106315324
Dominica,DMA,2003,343311111.1,333196296.3,3.0356924468611046
Dominica,DMA,2004,367200000.0,343311111.1,6.95837918658031
Dominica,DMA,2005,364255555.6,367200000.0,-0.8018639433551078
Dominica,DMA,2006,390251851.9,364255555.6,7.136829047721438
Dominica,DMA,2007,421374074.1,390251851.9,7.974906985957109
Dominica,DMA,2008,458188888.9,421374074.1,8.73684857774688
Dominica,DMA,2009,489074074.1,458188888.9,6.740710206689626
Dominica,DMA,2010,493825925.9,489074074.1,0.9716016553820372
Dominica,DMA,2011,501025925.9,493825925.9,1.4580036450856593
Dominica,DMA,2012,485996296.3,501025925.9,-2.999770834812998
Dominica,DMA,2013,498296296.3,485996296.3,2.530883484841895
Dominica,DMA,2014,520207407.4,498296296.3,4.397205289843931
Dominica,DMA,2015,540737037.0,520207407.4,3.9464316170750413
Dominica,DMA,2016,576229629.6,540737037.0,6.563743589104298
Dominica,DMA,2017,521551851.9,576229629.6,-9.488886876219048
Dominica,DMA,2018,554770370.4,521551851.9,6.3691689290308995
Dominica,DMA,2019,611537037.0,554770370.4,10.232461866892816
Dominica,DMA,2020,504214814.8,611537037.0,-17.549586649156623
Dominica,DMA,2021,555266666.7,504214814.8,10.125020209937707
Dominica,DMA,2022,612048148.1,555266666.7,10.225984163151281
Dominican Republic,DOM,1960,672399700.0,,
Dominican Republic,DOM,1961,654100200.0,672399700.0,-2.721521142855954
Dominican Republic,DOM,1962,824100000.0,654100200.0,25.98987127660257
Dominican Republic,DOM,1963,940799900.0,824100000.0,14.160890668608172
Dominican Republic,DOM,1964,1025599900.0,940799900.0,9.013606400255792
Dominican Republic,DOM,1965,888100000.0,1025599900.0,-13.406777828273974
Dominican Republic,DOM,1966,983900000.0,888100000.0,10.787073527755876
Dominican Republic,DOM,1967,1034800000.0,983900000.0,5.173289968492734
Dominican Republic,DOM,1968,1079100000.0,1034800000.0,4.281020487050635
Dominican Republic,DOM,1969,1230500000.0,1079100000.0,14.030210360485595
Dominican Republic,DOM,1970,1485500000.0,1230500000.0,20.72328321820398
Dominican Republic,DOM,1971,1666500000.0,1485500000.0,12.184449680242349
Dominican Republic,DOM,1972,1987400000.0,1666500000.0,19.255925592559265
Dominican Republic,DOM,1973,2344800000.0,1987400000.0,17.983294756968917
Dominican Republic,DOM,1974,2925700001.0,2344800000.0,24.77396797168201
Dominican Republic,DOM,1975,3599200004.0,2925700001.0,23.020132028909266
Dominican Republic,DOM,1976,3951500004.0,3599200004.0,9.788286274963
Dominican Republic,DOM,1977,4587100005.0,3951500004.0,16.08503100991012
Dominican Republic,DOM,1978,4734400005.0,4587100005.0,3.211179172885714
Dominican Republic,DOM,1979,5498800005.0,4734400005.0,16.145657299609596
Dominican Republic,DOM,1980,6761300007.0,5498800005.0,22.959554827453665
Dominican Republic,DOM,1981,7561300008.0,6761300007.0,11.832044136064912
Dominican Republic,DOM,1982,8267400008.0,7561300008.0,9.338341280638684
Dominican Republic,DOM,1983,9220600009.0,8267400008.0,11.52962237314792
Dominican Republic,DOM,1984,11594000005.0,9220600009.0,25.74019037463271
Dominican Republic,DOM,1985,5044579439.0,11594000005.0,-56.48974092785504
Dominican Republic,DOM,1986,6122127855.0,5044579439.0,21.360520317499553
Dominican Republic,DOM,1987,5827050248.0,6122127855.0,-4.819853717347755
Dominican Republic,DOM,1988,5374300275.0,5827050248.0,-7.769796959540476
Dominican Republic,DOM,1989,6686593060.0,5374300275.0,24.41792824834299
Dominican Republic,DOM,1990,7073675545.0,6686593060.0,5.788934387462175
Dominican Republic,DOM,1991,9824483368.0,7073675545.0,38.887955851246204
Dominican Republic,DOM,1992,11605382504.0,9824483368.0,18.12715304502106
Dominican Republic,DOM,1993,13081042400.0,11605382504.0,12.715305984024127
Dominican Republic,DOM,1994,14644734248.0,13081042400.0,11.953877987583006
Dominican Republic,DOM,1995,16637370839.0,14644734248.0,13.606505637151667
Dominican Republic,DOM,1996,18241622256.0,16637370839.0,9.642457528442193
Dominican Republic,DOM,1997,20017449966.0,18241622256.0,9.735031704298658
Dominican Republic,DOM,1998,21672215776.0,20017449966.0,8.266616441208296
Dominican Republic,DOM,1999,22136579527.0,21672215776.0,2.1426685475983476
Dominican Republic,DOM,2000,24305781112.0,22136579527.0,9.799172371477827
Dominican Republic,DOM,2001,25601824419.0,24305781112.0,5.33224297967585
Dominican Republic,DOM,2002,27137441266.0,25601824419.0,5.998075847517992
Dominican Republic,DOM,2003,21403168128.0,27137441266.0,-21.130485670306598
Dominican Republic,DOM,2004,22322387610.0,21403168128.0,4.294782326161606
Dominican Republic,DOM,2005,35777560475.0,22322387610.0,60.27658465608017
Dominican Republic,DOM,2006,37879829855.0,35777560475.0,5.875943893572577
Dominican Republic,DOM,2007,43965459071.0,37879829855.0,16.06561919442391
Dominican Republic,DOM,2008,48122601590.0,43965459071.0,9.455473926216973
Dominican Republic,DOM,2009,48261079524.0,48122601590.0,0.2877606975196789
Dominican Republic,DOM,2010,53860187452.0,48261079524.0,11.601704692941217
Dominican Republic,DOM,2011,58029773802.0,53860187452.0,7.741499885636149
Dominican Republic,DOM,2012,60681535894.0,58029773802.0,4.569657812294636
Dominican Republic,DOM,2013,62682158700.0,60681535894.0,3.2969218338420703
Dominican Republic,DOM,2014,67179956265.0,62682158700.0,7.175562645387967
Dominican Republic,DOM,2015,71164826720.0,67179956265.0,5.931635976780281
Dominican Republic,DOM,2016,75704647977.0,71164826720.0,6.37930487045526
Dominican Republic,DOM,2017,79998045976.0,75704647977.0,5.6712475570910525
Dominican Republic,DOM,2018,85555390386.0,79998045976.0,6.946850191399978
Dominican Republic,DOM,2019,88941371980.0,85555390386.0,3.957648464606933
Dominican Republic,DOM,2020,78844655833.0,88941371980.0,-11.352102989000912
Dominican Republic,DOM,2021,94243426487.0,78844655833.0,19.53051921060569
Dominican Republic,DOM,2022,114000000000.0,94243426487.0,20.963343810218138
Early-demographic dividend,EAR,1960,150000000000.0,,
Early-demographic dividend,EAR,1961,160000000000.0,150000000000.0,6.666666666666665
Early-demographic dividend,EAR,1962,164000000000.0,160000000000.0,2.499999999999991
Early-demographic dividend,EAR,1963,174000000000.0,164000000000.0,6.0975609756097615
Early-demographic dividend,EAR,1964,200000000000.0,174000000000.0,14.942528735632177
Early-demographic dividend,EAR,1965,216000000000.0,200000000000.0,8.000000000000007
Early-demographic dividend,EAR,1966,214000000000.0,216000000000.0,-0.92592592592593
Early-demographic dividend,EAR,1967,224000000000.0,214000000000.0,4.672897196261672
Early-demographic dividend,EAR,1968,243000000000.0,224000000000.0,8.482142857142861
Early-demographic dividend,EAR,1969,271000000000.0,243000000000.0,11.522633744855959
Early-demographic dividend,EAR,1970,287000000000.0,271000000000.0,5.904059040590415
Early-demographic dividend,EAR,1971,310000000000.0,287000000000.0,8.013937282229966
Early-demographic dividend,EAR,1972,339000000000.0,310000000000.0,9.354838709677416
Early-demographic dividend,EAR,1973,434000000000.0,339000000000.0,28.023598820059004
Early-demographic dividend,EAR,1974,606000000000.0,434000000000.0,39.63133640552996
Early-demographic dividend,EAR,1975,651000000000.0,606000000000.0,7.425742574257432
Early-demographic dividend,EAR,1976,712000000000.0,651000000000.0,9.370199692780346
Early-demographic dividend,EAR,1977,795000000000.0,712000000000.0,11.65730337078652
Early-demographic dividend,EAR,1978,915000000000.0,795000000000.0,15.094339622641506
Early-demographic dividend,EAR,1979,1070000000000.0,915000000000.0,16.93989071038251
Early-demographic dividend,EAR,1980,1330000000000.0,1070000000000.0,24.29906542056075
Early-demographic dividend,EAR,1981,1490000000000.0,1330000000000.0,12.030075187969924
Early-demographic dividend,EAR,1982,1420000000000.0,1490000000000.0,-4.697986577181212
Early-demographic dividend,EAR,1983,1430000000000.0,1420000000000.0,0.7042253521126751
Early-demographic dividend,EAR,1984,1460000000000.0,1430000000000.0,2.0979020979021046
Early-demographic dividend,EAR,1985,1460000000000.0,1460000000000.0,0.0
Early-demographic dividend,EAR,1986,1470000000000.0,1460000000000.0,0.6849315068493178
Early-demographic dividend,EAR,1987,1500000000000.0,1470000000000.0,2.0408163265306145
Early-demographic dividend,EAR,1988,1560000000000.0,1500000000000.0,4.0000000000000036
Early-demographic dividend,EAR,1989,1580000000000.0,1560000000000.0,1.2820512820512775
Early-demographic dividend,EAR,1990,1860000000000.0,1580000000000.0,17.721518987341778
Early-demographic dividend,EAR,1991,1970000000000.0,1860000000000.0,5.913978494623651
Early-demographic dividend,EAR,1992,2160000000000.0,1970000000000.0,9.644670050761416
Early-demographic dividend,EAR,1993,2380000000000.0,2160000000000.0,10.185185185185187
Early-demographic dividend,EAR,1994,2500000000000.0,2380000000000.0,5.042016806722693
Early-demographic dividend,EAR,1995,2560000000000.0,2500000000000.0,2.400000000000002
Early-demographic dividend,EAR,1996,2790000000000.0,2560000000000.0,8.984375
Early-demographic dividend,EAR,1997,2980000000000.0,2790000000000.0,6.810035842293916
Early-demographic dividend,EAR,1998,2940000000000.0,2980000000000.0,-1.342281879194629
Early-demographic dividend,EAR,1999,3110000000000.0,2940000000000.0,5.782312925170063
Early-demographic dividend,EAR,2000,3390000000000.0,3110000000000.0,9.0032154340836
Early-demographic dividend,EAR,2001,3360000000000.0,3390000000000.0,-0.8849557522123908
Early-demographic dividend,EAR,2002,3260000000000.0,3360000000000.0,-2.9761904761904767
Early-demographic dividend,EAR,2003,3630000000000.0,3260000000000.0,11.349693251533743
Early-demographic dividend,EAR,2004,4230000000000.0,3630000000000.0,16.528925619834702
Early-demographic dividend,EAR,2005,4930000000000.0,4230000000000.0,16.548463356973997
Early-demographic dividend,EAR,2006,5640000000000.0,4930000000000.0,14.401622718052742
Early-demographic dividend,EAR,2007,6670000000000.0,5640000000000.0,18.262411347517737
Early-demographic dividend,EAR,2008,7520000000000.0,6670000000000.0,12.743628185907042
Early-demographic dividend,EAR,2009,7260000000000.0,7520000000000.0,-3.4574468085106336
Early-demographic dividend,EAR,2010,8800000000000.0,7260000000000.0,21.212121212121215
Early-demographic dividend,EAR,2011,9720000000000.0,8800000000000.0,10.45454545454545
Early-demographic dividend,EAR,2012,10200000000000.0,9720000000000.0,4.938271604938271
Early-demographic dividend,EAR,2013,10300000000000.0,10200000000000.0,0.9803921568627416
Early-demographic dividend,EAR,2014,10700000000000.0,10300000000000.0,3.8834951456310662
Early-demographic dividend,EAR,2015,10100000000000.0,10700000000000.0,-5.607476635514019
Early-demographic dividend,EAR,2016,10500000000000.0,10100000000000.0,3.960396039603964
Early-demographic dividend,EAR,2017,11300000000000.0,10500000000000.0,7.619047619047614
Early-demographic dividend,EAR,2018,11500000000000.0,11300000000000.0,1.7699115044247815
Early-demographic dividend,EAR,2019,11700000000000.0,11500000000000.0,1.7391304347825987
Early-demographic dividend,EAR,2020,10900000000000.0,11700000000000.0,-6.8376068376068355
Early-demographic dividend,EAR,2021,12700000000000.0,10900000000000.0,16.5137614678899
Early-demographic dividend,EAR,2022,14000000000000.0,12700000000000.0,10.236220472440948
East Asia & Pacific,EAS,1960,155000000000.0,,
East Asia & Pacific,EAS,1961,155000000000.0,155000000000.0,0.0
East Asia & Pacific,EAS,1962,158000000000.0,155000000000.0,1.9354838709677358
East Asia & Pacific,EAS,1963,177000000000.0,158000000000.0,12.0253164556962
East Asia & Pacific,EAS,1964,203000000000.0,177000000000.0,14.689265536723163
East Asia & Pacific,EAS,1965,226000000000.0,203000000000.0,11.33004926108374
East Asia & Pacific,EAS,1966,252000000000.0,226000000000.0,11.504424778761058
East Asia & Pacific,EAS,1967,273000000000.0,252000000000.0,8.333333333333325
East Asia & Pacific,EAS,1968,301000000000.0,273000000000.0,10.256410256410264
East Asia & Pacific,EAS,1969,347000000000.0,301000000000.0,15.282392026578062
East Asia & Pacific,EAS,1970,409000000000.0,347000000000.0,17.867435158501443
East Asia & Pacific,EAS,1971,454000000000.0,409000000000.0,11.00244498777505
East Asia & Pacific,EAS,1972,563000000000.0,454000000000.0,24.008810572687224
East Asia & Pacific,EAS,1973,742000000000.0,563000000000.0,31.793960923623455
East Asia & Pacific,EAS,1974,855000000000.0,742000000000.0,15.229110512129385
East Asia & Pacific,EAS,1975,936000000000.0,855000000000.0,9.473684210526322
East Asia & Pacific,EAS,1976,1030000000000.0,936000000000.0,10.042735042735051
East Asia & Pacific,EAS,1977,1230000000000.0,1030000000000.0,19.41747572815533
East Asia & Pacific,EAS,1978,1550000000000.0,1230000000000.0,26.016260162601633
East Asia & Pacific,EAS,1979,1680000000000.0,1550000000000.0,8.387096774193559
East Asia & Pacific,EAS,1980,1820000000000.0,1680000000000.0,8.333333333333325
East Asia & Pacific,EAS,1981,2000000000000.0,1820000000000.0,9.8901098901099
East Asia & Pacific,EAS,1982,1960000000000.0,2000000000000.0,-2.0000000000000018
East Asia & Pacific,EAS,1983,2090000000000.0,1960000000000.0,6.632653061224492
East Asia & Pacific,EAS,1984,2240000000000.0,2090000000000.0,7.177033492822971
East Asia & Pacific,EAS,1985,2360000000000.0,2240000000000.0,5.35714285714286
East Asia & Pacific,EAS,1986,3080000000000.0,2360000000000.0,30.508474576271194
East Asia & Pacific,EAS,1987,3620000000000.0,3080000000000.0,17.532467532467532
East Asia & Pacific,EAS,1988,4350000000000.0,3620000000000.0,20.165745856353603
East Asia & Pacific,EAS,1989,4540000000000.0,4350000000000.0,4.367816091954024
East Asia & Pacific,EAS,1990,4740000000000.0,4540000000000.0,4.405286343612325
East Asia & Pacific,EAS,1991,5350000000000.0,4740000000000.0,12.869198312236296
East Asia & Pacific,EAS,1992,5840000000000.0,5350000000000.0,9.158878504672895
East Asia & Pacific,EAS,1993,6540000000000.0,5840000000000.0,11.986301369863007
East Asia & Pacific,EAS,1994,7400000000000.0,6540000000000.0,13.149847094801226
East Asia & Pacific,EAS,1995,8410000000000.0,7400000000000.0,13.648648648648653
East Asia & Pacific,EAS,1996,8100000000000.0,8410000000000.0,-3.686087990487519
East Asia & Pacific,EAS,1997,7740000000000.0,8100000000000.0,-4.444444444444439
East Asia & Pacific,EAS,1998,6930000000000.0,7740000000000.0,-10.465116279069765
East Asia & Pacific,EAS,1999,7740000000000.0,6930000000000.0,11.688311688311682
East Asia & Pacific,EAS,2000,8370000000000.0,7740000000000.0,8.139534883720923
East Asia & Pacific,EAS,2001,7790000000000.0,8370000000000.0,-6.92951015531661
East Asia & Pacific,EAS,2002,7910000000000.0,7790000000000.0,1.5404364569961526
East Asia & Pacific,EAS,2003,8700000000000.0,7910000000000.0,9.987357774968398
East Asia & Pacific,EAS,2004,9760000000000.0,8700000000000.0,12.18390804597702
East Asia & Pacific,EAS,2005,10400000000000.0,9760000000000.0,6.557377049180335
East Asia & Pacific,EAS,2006,11000000000000.0,10400000000000.0,5.769230769230771
East Asia & Pacific,EAS,2007,12300000000000.0,11000000000000.0,11.818181818181817
East Asia & Pacific,EAS,2008,14200000000000.0,12300000000000.0,15.44715447154472
East Asia & Pacific,EAS,2009,14600000000000.0,14200000000000.0,2.8169014084507005
East Asia & Pacific,EAS,2010,17100000000000.0,14600000000000.0,17.12328767123288
East Asia & Pacific,EAS,2011,19800000000000.0,17100000000000.0,15.789473684210531
East Asia & Pacific,EAS,2012,21200000000000.0,19800000000000.0,7.070707070707072
East Asia & Pacific,EAS,2013,21400000000000.0,21200000000000.0,0.9433962264151052
East Asia & Pacific,EAS,2014,22100000000000.0,21400000000000.0,3.2710280373831724
East Asia & Pacific,EAS,2015,22000000000000.0,22100000000000.0,-0.4524886877828038
East Asia & Pacific,EAS,2016,22800000000000.0,22000000000000.0,3.6363636363636376
East Asia & Pacific,EAS,2017,24300000000000.0,22800000000000.0,6.578947368421062
East Asia & Pacific,EAS,2018,26500000000000.0,24300000000000.0,9.053497942386834
East Asia & Pacific,EAS,2019,27000000000000.0,26500000000000.0,1.8867924528301883
East Asia & Pacific,EAS,2020,27100000000000.0,27000000000000.0,0.37037037037037646
East Asia & Pacific,EAS,2021,31100000000000.0,27100000000000.0,14.760147601476014
East Asia & Pacific,EAS,2022,30700000000000.0,31100000000000.0,-1.2861736334405127
East Asia & Pacific (excluding high income),EAP,1960,81326348986.0,,
East Asia & Pacific (excluding high income),EAP,1961,71596255522.0,81326348986.0,-11.96425707697144
East Asia & Pacific (excluding high income),EAP,1962,65380076110.0,71596255522.0,-8.682268879396771
East Asia & Pacific (excluding high income),EAP,1963,70825945773.0,65380076110.0,8.329555404367373
East Asia & Pacific (excluding high income),EAP,1964,81742063327.0,70825945773.0,15.412596944326861
East Asia & Pacific (excluding high income),EAP,1965,95156520863.0,81742063327.0,16.410715597350368
East Asia & Pacific (excluding high income),EAP,1966,104000000000.0,95156520863.0,9.29361336122434
East Asia & Pacific (excluding high income),EAP,1967,101000000000.0,104000000000.0,-2.8846153846153855
East Asia & Pacific (excluding high income),EAP,1968,102000000000.0,101000000000.0,0.990099009900991
East Asia & Pacific (excluding high income),EAP,1969,115000000000.0,102000000000.0,12.745098039215685
East Asia & Pacific (excluding high income),EAP,1970,127000000000.0,115000000000.0,10.43478260869566
East Asia & Pacific (excluding high income),EAP,1971,137000000000.0,127000000000.0,7.874015748031504
East Asia & Pacific (excluding high income),EAP,1972,155000000000.0,137000000000.0,13.138686131386867
East Asia & Pacific (excluding high income),EAP,1973,196000000000.0,155000000000.0,26.451612903225797
East Asia & Pacific (excluding high income),EAP,1974,221000000000.0,196000000000.0,12.755102040816336
East Asia & Pacific (excluding high income),EAP,1975,249000000000.0,221000000000.0,12.669683257918551
East Asia & Pacific (excluding high income),EAP,1976,253000000000.0,249000000000.0,1.6064257028112428
East Asia & Pacific (excluding high income),EAP,1977,292000000000.0,253000000000.0,15.41501976284585
East Asia & Pacific (excluding high income),EAP,1978,283000000000.0,292000000000.0,-3.082191780821919
East Asia & Pacific (excluding high income),EAP,1979,328000000000.0,283000000000.0,15.901060070671381
East Asia & Pacific (excluding high income),EAP,1980,378000000000.0,328000000000.0,15.243902439024382
East Asia & Pacific (excluding high income),EAP,1981,404000000000.0,378000000000.0,6.8783068783068835
East Asia & Pacific (excluding high income),EAP,1982,424000000000.0,404000000000.0,4.950495049504955
East Asia & Pacific (excluding high income),EAP,1983,444000000000.0,424000000000.0,4.716981132075482
East Asia & Pacific (excluding high income),EAP,1984,481000000000.0,444000000000.0,8.333333333333325
East Asia & Pacific (excluding high income),EAP,1985,526000000000.0,481000000000.0,9.355509355509351
East Asia & Pacific (excluding high income),EAP,1986,525000000000.0,526000000000.0,-0.1901140684410607
East Asia & Pacific (excluding high income),EAP,1987,519000000000.0,525000000000.0,-1.1428571428571455
East Asia & Pacific (excluding high income),EAP,1988,575000000000.0,519000000000.0,10.789980732177273
East Asia & Pacific (excluding high income),EAP,1989,622000000000.0,575000000000.0,8.173913043478255
East Asia & Pacific (excluding high income),EAP,1990,667000000000.0,622000000000.0,7.234726688102899
East Asia & Pacific (excluding high income),EAP,1991,724000000000.0,667000000000.0,8.545727136431779
East Asia & Pacific (excluding high income),EAP,1992,811000000000.0,724000000000.0,12.016574585635365
East Asia & Pacific (excluding high income),EAP,1993,890000000000.0,811000000000.0,9.741060419235502
East Asia & Pacific (excluding high income),EAP,1994,1070000000000.0,890000000000.0,20.2247191011236
East Asia & Pacific (excluding high income),EAP,1995,1320000000000.0,1070000000000.0,23.364485981308402
East Asia & Pacific (excluding high income),EAP,1996,1520000000000.0,1320000000000.0,15.15151515151516
East Asia & Pacific (excluding high income),EAP,1997,1570000000000.0,1520000000000.0,3.289473684210531
East Asia & Pacific (excluding high income),EAP,1998,1430000000000.0,1570000000000.0,-8.917197452229297
East Asia & Pacific (excluding high income),EAP,1999,1580000000000.0,1430000000000.0,10.48951048951048
East Asia & Pacific (excluding high income),EAP,2000,1730000000000.0,1580000000000.0,9.493670886075956
East Asia & Pacific (excluding high income),EAP,2001,1850000000000.0,1730000000000.0,6.936416184971095
East Asia & Pacific (excluding high income),EAP,2002,2040000000000.0,1850000000000.0,10.270270270270277
East Asia & Pacific (excluding high income),EAP,2003,2310000000000.0,2040000000000.0,13.235294117647056
East Asia & Pacific (excluding high income),EAP,2004,2680000000000.0,2310000000000.0,16.01731601731602
East Asia & Pacific (excluding high income),EAP,2005,3110000000000.0,2680000000000.0,16.044776119402982
East Asia & Pacific (excluding high income),EAP,2006,3740000000000.0,3110000000000.0,20.2572347266881
East Asia & Pacific (excluding high income),EAP,2007,4730000000000.0,3740000000000.0,26.470588235294112
East Asia & Pacific (excluding high income),EAP,2008,5980000000000.0,4730000000000.0,26.42706131078225
East Asia & Pacific (excluding high income),EAP,2009,6480000000000.0,5980000000000.0,8.361204013377922
East Asia & Pacific (excluding high income),EAP,2010,7890000000000.0,6480000000000.0,21.759259259259256
East Asia & Pacific (excluding high income),EAP,2011,9650000000000.0,7890000000000.0,22.30671736375158
East Asia & Pacific (excluding high income),EAP,2012,10800000000000.0,9650000000000.0,11.917098445595853
East Asia & Pacific (excluding high income),EAP,2013,11900000000000.0,10800000000000.0,10.185185185185187
East Asia & Pacific (excluding high income),EAP,2014,12800000000000.0,11900000000000.0,7.563025210084029
East Asia & Pacific (excluding high income),EAP,2015,13300000000000.0,12800000000000.0,3.90625
East Asia & Pacific (excluding high income),EAP,2016,13600000000000.0,13300000000000.0,2.2556390977443552
East Asia & Pacific (excluding high income),EAP,2017,14900000000000.0,13600000000000.0,9.558823529411775
East Asia & Pacific (excluding high income),EAP,2018,16600000000000.0,14900000000000.0,11.409395973154357
East Asia & Pacific (excluding high income),EAP,2019,17200000000000.0,16600000000000.0,3.6144578313253017
East Asia & Pacific (excluding high income),EAP,2020,17500000000000.0,17200000000000.0,1.744186046511631
East Asia & Pacific (excluding high income),EAP,2021,20800000000000.0,17500000000000.0,18.85714285714286
East Asia & Pacific (excluding high income),EAP,2022,21200000000000.0,20800000000000.0,1.9230769230769162
East Asia & Pacific (IDA & IBRD countries),TEA,1960,81224776385.0,,
East Asia & Pacific (IDA & IBRD countries),TEA,1961,71506835328.0,81224776385.0,-11.96425707709875
East Asia & Pacific (IDA & IBRD countries),TEA,1962,65298419618.0,71506835328.0,-8.682268878943056
East Asia & Pacific (IDA & IBRD countries),TEA,1963,70737487658.0,65298419618.0,8.329555403972865
East Asia & Pacific (IDA & IBRD countries),TEA,1964,81639971519.0,70737487658.0,15.412596943944457
East Asia & Pacific (IDA & IBRD countries),TEA,1965,95037675059.0,81639971519.0,16.41071559766769
East Asia & Pacific (IDA & IBRD countries),TEA,1966,104000000000.0,95037675059.0,9.430286394775678
East Asia & Pacific (IDA & IBRD countries),TEA,1967,101000000000.0,104000000000.0,-2.8846153846153855
East Asia & Pacific (IDA & IBRD countries),TEA,1968,102000000000.0,101000000000.0,0.990099009900991
East Asia & Pacific (IDA & IBRD countries),TEA,1969,115000000000.0,102000000000.0,12.745098039215685
East Asia & Pacific (IDA & IBRD countries),TEA,1970,127000000000.0,115000000000.0,10.43478260869566
East Asia & Pacific (IDA & IBRD countries),TEA,1971,137000000000.0,127000000000.0,7.874015748031504
East Asia & Pacific (IDA & IBRD countries),TEA,1972,155000000000.0,137000000000.0,13.138686131386867
East Asia & Pacific (IDA & IBRD countries),TEA,1973,195000000000.0,155000000000.0,25.806451612903224
East Asia & Pacific (IDA & IBRD countries),TEA,1974,221000000000.0,195000000000.0,13.33333333333333
East Asia & Pacific (IDA & IBRD countries),TEA,1975,248000000000.0,221000000000.0,12.217194570135748
East Asia & Pacific (IDA & IBRD countries),TEA,1976,252000000000.0,248000000000.0,1.6129032258064502
East Asia & Pacific (IDA & IBRD countries),TEA,1977,291000000000.0,252000000000.0,15.476190476190466
East Asia & Pacific (IDA & IBRD countries),TEA,1978,282000000000.0,291000000000.0,-3.0927835051546393
East Asia & Pacific (IDA & IBRD countries),TEA,1979,327000000000.0,282000000000.0,15.957446808510634
East Asia & Pacific (IDA & IBRD countries),TEA,1980,378000000000.0,327000000000.0,15.596330275229352
East Asia & Pacific (IDA & IBRD countries),TEA,1981,403000000000.0,378000000000.0,6.613756613756605
East Asia & Pacific (IDA & IBRD countries),TEA,1982,423000000000.0,403000000000.0,4.962779156327546
East Asia & Pacific (IDA & IBRD countries),TEA,1983,443000000000.0,423000000000.0,4.728132387706863
East Asia & Pacific (IDA & IBRD countries),TEA,1984,480000000000.0,443000000000.0,8.352144469525967
East Asia & Pacific (IDA & IBRD countries),TEA,1985,526000000000.0,480000000000.0,9.583333333333343
East Asia & Pacific (IDA & IBRD countries),TEA,1986,524000000000.0,526000000000.0,-0.38022813688213253
East Asia & Pacific (IDA & IBRD countries),TEA,1987,518000000000.0,524000000000.0,-1.1450381679389277
East Asia & Pacific (IDA & IBRD countries),TEA,1988,575000000000.0,518000000000.0,11.003861003860994
East Asia & Pacific (IDA & IBRD countries),TEA,1989,622000000000.0,575000000000.0,8.173913043478255
East Asia & Pacific (IDA & IBRD countries),TEA,1990,666000000000.0,622000000000.0,7.0739549839228255
East Asia & Pacific (IDA & IBRD countries),TEA,1991,723000000000.0,666000000000.0,8.558558558558559
East Asia & Pacific (IDA & IBRD countries),TEA,1992,810000000000.0,723000000000.0,12.03319502074689
East Asia & Pacific (IDA & IBRD countries),TEA,1993,889000000000.0,810000000000.0,9.753086419753076
East Asia & Pacific (IDA & IBRD countries),TEA,1994,1070000000000.0,889000000000.0,20.359955005624286
East Asia & Pacific (IDA & IBRD countries),TEA,1995,1320000000000.0,1070000000000.0,23.364485981308402
East Asia & Pacific (IDA & IBRD countries),TEA,1996,1520000000000.0,1320000000000.0,15.15151515151516
East Asia & Pacific (IDA & IBRD countries),TEA,1997,1570000000000.0,1520000000000.0,3.289473684210531
East Asia & Pacific (IDA & IBRD countries),TEA,1998,1430000000000.0,1570000000000.0,-8.917197452229297
East Asia & Pacific (IDA & IBRD countries),TEA,1999,1570000000000.0,1430000000000.0,9.790209790209792
East Asia & Pacific (IDA & IBRD countries),TEA,2000,1730000000000.0,1570000000000.0,10.191082802547768
East Asia & Pacific (IDA & IBRD countries),TEA,2001,1840000000000.0,1730000000000.0,6.358381502890165
East Asia & Pacific (IDA & IBRD countries),TEA,2002,2040000000000.0,1840000000000.0,10.869565217391308
East Asia & Pacific (IDA & IBRD countries),TEA,2003,2310000000000.0,2040000000000.0,13.235294117647056
East Asia & Pacific (IDA & IBRD countries),TEA,2004,2680000000000.0,2310000000000.0,16.01731601731602
East Asia & Pacific (IDA & IBRD countries),TEA,2005,3100000000000.0,2680000000000.0,15.671641791044767
East Asia & Pacific (IDA & IBRD countries),TEA,2006,3740000000000.0,3100000000000.0,20.64516129032259
East Asia & Pacific (IDA & IBRD countries),TEA,2007,4720000000000.0,3740000000000.0,26.203208556149725
East Asia & Pacific (IDA & IBRD countries),TEA,2008,5970000000000.0,4720000000000.0,26.483050847457633
East Asia & Pacific (IDA & IBRD countries),TEA,2009,6480000000000.0,5970000000000.0,8.5427135678392
East Asia & Pacific (IDA & IBRD countries),TEA,2010,7880000000000.0,6480000000000.0,21.604938271604944
East Asia & Pacific (IDA & IBRD countries),TEA,2011,9630000000000.0,7880000000000.0,22.208121827411166
East Asia & Pacific (IDA & IBRD countries),TEA,2012,10700000000000.0,9630000000000.0,11.111111111111116
East Asia & Pacific (IDA & IBRD countries),TEA,2013,11900000000000.0,10700000000000.0,11.214953271028039
East Asia & Pacific (IDA & IBRD countries),TEA,2014,12800000000000.0,11900000000000.0,7.563025210084029
East Asia & Pacific (IDA & IBRD countries),TEA,2015,13300000000000.0,12800000000000.0,3.90625
East Asia & Pacific (IDA & IBRD countries),TEA,2016,13600000000000.0,13300000000000.0,2.2556390977443552
East Asia & Pacific (IDA & IBRD countries),TEA,2017,14900000000000.0,13600000000000.0,9.558823529411775
East Asia & Pacific (IDA & IBRD countries),TEA,2018,16600000000000.0,14900000000000.0,11.409395973154357
East Asia & Pacific (IDA & IBRD countries),TEA,2019,17200000000000.0,16600000000000.0,3.6144578313253017
East Asia & Pacific (IDA & IBRD countries),TEA,2020,17500000000000.0,17200000000000.0,1.744186046511631
East Asia & Pacific (IDA & IBRD countries),TEA,2021,20800000000000.0,17500000000000.0,18.85714285714286
East Asia & Pacific (IDA & IBRD countries),TEA,2022,21200000000000.0,20800000000000.0,1.9230769230769162
Ecuador,ECU,1960,2069465326.0,,
Ecuador,ECU,1961,1753850417.0,2069465326.0,-15.251036344254265
Ecuador,ECU,1962,1518208221.0,1753850417.0,-13.435706586829177
Ecuador,ECU,1963,1824344492.0,1518208221.0,20.164313877733896
Ecuador,ECU,1964,2244146868.0,1824344492.0,23.011135114058277
Ecuador,ECU,1965,2387048255.0,2244146868.0,6.367737737564161
Ecuador,ECU,1966,2429309514.0,2387048255.0,1.770440078514457
Ecuador,ECU,1967,2553596092.0,2429309514.0,5.116127742625709
Ecuador,ECU,1968,2582180794.0,2553596092.0,1.1193901059588507
Ecuador,ECU,1969,3112166848.0,2582180794.0,20.524746184755326
Ecuador,ECU,1970,2862504170.0,3112166848.0,-8.022149524548883
Ecuador,ECU,1971,2754220263.0,2862504170.0,-3.782838401943711
Ecuador,ECU,1972,3185987235.0,2754220263.0,15.676559271614066
Ecuador,ECU,1973,3891755552.0,3185987235.0,22.15226442989813
Ecuador,ECU,1974,6599259421.0,3891755552.0,69.57024491449869
Ecuador,ECU,1975,7731677257.0,6599259421.0,17.15977147975798
Ecuador,ECU,1976,9091924305.0,7731677257.0,17.59316902122987
Ecuador,ECU,1977,11026346590.0,9091924305.0,21.27626913849454
Ecuador,ECU,1978,11922502171.0,11026346590.0,8.127402614141843
Ecuador,ECU,1979,14175166008.0,11922502171.0,18.89422039678319
Ecuador,ECU,1980,17881514683.0,14175166008.0,26.146774386333526
Ecuador,ECU,1981,21810767209.0,17881514683.0,21.973823782028656
Ecuador,ECU,1982,19929853575.0,21810767209.0,-8.623784830566894
Ecuador,ECU,1983,17152483214.0,19929853575.0,-13.935728883045751
Ecuador,ECU,1984,16912515183.0,17152483214.0,-1.399027930860386
Ecuador,ECU,1985,17149094590.0,16912515183.0,1.3988422445752047
Ecuador,ECU,1986,15314143988.0,17149094590.0,-10.699985310419823
Ecuador,ECU,1987,13945431882.0,15314143988.0,-8.937568479651937
Ecuador,ECU,1988,13051886552.0,13945431882.0,-6.407441071461828
Ecuador,ECU,1989,13890828708.0,13051886552.0,6.427746308225801
Ecuador,ECU,1990,15239278100.0,13890828708.0,9.707479808050623
Ecuador,ECU,1991,16988535268.0,15239278100.0,11.478609134378882
Ecuador,ECU,1992,18094238119.0,16988535268.0,6.508523740023242
Ecuador,ECU,1993,18938717359.0,18094238119.0,4.667116871382659
Ecuador,ECU,1994,22708673337.0,18938717359.0,19.906078677542816
Ecuador,ECU,1995,24432884442.0,22708673337.0,7.592742558812038
Ecuador,ECU,1996,25226393197.0,24432884442.0,3.247708050531939
Ecuador,ECU,1997,28162053027.0,25226393197.0,11.637255500913701
Ecuador,ECU,1998,27981896948.0,28162053027.0,-0.639712164547368
Ecuador,ECU,1999,19645272636.0,27981896948.0,-29.792920499608442
Ecuador,ECU,2000,18327764882.0,19645272636.0,-6.70648750165811
Ecuador,ECU,2001,24468324000.0,18327764882.0,33.50413516069679
Ecuador,ECU,2002,28548945000.0,24468324000.0,16.677157781628193
Ecuador,ECU,2003,32432858000.0,28548945000.0,13.604401143369738
Ecuador,ECU,2004,36591661000.0,32432858000.0,12.82280766005881
Ecuador,ECU,2005,41507085000.0,36591661000.0,13.433180855058758
Ecuador,ECU,2006,46802044000.0,41507085000.0,12.756759478532409
Ecuador,ECU,2007,51007777000.0,46802044000.0,8.98621649943323
Ecuador,ECU,2008,61762635000.0,51007777000.0,21.084741646357188
Ecuador,ECU,2009,62519686000.0,61762635000.0,1.2257427164498402
Ecuador,ECU,2010,69555367000.0,62519686000.0,11.253545003409005
Ecuador,ECU,2011,79276664000.0,69555367000.0,13.976343479001407
Ecuador,ECU,2012,87924544000.0,79276664000.0,10.90848121459802
Ecuador,ECU,2013,95129659000.0,87924544000.0,8.194657227906688
Ecuador,ECU,2014,102000000000.0,95129659000.0,7.222080970562494
Ecuador,ECU,2015,99290381000.0,102000000000.0,-2.656489215686275
Ecuador,ECU,2016,99937696000.0,99290381000.0,0.6519412993288842
Ecuador,ECU,2017,104000000000.0,99937696000.0,4.0648365557677035
Ecuador,ECU,2018,108000000000.0,104000000000.0,3.8461538461538547
Ecuador,ECU,2019,108000000000.0,108000000000.0,0.0
Ecuador,ECU,2020,99291124000.0,108000000000.0,-8.06377407407407
Ecuador,ECU,2021,106000000000.0,99291124000.0,6.756773143186501
Ecuador,ECU,2022,115000000000.0,106000000000.0,8.490566037735858
"Egypt, Arab Rep.",EGY,1965,4948667540.0,,
"Egypt, Arab Rep.",EGY,1966,5278005612.0,4948667540.0,6.6550858253856315
"Egypt, Arab Rep.",EGY,1967,5605484299.0,5278005612.0,6.20459148916872
"Egypt, Arab Rep.",EGY,1968,5932242991.0,5605484299.0,5.8292678129219455
"Egypt, Arab Rep.",EGY,1969,6524455206.0,5932242991.0,9.982939267633917
"Egypt, Arab Rep.",EGY,1970,8042200452.0,6524455206.0,23.26240579603114
"Egypt, Arab Rep.",EGY,1971,8609283346.0,8042200452.0,7.051339958319169
"Egypt, Arab Rep.",EGY,1972,9299638056.0,8609283346.0,8.018724465849392
"Egypt, Arab Rep.",EGY,1973,10098534613.0,9299638056.0,8.590619894981423
"Egypt, Arab Rep.",EGY,1974,9228963225.0,10098534613.0,-8.61086703491205
"Egypt, Arab Rep.",EGY,1975,11632178869.0,9228963225.0,26.039930872083406
"Egypt, Arab Rep.",EGY,1976,13315988083.0,11632178869.0,14.475441213231232
"Egypt, Arab Rep.",EGY,1977,14400806876.0,13315988083.0,8.146738989538038
"Egypt, Arab Rep.",EGY,1978,14811704063.0,14400806876.0,2.8532928087855236
"Egypt, Arab Rep.",EGY,1979,18020571429.0,14811704063.0,21.66440371986522
"Egypt, Arab Rep.",EGY,1980,21669908176.0,18020571429.0,20.250949096582048
"Egypt, Arab Rep.",EGY,1981,22136081081.0,21669908176.0,2.151245410058067
"Egypt, Arab Rep.",EGY,1982,27655172414.0,22136081081.0,24.93255835486248
"Egypt, Arab Rep.",EGY,1983,30966239814.0,27655172414.0,11.972687605895471
"Egypt, Arab Rep.",EGY,1984,33971188992.0,30966239814.0,9.703952420601759
"Egypt, Arab Rep.",EGY,1985,39053502251.0,33971188992.0,14.960657574266389
"Egypt, Arab Rep.",EGY,1986,41253507951.0,39053502251.0,5.633312182503847
"Egypt, Arab Rep.",EGY,1987,40455616654.0,41253507951.0,-1.9341174523817894
"Egypt, Arab Rep.",EGY,1988,34980124929.0,40455616654.0,-13.534564982236198
"Egypt, Arab Rep.",EGY,1989,39756299050.0,34980124929.0,13.653965303709793
"Egypt, Arab Rep.",EGY,1990,42978914311.0,39756299050.0,8.105923685066951
"Egypt, Arab Rep.",EGY,1991,37387836491.0,42978914311.0,-13.008885658540292
"Egypt, Arab Rep.",EGY,1992,41855986519.0,37387836491.0,11.950811941406592
"Egypt, Arab Rep.",EGY,1993,46578631453.0,41855986519.0,11.283081171330679
"Egypt, Arab Rep.",EGY,1994,51897983393.0,46578631453.0,11.420155066959126
"Egypt, Arab Rep.",EGY,1995,60159245060.0,51897983393.0,15.918271051962062
"Egypt, Arab Rep.",EGY,1996,67629716981.0,60159245060.0,12.41782857073639
"Egypt, Arab Rep.",EGY,1997,78436578171.0,67629716981.0,15.979456476264865
"Egypt, Arab Rep.",EGY,1998,84828807556.0,78436578171.0,8.149551566444257
"Egypt, Arab Rep.",EGY,1999,90710704807.0,84828807556.0,6.9338440801693935
"Egypt, Arab Rep.",EGY,2000,99838543960.0,90710704807.0,10.06258210915767
"Egypt, Arab Rep.",EGY,2001,96684636119.0,99838543960.0,-3.1590082506247286
"Egypt, Arab Rep.",EGY,2002,85146067416.0,96684636119.0,-11.934231917466454
"Egypt, Arab Rep.",EGY,2003,80288461538.0,85146067416.0,-5.7050266975538495
"Egypt, Arab Rep.",EGY,2004,78782467532.0,80288461538.0,-1.8757290613760524
"Egypt, Arab Rep.",EGY,2005,89600665557.0,78782467532.0,13.731732914567374
"Egypt, Arab Rep.",EGY,2006,107000000000.0,89600665557.0,19.41875580369581
"Egypt, Arab Rep.",EGY,2007,130000000000.0,107000000000.0,21.495327102803728
"Egypt, Arab Rep.",EGY,2008,163000000000.0,130000000000.0,25.384615384615383
"Egypt, Arab Rep.",EGY,2009,189000000000.0,163000000000.0,15.95092024539877
"Egypt, Arab Rep.",EGY,2010,219000000000.0,189000000000.0,15.873015873015884
"Egypt, Arab Rep.",EGY,2011,236000000000.0,219000000000.0,7.762557077625565
"Egypt, Arab Rep.",EGY,2012,279000000000.0,236000000000.0,18.220338983050844
"Egypt, Arab Rep.",EGY,2013,288000000000.0,279000000000.0,3.2258064516129004
"Egypt, Arab Rep.",EGY,2014,306000000000.0,288000000000.0,6.25
"Egypt, Arab Rep.",EGY,2015,329000000000.0,306000000000.0,7.516339869281041
"Egypt, Arab Rep.",EGY,2016,332000000000.0,329000000000.0,0.911854103343468
"Egypt, Arab Rep.",EGY,2017,248000000000.0,332000000000.0,-25.30120481927711
"Egypt, Arab Rep.",EGY,2018,263000000000.0,248000000000.0,6.048387096774199
"Egypt, Arab Rep.",EGY,2019,319000000000.0,263000000000.0,21.292775665399244
"Egypt, Arab Rep.",EGY,2020,384000000000.0,319000000000.0,20.376175548589348
"Egypt, Arab Rep.",EGY,2021,425000000000.0,384000000000.0,10.677083333333325
"Egypt, Arab Rep.",EGY,2022,477000000000.0,425000000000.0,12.235294117647054
El Salvador,SLV,1965,877720000.0,,
El Salvador,SLV,1966,929520000.0,877720000.0,5.901654286104918
El Salvador,SLV,1967,976200000.0,929520000.0,5.021946811257427
El Salvador,SLV,1968,1009760100.0,976200000.0,3.4378303626306117
El Salvador,SLV,1969,1049400000.0,1009760100.0,3.9256750192446788
El Salvador,SLV,1970,1132920000.0,1049400000.0,7.95883361921097
El Salvador,SLV,1971,1186120000.0,1132920000.0,4.695830243971333
El Salvador,SLV,1972,1263720000.0,1186120000.0,6.542339729538327
El Salvador,SLV,1973,1442320000.0,1263720000.0,14.132877536163079
El Salvador,SLV,1974,1665880000.0,1442320000.0,15.500027733096688
El Salvador,SLV,1975,1884120100.0,1665880000.0,13.100589478233736
El Salvador,SLV,1976,2328280100.0,1884120100.0,23.57386877832257
El Salvador,SLV,1977,2941640100.0,2328280100.0,26.34390939475022
El Salvador,SLV,1978,3127960000.0,2941640100.0,6.333878165449258
El Salvador,SLV,1979,3463639900.0,3127960000.0,10.73159183621273
El Salvador,SLV,1980,3573959900.0,3463639900.0,3.1850886115499577
El Salvador,SLV,1981,3437200200.0,3573959900.0,-3.826559441811306
El Salvador,SLV,1982,3399189100.0,3437200200.0,-1.1058739028352194
El Salvador,SLV,1983,3506347800.0,3399189100.0,3.152478336671538
El Salvador,SLV,1984,3661683400.0,3506347800.0,4.430125271657315
El Salvador,SLV,1985,3800368600.0,3661683400.0,3.7874710850206217
El Salvador,SLV,1986,3771663200.0,3800368600.0,-0.7553319959542892
El Salvador,SLV,1987,3958045800.0,3771663200.0,4.941655447920157
El Salvador,SLV,1988,4189880000.0,3958045800.0,5.8572894735073655
El Salvador,SLV,1989,4372215300.0,4189880000.0,4.351802438255992
El Salvador,SLV,1990,4817542204.0,4372215300.0,10.185383688676076
El Salvador,SLV,1991,5252342400.0,4817542204.0,9.025353127970238
El Salvador,SLV,1992,5813399300.0,5252342400.0,10.682032077725934
El Salvador,SLV,1993,6680269200.0,5813399300.0,14.911583658118932
El Salvador,SLV,1994,7679384000.0,6680269200.0,14.956205657101362
El Salvador,SLV,1995,8921947100.0,7679384000.0,16.180504842575914
El Salvador,SLV,1996,9586327800.0,8921947100.0,7.446588648793928
El Salvador,SLV,1997,10221705900.0,9586327800.0,6.62796133468333
El Salvador,SLV,1998,10936669900.0,10221705900.0,6.994566337503416
El Salvador,SLV,1999,11284197000.0,10936669900.0,3.177631794482516
El Salvador,SLV,2000,11784927700.0,11284197000.0,4.437450888175731
El Salvador,SLV,2001,12282533600.0,11784927700.0,4.222392471699243
El Salvador,SLV,2002,12664190300.0,12282533600.0,3.107312484779201
El Salvador,SLV,2003,13243892200.0,12664190300.0,4.577488858486278
El Salvador,SLV,2004,13724810900.0,13243892200.0,3.6312489767924783
El Salvador,SLV,2005,14698000000.0,13724810900.0,7.090728659875389
El Salvador,SLV,2006,15999890000.0,14698000000.0,8.857599673424964
El Salvador,SLV,2007,17011750000.0,15999890000.0,6.3241684786582875
El Salvador,SLV,2008,17986890000.0,17011750000.0,5.732155715902243
El Salvador,SLV,2009,17601620000.0,17986890000.0,-2.1419489417014326
El Salvador,SLV,2010,18447920000.0,17601620000.0,4.808080165348416
El Salvador,SLV,2011,20283780000.0,18447920000.0,9.951582617444132
El Salvador,SLV,2012,21386150000.0,20283780000.0,5.4347365234685086
El Salvador,SLV,2013,21990960000.0,21386150000.0,2.8280452535870193
El Salvador,SLV,2014,22593470000.0,21990960000.0,2.7398076300443552
El Salvador,SLV,2015,23438240000.0,22593470000.0,3.7390006935632325
El Salvador,SLV,2016,24191430000.0,23438240000.0,3.213509205469345
El Salvador,SLV,2017,24979190000.0,24191430000.0,3.2563597935301836
El Salvador,SLV,2018,26020850000.0,24979190000.0,4.170111200563342
El Salvador,SLV,2019,26881140000.0,26020850000.0,3.3061564091872553
El Salvador,SLV,2020,24930080000.0,26881140000.0,-7.258099916893402
El Salvador,SLV,2021,29451240000.0,24930080000.0,18.135360977582103
El Salvador,SLV,2022,32488720000.0,29451240000.0,10.313589512699629
Equatorial Guinea,GNQ,1962,9122751.453,,
Equatorial Guinea,GNQ,1963,10840095.13,9122751.453,18.824843424132265
Equatorial Guinea,GNQ,1964,12712471.4,10840095.13,17.272692236973008
Equatorial Guinea,GNQ,1965,64748333.33,12712471.4,409.32923499045194
Equatorial Guinea,GNQ,1966,69110000.0,64748333.33,6.736338135176534
Equatorial Guinea,GNQ,1967,72317446.93,69110000.0,4.641074996382599
Equatorial Guinea,GNQ,1968,67514285.71,72317446.93,-6.641773768160341
Equatorial Guinea,GNQ,1969,67225714.29,67514285.71,-0.4274227549996068
Equatorial Guinea,GNQ,1970,66331428.57,67225714.29,-1.3302732881977475
Equatorial Guinea,GNQ,1971,64946954.76,66331428.57,-2.0872063814198705
Equatorial Guinea,GNQ,1972,65429198.24,64946954.76,0.7425190015175387
Equatorial Guinea,GNQ,1973,81203226.91,65429198.24,24.10854648125058
Equatorial Guinea,GNQ,1974,94159862.71,81203226.91,15.955813941187614
Equatorial Guinea,GNQ,1975,104295643.4,94159862.71,10.764438687869472
Equatorial Guinea,GNQ,1976,103653049.9,104295643.4,-0.6161268860823799
Equatorial Guinea,GNQ,1977,103987520.1,103653049.9,0.32268244911526356
Equatorial Guinea,GNQ,1980,50642880.77,103987520.1,-51.29907827275899
Equatorial Guinea,GNQ,1981,36731422.85,50642880.77,-27.469720735635793
Equatorial Guinea,GNQ,1982,44294647.73,36731422.85,20.590612323638837
Equatorial Guinea,GNQ,1983,44442456.95,44294647.73,0.3336954408148518
Equatorial Guinea,GNQ,1984,50320914.41,44442456.95,13.227120783654133
Equatorial Guinea,GNQ,1985,62118570.01,50320914.41,23.444835489029824
Equatorial Guinea,GNQ,1986,76407395.97,62118570.01,23.002503048121923
Equatorial Guinea,GNQ,1987,93345859.41,76407395.97,22.16861761216229
Equatorial Guinea,GNQ,1988,100534656.9,93345859.41,7.701249455988068
Equatorial Guinea,GNQ,1989,88265974.73,100534656.9,-12.203435659210971
Equatorial Guinea,GNQ,1990,112119411.5,88265974.73,27.024498220255477
Equatorial Guinea,GNQ,1991,110906028.6,112119411.5,-1.0822237503449683
Equatorial Guinea,GNQ,1992,134707184.0,110906028.6,21.460650697215566
Equatorial Guinea,GNQ,1993,136047906.0,134707184.0,0.995286190527156
Equatorial Guinea,GNQ,1994,100807002.6,136047906.0,-25.903304531566995
Equatorial Guinea,GNQ,1995,141853360.9,100807002.6,40.71776487876648
Equatorial Guinea,GNQ,1996,232463022.7,141853360.9,63.87558336659753
Equatorial Guinea,GNQ,1997,442337870.4,232463022.7,90.2831105189789
Equatorial Guinea,GNQ,1998,370687634.7,442337870.4,-16.198078549143368
Equatorial Guinea,GNQ,1999,621117885.7,370687634.7,67.55829640842347
Equatorial Guinea,GNQ,2000,1045998496.0,621117885.7,68.40579221465492
Equatorial Guinea,GNQ,2001,1461139022.0,1045998496.0,39.68844387325008
Equatorial Guinea,GNQ,2002,1806742742.0,1461139022.0,23.653034707603602
Equatorial Guinea,GNQ,2003,2484745935.0,1806742742.0,37.526271850383885
Equatorial Guinea,GNQ,2004,4410764339.0,2484745935.0,77.51369574129114
Equatorial Guinea,GNQ,2005,8217369093.0,4410764339.0,86.30261019256871
Equatorial Guinea,GNQ,2006,10086528699.0,8217369093.0,22.746448222609985
Equatorial Guinea,GNQ,2007,13071718759.0,10086528699.0,29.59581189012983
Equatorial Guinea,GNQ,2008,19749893536.0,13071718759.0,51.0887275049581
Equatorial Guinea,GNQ,2009,15027795173.0,19749893536.0,-23.909487686060604
Equatorial Guinea,GNQ,2010,16314443429.0,15027795173.0,8.561789944486886
Equatorial Guinea,GNQ,2011,21357343682.0,16314443429.0,30.9106484382784
Equatorial Guinea,GNQ,2012,22388344124.0,21357343682.0,4.827381426038158
Equatorial Guinea,GNQ,2013,21948834290.0,22388344124.0,-1.963118985333312
Equatorial Guinea,GNQ,2014,21765453087.0,21948834290.0,-0.8354940429959434
Equatorial Guinea,GNQ,2015,13185496881.0,21765453087.0,-39.420067074664345
Equatorial Guinea,GNQ,2016,11240808847.0,13185496881.0,-14.748689803281145
Equatorial Guinea,GNQ,2017,12200913888.0,11240808847.0,8.541245154758027
Equatorial Guinea,GNQ,2018,13097012124.0,12200913888.0,7.344517338831014
Equatorial Guinea,GNQ,2019,11364133546.0,13097012124.0,-13.231098525323471
Equatorial Guinea,GNQ,2020,10099157996.0,11364133546.0,-11.131297822923347
Equatorial Guinea,GNQ,2021,12269393392.0,10099157996.0,21.48927065859918
Equatorial Guinea,GNQ,2022,11813908448.0,12269393392.0,-3.712367265825789
Eritrea,ERI,1992,477101651.6,,
Eritrea,ERI,1993,467872714.8,477101651.6,-1.9343753619485482
Eritrea,ERI,1994,531688311.7,467872714.8,13.639520938355854
Eritrea,ERI,1995,578015625.0,531688311.7,8.713246516906658
Eritrea,ERI,1996,693535954.2,578015625.0,19.985675854350827
Eritrea,ERI,1997,686490090.1,693535954.2,-1.0159335009714776
Eritrea,ERI,1998,745523074.7,686490090.1,8.599247891750462
Eritrea,ERI,1999,688918508.9,745523074.7,-7.592597428694992
Eritrea,ERI,2000,706370815.6,688918508.9,2.533290436319713
Eritrea,ERI,2001,752371683.2,706370815.6,6.5122831498815925
Eritrea,ERI,2002,729321671.4,752371683.2,-3.0636469068005545
Eritrea,ERI,2003,870248293.7,729321671.4,19.32297199251991
Eritrea,ERI,2004,1109054005.0,870248293.7,27.441100778799488
Eritrea,ERI,2005,1098424709.0,1109054005.0,-0.9584110378826893
Eritrea,ERI,2006,1211161880.0,1098424709.0,10.263531954105009
Eritrea,ERI,2007,1317974491.0,1211161880.0,8.819020212227958
Eritrea,ERI,2008,1380188800.0,1317974491.0,4.720448644859232
Eritrea,ERI,2009,1856695551.0,1380188800.0,34.52475132387684
Eritrea,ERI,2010,1589515447.0,1856695551.0,-14.390086939999346
Eritrea,ERI,2011,2065001626.0,1589515447.0,29.91390740476396
Estonia,EST,1995,4502970889.0,,
Estonia,EST,1996,4786018988.0,4502970889.0,6.285807880558125
Estonia,EST,1997,5154420649.0,4786018988.0,7.697455064923364
Estonia,EST,1998,5674080543.0,5154420649.0,10.08182935362132
Estonia,EST,1999,5756912266.0,5674080543.0,1.4598263519926213
Estonia,EST,2000,5686579748.0,5756912266.0,-1.2217055732354987
Estonia,EST,2001,6254649539.0,5686579748.0,9.989656633230082
Estonia,EST,2002,7367975888.0,6254649539.0,17.799979712020765
Estonia,EST,2003,9874013098.0,7367975888.0,34.012559868464095
Estonia,EST,2004,12145911801.0,9874013098.0,23.00886863782039
Estonia,EST,2005,14106790200.0,12145911801.0,16.144349070924058
Estonia,EST,2006,17022870405.0,14106790200.0,20.67146504383399
Estonia,EST,2007,22449129483.0,17022870405.0,31.876287305848173
Estonia,EST,2008,24341678629.0,22449129483.0,8.430389906357693
Estonia,EST,2009,19633031398.0,24341678629.0,-19.343970901785912
Estonia,EST,2010,19523477326.0,19633031398.0,-0.5580089481808659
Estonia,EST,2011,23213994093.0,19523477326.0,18.902968489559125
Estonia,EST,2012,23019150071.0,23213994093.0,-0.8393386386651769
Estonia,EST,2013,25115753366.0,23019150071.0,9.108083002774903
Estonia,EST,2014,26634083965.0,25115753366.0,6.045331696302658
Estonia,EST,2015,22890762090.0,26634083965.0,-14.054629698994415
Estonia,EST,2016,24072829277.0,22890762090.0,5.163948593552492
Estonia,EST,2017,26924385103.0,24072829277.0,11.845536696945192
Estonia,EST,2018,30624720196.0,26924385103.0,13.74343398686455
Estonia,EST,2019,31081901909.0,30624720196.0,1.4928518859078865
Estonia,EST,2020,31370395573.0,31081901909.0,0.9281724935772395
Estonia,EST,2021,37191166152.0,31370395573.0,18.554979854987373
Estonia,EST,2022,38100812959.0,37191166152.0,2.445867933482604
Eswatini,SWZ,1960,35076845.98,,
Eswatini,SWZ,1961,43026042.81,35076845.98,22.662233755373705
Eswatini,SWZ,1962,45927961.65,43026042.81,6.744563642105472
Eswatini,SWZ,1963,54129438.37,45927961.65,17.857262602900636
Eswatini,SWZ,1964,64980554.03,54129438.37,20.046606775831588
Eswatini,SWZ,1965,70279971.92,64980554.03,8.15539043811997
Eswatini,SWZ,1966,76859969.29,70279971.92,9.362549799379604
Eswatini,SWZ,1967,74759970.13,76859969.29,-2.73224043594984
Eswatini,SWZ,1968,79799968.11,74759970.13,6.741573025291414
Eswatini,SWZ,1969,105419957.9,79799968.11,32.10526319344416
Eswatini,SWZ,1970,112139955.2,105419957.9,6.374501976537017
Eswatini,SWZ,1971,136462096.7,112139955.2,21.689095074651842
Eswatini,SWZ,1972,146736434.0,136462096.7,7.529077706161336
Eswatini,SWZ,1973,221915096.2,146736434.0,51.23380754911897
Eswatini,SWZ,1974,264320939.6,221915096.2,19.1090395048122
Eswatini,SWZ,1975,288299883.9,264320939.6,9.071904910858585
Eswatini,SWZ,1976,272549999.8,288299883.9,-5.463021312024874
Eswatini,SWZ,1977,304059999.7,272549999.8,11.56118140639235
Eswatini,SWZ,1978,340629999.7,304059999.7,12.027231479340173
Eswatini,SWZ,1979,412093133.8,340629999.7,20.97969473121544
Eswatini,SWZ,1980,541977035.4,412093133.8,31.51809407798485
Eswatini,SWZ,1981,570774862.1,541977035.4,5.313477291292634
Eswatini,SWZ,1982,537568142.1,570774862.1,-5.817831548822161
Eswatini,SWZ,1983,555336145.9,537568142.1,3.3052560984342616
Eswatini,SWZ,1984,494483241.4,555336145.9,-10.957850474756937
Eswatini,SWZ,1985,360079419.5,494483241.4,-27.18066268928967
Eswatini,SWZ,1986,449140384.0,360079419.5,24.733700310800465
Eswatini,SWZ,1987,584125996.6,449140384.0,30.05421409623232
Eswatini,SWZ,1988,692026606.9,584125996.6,18.472146579342976
Eswatini,SWZ,1989,696921409.5,692026606.9,0.7073142204642613
Eswatini,SWZ,1990,1114694112.0,696921409.5,59.94545393572099
Eswatini,SWZ,1991,1156135718.0,1114694112.0,3.717755889608565
Eswatini,SWZ,1992,1284759852.0,1156135718.0,11.125349039687737
Eswatini,SWZ,1993,1357189725.0,1284759852.0,5.63761958215363
Eswatini,SWZ,1994,1419294121.0,1357189725.0,4.575955362467843
Eswatini,SWZ,1995,1698989464.0,1419294121.0,19.70665127556037
Eswatini,SWZ,1996,1602741772.0,1698989464.0,-5.664996401649258
Eswatini,SWZ,1997,1716714194.0,1602741772.0,7.111090756546412
Eswatini,SWZ,1998,1576908809.0,1716714194.0,-8.14377754250688
Eswatini,SWZ,1999,1547888454.0,1576908809.0,-1.8403318463547258
Eswatini,SWZ,2000,1738093757.0,1547888454.0,12.28804973048787
Eswatini,SWZ,2001,1542477309.0,1738093757.0,-11.254654543932062
Eswatini,SWZ,2002,1432221784.0,1542477309.0,-7.147951179358325
Eswatini,SWZ,2003,2197598418.0,1432221784.0,53.43981236358572
Eswatini,SWZ,2004,2770082792.0,2197598418.0,26.05045441018332
Eswatini,SWZ,2005,3178112332.0,2770082792.0,14.729868045041439
Eswatini,SWZ,2006,3291329938.0,3178112332.0,3.562416748458719
Eswatini,SWZ,2007,3469381231.0,3291329938.0,5.409706603531639
Eswatini,SWZ,2008,3294084181.0,3469381231.0,-5.052689177933701
Eswatini,SWZ,2009,3580427986.0,3294084181.0,8.692668106407453
Eswatini,SWZ,2010,4438765109.0,3580427986.0,23.97303133469586
Eswatini,SWZ,2011,4820478592.0,4438765109.0,8.599542296708629
Eswatini,SWZ,2012,4886551706.0,4820478592.0,1.3706753953778295
Eswatini,SWZ,2013,4597552949.0,4886551706.0,-5.914165538147276
Eswatini,SWZ,2014,4422986447.0,4597552949.0,-3.7969438076394413
Eswatini,SWZ,2015,4063245671.0,4422986447.0,-8.133436091444569
Eswatini,SWZ,2016,3816019223.0,4063245671.0,-6.084457303787771
Eswatini,SWZ,2017,4402969226.0,3816019223.0,15.381211904340564
Eswatini,SWZ,2018,4666598024.0,4402969226.0,5.987523066099221
Eswatini,SWZ,2019,4466214522.0,4666598024.0,-4.2939953467052705
Eswatini,SWZ,2020,3982236726.0,4466214522.0,-10.83642072309755
Eswatini,SWZ,2021,4748702401.0,3982236726.0,19.247114818557876
Eswatini,SWZ,2022,4854167638.0,4748702401.0,2.2209274891134667
Ethiopia,ETH,1981,7324903192.0,,
Ethiopia,ETH,1982,7707678023.0,7324903192.0,5.225664025403809
Ethiopia,ETH,1983,8567890825.0,7707678023.0,11.160466218660048
Ethiopia,ETH,1984,8096302371.0,8567890825.0,-5.504137058142311
Ethiopia,ETH,1985,9480840483.0,8096302371.0,17.10086961375421
Ethiopia,ETH,1986,9848600870.0,9480840483.0,3.878985071623431
Ethiopia,ETH,1987,10527338647.0,9848600870.0,6.891717777573003
Ethiopia,ETH,1988,10908935749.0,10527338647.0,3.624820239906934
Ethiopia,ETH,1989,11476584879.0,10908935749.0,5.203524368103785
Ethiopia,ETH,1990,12175166763.0,11476584879.0,6.087018841975134
Ethiopia,ETH,1991,13463868357.0,12175166763.0,10.584673040506765
Ethiopia,ETH,1992,10492993078.0,13463868357.0,-22.065540157004083
Ethiopia,ETH,1993,8830712714.0,10492993078.0,-15.841813214241029
Ethiopia,ETH,1994,6927950565.0,8830712714.0,-21.547096034314496
Ethiopia,ETH,1995,7663984568.0,6927950565.0,10.624123196237045
Ethiopia,ETH,1996,8547939731.0,7663984568.0,11.533884954451024
Ethiopia,ETH,1997,8589233420.0,8547939731.0,0.48308353006099036
Ethiopia,ETH,1998,7818205972.0,8589233420.0,-8.976673590039653
Ethiopia,ETH,1999,7700833482.0,7818205972.0,-1.5012713967930247
Ethiopia,ETH,2000,8242349955.0,7700833482.0,7.031920301429007
Ethiopia,ETH,2001,8231326016.0,8242349955.0,-0.13374752419136327
Ethiopia,ETH,2002,7850809498.0,8231326016.0,-4.622785165602172
Ethiopia,ETH,2003,8623691300.0,7850809498.0,9.84461286695202
Ethiopia,ETH,2004,10131187261.0,8623691300.0,17.48086647071887
Ethiopia,ETH,2005,12401139454.0,10131187261.0,22.405589142924832
Ethiopia,ETH,2006,15280861835.0,12401139454.0,23.221433737455
Ethiopia,ETH,2007,19707616773.0,15280861835.0,28.969275331452526
Ethiopia,ETH,2008,27066912635.0,19707616773.0,37.34239379001141
Ethiopia,ETH,2009,32437389116.0,27066912635.0,19.84148156615204
Ethiopia,ETH,2010,29933790334.0,32437389116.0,-7.71824998937748
Ethiopia,ETH,2011,31952763089.0,29933790334.0,6.744794870520532
Ethiopia,ETH,2012,43310721414.0,31952763089.0,35.546091251526434
Ethiopia,ETH,2013,47648276190.0,43310721414.0,10.014967736367254
Ethiopia,ETH,2014,55612228234.0,47648276190.0,16.71404021468337
Ethiopia,ETH,2015,64589329345.0,55612228234.0,16.142315091614346
Ethiopia,ETH,2016,74296745599.0,64589329345.0,15.029442715140174
Ethiopia,ETH,2017,81770886909.0,74296745599.0,10.05985019901141
Ethiopia,ETH,2018,84269196152.0,81770886909.0,3.0552551616326307
Ethiopia,ETH,2019,95912607970.0,84269196152.0,13.816925222590548
Ethiopia,ETH,2020,108000000000.0,95912607970.0,12.602505849680101
Ethiopia,ETH,2021,111000000000.0,108000000000.0,2.777777777777768
Ethiopia,ETH,2022,127000000000.0,111000000000.0,14.414414414414424
Euro area,EMU,1960,245000000000.0,,
Euro area,EMU,1961,269000000000.0,245000000000.0,9.795918367346946
Euro area,EMU,1962,299000000000.0,269000000000.0,11.152416356877314
Euro area,EMU,1963,335000000000.0,299000000000.0,12.040133779264206
Euro area,EMU,1964,373000000000.0,335000000000.0,11.343283582089558
Euro area,EMU,1965,408000000000.0,373000000000.0,9.383378016085796
Euro area,EMU,1966,445000000000.0,408000000000.0,9.068627450980383
Euro area,EMU,1967,483000000000.0,445000000000.0,8.539325842696632
Euro area,EMU,1968,519000000000.0,483000000000.0,7.453416149068315
Euro area,EMU,1969,579000000000.0,519000000000.0,11.560693641618492
Euro area,EMU,1970,643000000000.0,579000000000.0,11.053540587219345
Euro area,EMU,1971,728000000000.0,643000000000.0,13.219284603421455
Euro area,EMU,1972,880000000000.0,728000000000.0,20.879120879120872
Euro area,EMU,1973,1140000000000.0,880000000000.0,29.54545454545454
Euro area,EMU,1974,1300000000000.0,1140000000000.0,14.035087719298245
Euro area,EMU,1975,1500000000000.0,1300000000000.0,15.384615384615374
Euro area,EMU,1976,1570000000000.0,1500000000000.0,4.666666666666663
Euro area,EMU,1977,1780000000000.0,1570000000000.0,13.375796178343947
Euro area,EMU,1978,2180000000000.0,1780000000000.0,22.47191011235956
Euro area,EMU,1979,2640000000000.0,2180000000000.0,21.100917431192666
Euro area,EMU,1980,2960000000000.0,2640000000000.0,12.12121212121211
Euro area,EMU,1981,2570000000000.0,2960000000000.0,-13.17567567567568
Euro area,EMU,1982,2490000000000.0,2570000000000.0,-3.11284046692607
Euro area,EMU,1983,2430000000000.0,2490000000000.0,-2.409638554216864
Euro area,EMU,1984,2330000000000.0,2430000000000.0,-4.115226337448563
Euro area,EMU,1985,2400000000000.0,2330000000000.0,3.0042918454935563
Euro area,EMU,1986,3360000000000.0,2400000000000.0,39.99999999999999
Euro area,EMU,1987,4160000000000.0,3360000000000.0,23.809523809523814
Euro area,EMU,1988,4570000000000.0,4160000000000.0,9.85576923076923
Euro area,EMU,1989,4670000000000.0,4570000000000.0,2.188183807439814
Euro area,EMU,1990,5880000000000.0,4670000000000.0,25.91006423982869
Euro area,EMU,1991,6110000000000.0,5880000000000.0,3.911564625850339
Euro area,EMU,1992,6750000000000.0,6110000000000.0,10.474631751227491
Euro area,EMU,1993,6170000000000.0,6750000000000.0,-8.592592592592595
Euro area,EMU,1994,6520000000000.0,6170000000000.0,5.672609400324147
Euro area,EMU,1995,7520000000000.0,6520000000000.0,15.337423312883436
Euro area,EMU,1996,7600000000000.0,7520000000000.0,1.0638297872340496
Euro area,EMU,1997,6950000000000.0,7600000000000.0,-8.552631578947366
Euro area,EMU,1998,7150000000000.0,6950000000000.0,2.877697841726623
Euro area,EMU,1999,7120000000000.0,7150000000000.0,-0.41958041958042314
Euro area,EMU,2000,6500000000000.0,7120000000000.0,-8.70786516853933
Euro area,EMU,2001,6600000000000.0,6500000000000.0,1.538461538461533
Euro area,EMU,2002,7200000000000.0,6600000000000.0,9.090909090909083
Euro area,EMU,2003,8860000000000.0,7200000000000.0,23.055555555555564
Euro area,EMU,2004,10200000000000.0,8860000000000.0,15.12415349887133
Euro area,EMU,2005,10500000000000.0,10200000000000.0,2.941176470588225
Euro area,EMU,2006,11200000000000.0,10500000000000.0,6.666666666666665
Euro area,EMU,2007,12900000000000.0,11200000000000.0,15.17857142857142
Euro area,EMU,2008,14200000000000.0,12900000000000.0,10.077519379844958
Euro area,EMU,2009,12900000000000.0,14200000000000.0,-9.154929577464788
Euro area,EMU,2010,12600000000000.0,12900000000000.0,-2.3255813953488413
Euro area,EMU,2011,13600000000000.0,12600000000000.0,7.9365079365079305
Euro area,EMU,2012,12600000000000.0,13600000000000.0,-7.352941176470584
Euro area,EMU,2013,13200000000000.0,12600000000000.0,4.761904761904767
Euro area,EMU,2014,13500000000000.0,13200000000000.0,2.2727272727272707
Euro area,EMU,2015,11700000000000.0,13500000000000.0,-13.33333333333333
Euro area,EMU,2016,12000000000000.0,11700000000000.0,2.564102564102555
Euro area,EMU,2017,12700000000000.0,12000000000000.0,5.833333333333335
Euro area,EMU,2018,13700000000000.0,12700000000000.0,7.874015748031504
Euro area,EMU,2019,13400000000000.0,13700000000000.0,-2.1897810218978075
Euro area,EMU,2020,13100000000000.0,13400000000000.0,-2.238805970149249
Euro area,EMU,2021,14600000000000.0,13100000000000.0,11.45038167938932
Euro area,EMU,2022,14000000000000.0,14600000000000.0,-4.109589041095896
Europe & Central Asia,ECS,1966,739000000000.0,,
Europe & Central Asia,ECS,1967,796000000000.0,739000000000.0,7.71312584573749
Europe & Central Asia,ECS,1968,833000000000.0,796000000000.0,4.648241206030157
Europe & Central Asia,ECS,1969,921000000000.0,833000000000.0,10.564225690276107
Europe & Central Asia,ECS,1970,1020000000000.0,921000000000.0,10.749185667752448
Europe & Central Asia,ECS,1971,1150000000000.0,1020000000000.0,12.745098039215685
Europe & Central Asia,ECS,1972,1380000000000.0,1150000000000.0,19.999999999999996
Europe & Central Asia,ECS,1973,1750000000000.0,1380000000000.0,26.811594202898558
Europe & Central Asia,ECS,1974,1980000000000.0,1750000000000.0,13.142857142857146
Europe & Central Asia,ECS,1975,2310000000000.0,1980000000000.0,16.666666666666675
Europe & Central Asia,ECS,1976,2400000000000.0,2310000000000.0,3.8961038961038863
Europe & Central Asia,ECS,1977,2720000000000.0,2400000000000.0,13.33333333333333
Europe & Central Asia,ECS,1978,3320000000000.0,2720000000000.0,22.058823529411775
Europe & Central Asia,ECS,1979,4060000000000.0,3320000000000.0,22.289156626506035
Europe & Central Asia,ECS,1980,4600000000000.0,4060000000000.0,13.300492610837434
Europe & Central Asia,ECS,1981,4090000000000.0,4600000000000.0,-11.086956521739133
Europe & Central Asia,ECS,1982,3950000000000.0,4090000000000.0,-3.4229828850855792
Europe & Central Asia,ECS,1983,3830000000000.0,3950000000000.0,-3.037974683544309
Europe & Central Asia,ECS,1984,3680000000000.0,3830000000000.0,-3.9164490861618773
Europe & Central Asia,ECS,1985,3810000000000.0,3680000000000.0,3.532608695652173
Europe & Central Asia,ECS,1986,5200000000000.0,3810000000000.0,36.48293963254594
Europe & Central Asia,ECS,1987,6420000000000.0,5200000000000.0,23.461538461538467
Europe & Central Asia,ECS,1988,7150000000000.0,6420000000000.0,11.370716510903423
Europe & Central Asia,ECS,1989,7240000000000.0,7150000000000.0,1.2587412587412583
Europe & Central Asia,ECS,1990,8860000000000.0,7240000000000.0,22.37569060773481
Europe & Central Asia,ECS,1991,9140000000000.0,8860000000000.0,3.160270880361171
Europe & Central Asia,ECS,1992,9800000000000.0,9140000000000.0,7.221006564551424
Europe & Central Asia,ECS,1993,9000000000000.0,9800000000000.0,-8.163265306122447
Europe & Central Asia,ECS,1994,9410000000000.0,9000000000000.0,4.555555555555557
Europe & Central Asia,ECS,1995,10900000000000.0,9410000000000.0,15.83421891604675
Europe & Central Asia,ECS,1996,11100000000000.0,10900000000000.0,1.83486238532109
Europe & Central Asia,ECS,1997,10500000000000.0,11100000000000.0,-5.405405405405405
Europe & Central Asia,ECS,1998,10800000000000.0,10500000000000.0,2.857142857142847
Europe & Central Asia,ECS,1999,10700000000000.0,10800000000000.0,-0.92592592592593
Europe & Central Asia,ECS,2000,10100000000000.0,10700000000000.0,-5.607476635514019
Europe & Central Asia,ECS,2001,10200000000000.0,10100000000000.0,0.990099009900991
Europe & Central Asia,ECS,2002,11100000000000.0,10200000000000.0,8.823529411764696
Europe & Central Asia,ECS,2003,13500000000000.0,11100000000000.0,21.62162162162162
Europe & Central Asia,ECS,2004,15800000000000.0,13500000000000.0,17.037037037037027
Europe & Central Asia,ECS,2005,16800000000000.0,15800000000000.0,6.329113924050622
Europe & Central Asia,ECS,2006,18200000000000.0,16800000000000.0,8.333333333333325
Europe & Central Asia,ECS,2007,21200000000000.0,18200000000000.0,16.483516483516492
Europe & Central Asia,ECS,2008,23400000000000.0,21200000000000.0,10.377358490566046
Europe & Central Asia,ECS,2009,20500000000000.0,23400000000000.0,-12.393162393162394
Europe & Central Asia,ECS,2010,21000000000000.0,20500000000000.0,2.4390243902439046
Europe & Central Asia,ECS,2011,23300000000000.0,21000000000000.0,10.952380952380958
Europe & Central Asia,ECS,2012,22500000000000.0,23300000000000.0,-3.433476394849788
Europe & Central Asia,ECS,2013,23500000000000.0,22500000000000.0,4.444444444444451
Europe & Central Asia,ECS,2014,23800000000000.0,23500000000000.0,1.2765957446808418
Europe & Central Asia,ECS,2015,20500000000000.0,23800000000000.0,-13.86554621848739
Europe & Central Asia,ECS,2016,20400000000000.0,20500000000000.0,-0.4878048780487809
Europe & Central Asia,ECS,2017,21700000000000.0,20400000000000.0,6.372549019607843
Europe & Central Asia,ECS,2018,23200000000000.0,21700000000000.0,6.912442396313367
Europe & Central Asia,ECS,2019,22900000000000.0,23200000000000.0,-1.2931034482758674
Europe & Central Asia,ECS,2020,22200000000000.0,22900000000000.0,-3.056768558951961
Europe & Central Asia,ECS,2021,25200000000000.0,22200000000000.0,13.513513513513509
Europe & Central Asia,ECS,2022,25200000000000.0,25200000000000.0,0.0
Europe & Central Asia (excluding high income),ECA,1988,862000000000.0,,
Europe & Central Asia (excluding high income),ECA,1989,834000000000.0,862000000000.0,-3.24825986078886
Europe & Central Asia (excluding high income),ECA,1990,893000000000.0,834000000000.0,7.074340527577938
Europe & Central Asia (excluding high income),ECA,1991,869000000000.0,893000000000.0,-2.6875699888017968
Europe & Central Asia (excluding high income),ECA,1992,799000000000.0,869000000000.0,-8.055235903337167
Europe & Central Asia (excluding high income),ECA,1993,785000000000.0,799000000000.0,-1.7521902377972465
Europe & Central Asia (excluding high income),ECA,1994,674000000000.0,785000000000.0,-14.140127388535028
Europe & Central Asia (excluding high income),ECA,1995,722000000000.0,674000000000.0,7.121661721068251
Europe & Central Asia (excluding high income),ECA,1996,729000000000.0,722000000000.0,0.969529085872578
Europe & Central Asia (excluding high income),ECA,1997,761000000000.0,729000000000.0,4.389574759945125
Europe & Central Asia (excluding high income),ECA,1998,705000000000.0,761000000000.0,-7.3587385019710965
Europe & Central Asia (excluding high income),ECA,1999,592000000000.0,705000000000.0,-16.02836879432624
Europe & Central Asia (excluding high income),ECA,2000,663000000000.0,592000000000.0,11.993243243243246
Europe & Central Asia (excluding high income),ECA,2001,655000000000.0,663000000000.0,-1.2066365007541435
Europe & Central Asia (excluding high income),ECA,2002,751000000000.0,655000000000.0,14.656488549618318
Europe & Central Asia (excluding high income),ECA,2003,947000000000.0,751000000000.0,26.098535286284964
Europe & Central Asia (excluding high income),ECA,2004,1260000000000.0,947000000000.0,33.05174234424499
Europe & Central Asia (excluding high income),ECA,2005,1590000000000.0,1260000000000.0,26.190476190476186
Europe & Central Asia (excluding high income),ECA,2006,1950000000000.0,1590000000000.0,22.64150943396226
Europe & Central Asia (excluding high income),ECA,2007,2510000000000.0,1950000000000.0,28.717948717948726
Europe & Central Asia (excluding high income),ECA,2008,3110000000000.0,2510000000000.0,23.904382470119522
Europe & Central Asia (excluding high income),ECA,2009,2440000000000.0,3110000000000.0,-21.543408360128613
Europe & Central Asia (excluding high income),ECA,2010,2950000000000.0,2440000000000.0,20.9016393442623
Europe & Central Asia (excluding high income),ECA,2011,3670000000000.0,2950000000000.0,24.40677966101694
Europe & Central Asia (excluding high income),ECA,2012,3910000000000.0,3670000000000.0,6.539509536784749
Europe & Central Asia (excluding high income),ECA,2013,4150000000000.0,3910000000000.0,6.13810741687979
Europe & Central Asia (excluding high income),ECA,2014,3850000000000.0,4150000000000.0,-7.2289156626506035
Europe & Central Asia (excluding high income),ECA,2015,2920000000000.0,3850000000000.0,-24.155844155844154
Europe & Central Asia (excluding high income),ECA,2016,2780000000000.0,2920000000000.0,-4.794520547945202
Europe & Central Asia (excluding high income),ECA,2017,3120000000000.0,2780000000000.0,12.230215827338121
Europe & Central Asia (excluding high income),ECA,2018,3180000000000.0,3120000000000.0,1.9230769230769162
Europe & Central Asia (excluding high income),ECA,2019,3250000000000.0,3180000000000.0,2.2012578616352307
Europe & Central Asia (excluding high income),ECA,2020,2990000000000.0,3250000000000.0,-7.9999999999999964
Europe & Central Asia (excluding high income),ECA,2021,3580000000000.0,2990000000000.0,19.732441471571917
Europe & Central Asia (excluding high income),ECA,2022,4120000000000.0,3580000000000.0,15.083798882681565
Europe & Central Asia (IDA & IBRD countries),TEC,1988,988000000000.0,,
Europe & Central Asia (IDA & IBRD countries),TEC,1989,959000000000.0,988000000000.0,-2.9352226720647745
Europe & Central Asia (IDA & IBRD countries),TEC,1990,1020000000000.0,959000000000.0,6.360792492179357
Europe & Central Asia (IDA & IBRD countries),TEC,1991,1010000000000.0,1020000000000.0,-0.9803921568627416
Europe & Central Asia (IDA & IBRD countries),TEC,1992,940000000000.0,1010000000000.0,-6.930693069306926
Europe & Central Asia (IDA & IBRD countries),TEC,1993,929000000000.0,940000000000.0,-1.1702127659574457
Europe & Central Asia (IDA & IBRD countries),TEC,1994,835000000000.0,929000000000.0,-10.118406889128096
Europe & Central Asia (IDA & IBRD countries),TEC,1995,924000000000.0,835000000000.0,10.658682634730532
Europe & Central Asia (IDA & IBRD countries),TEC,1996,951000000000.0,924000000000.0,2.922077922077926
Europe & Central Asia (IDA & IBRD countries),TEC,1997,980000000000.0,951000000000.0,3.0494216614090464
Europe & Central Asia (IDA & IBRD countries),TEC,1998,948000000000.0,980000000000.0,-3.2653061224489743
Europe & Central Asia (IDA & IBRD countries),TEC,1999,822000000000.0,948000000000.0,-13.291139240506332
Europe & Central Asia (IDA & IBRD countries),TEC,2000,895000000000.0,822000000000.0,8.88077858880778
Europe & Central Asia (IDA & IBRD countries),TEC,2001,910000000000.0,895000000000.0,1.6759776536312776
Europe & Central Asia (IDA & IBRD countries),TEC,2002,1020000000000.0,910000000000.0,12.08791208791209
Europe & Central Asia (IDA & IBRD countries),TEC,2003,1260000000000.0,1020000000000.0,23.529411764705888
Europe & Central Asia (IDA & IBRD countries),TEC,2004,1630000000000.0,1260000000000.0,29.36507936507937
Europe & Central Asia (IDA & IBRD countries),TEC,2005,2040000000000.0,1630000000000.0,25.153374233128844
Europe & Central Asia (IDA & IBRD countries),TEC,2006,2470000000000.0,2040000000000.0,21.078431372549012
Europe & Central Asia (IDA & IBRD countries),TEC,2007,3170000000000.0,2470000000000.0,28.34008097165992
Europe & Central Asia (IDA & IBRD countries),TEC,2008,3930000000000.0,3170000000000.0,23.97476340694007
Europe & Central Asia (IDA & IBRD countries),TEC,2009,3110000000000.0,3930000000000.0,-20.865139949109412
Europe & Central Asia (IDA & IBRD countries),TEC,2010,3660000000000.0,3110000000000.0,17.684887459807076
Europe & Central Asia (IDA & IBRD countries),TEC,2011,4450000000000.0,3660000000000.0,21.584699453551902
Europe & Central Asia (IDA & IBRD countries),TEC,2012,4650000000000.0,4450000000000.0,4.494382022471921
Europe & Central Asia (IDA & IBRD countries),TEC,2013,4920000000000.0,4650000000000.0,5.8064516129032295
Europe & Central Asia (IDA & IBRD countries),TEC,2014,4640000000000.0,4920000000000.0,-5.691056910569103
Europe & Central Asia (IDA & IBRD countries),TEC,2015,3630000000000.0,4640000000000.0,-21.76724137931034
Europe & Central Asia (IDA & IBRD countries),TEC,2016,3490000000000.0,3630000000000.0,-3.8567493112947604
Europe & Central Asia (IDA & IBRD countries),TEC,2017,3910000000000.0,3490000000000.0,12.034383954154727
Europe & Central Asia (IDA & IBRD countries),TEC,2018,4080000000000.0,3910000000000.0,4.347826086956519
Europe & Central Asia (IDA & IBRD countries),TEC,2019,4160000000000.0,4080000000000.0,1.9607843137254832
Europe & Central Asia (IDA & IBRD countries),TEC,2020,3900000000000.0,4160000000000.0,-6.25
Europe & Central Asia (IDA & IBRD countries),TEC,2021,4620000000000.0,3900000000000.0,18.461538461538463
Europe & Central Asia (IDA & IBRD countries),TEC,2022,5190000000000.0,4620000000000.0,12.337662337662337
European Union,EUU,1970,726000000000.0,,
European Union,EUU,1971,821000000000.0,726000000000.0,13.085399449035817
European Union,EUU,1972,990000000000.0,821000000000.0,20.584652862362972
European Union,EUU,1973,1280000000000.0,990000000000.0,29.292929292929305
European Union,EUU,1974,1450000000000.0,1280000000000.0,13.28125
European Union,EUU,1975,1690000000000.0,1450000000000.0,16.551724137931046
European Union,EUU,1976,1770000000000.0,1690000000000.0,4.7337278106508895
European Union,EUU,1977,2000000000000.0,1770000000000.0,12.994350282485879
European Union,EUU,1978,2440000000000.0,2000000000000.0,21.999999999999996
European Union,EUU,1979,2950000000000.0,2440000000000.0,20.9016393442623
European Union,EUU,1980,3300000000000.0,2950000000000.0,11.864406779661007
European Union,EUU,1981,2880000000000.0,3300000000000.0,-12.727272727272732
European Union,EUU,1982,2780000000000.0,2880000000000.0,-3.472222222222221
European Union,EUU,1983,2700000000000.0,2780000000000.0,-2.877697841726623
European Union,EUU,1984,2600000000000.0,2700000000000.0,-3.703703703703709
European Union,EUU,1985,2680000000000.0,2600000000000.0,3.076923076923066
European Union,EUU,1986,3740000000000.0,2680000000000.0,39.55223880597014
European Union,EUU,1987,4630000000000.0,3740000000000.0,23.796791443850275
European Union,EUU,1988,5080000000000.0,4630000000000.0,9.719222462203025
European Union,EUU,1989,5190000000000.0,5080000000000.0,2.1653543307086576
European Union,EUU,1990,6500000000000.0,5190000000000.0,25.240847784200394
European Union,EUU,1991,6740000000000.0,6500000000000.0,3.6923076923076836
European Union,EUU,1992,7410000000000.0,6740000000000.0,9.940652818991103
European Union,EUU,1993,6760000000000.0,7410000000000.0,-8.771929824561408
European Union,EUU,1994,7160000000000.0,6760000000000.0,5.9171597633136175
European Union,EUU,1995,8300000000000.0,7160000000000.0,15.921787709497215
European Union,EUU,1996,8430000000000.0,8300000000000.0,1.5662650602409567
European Union,EUU,1997,7730000000000.0,8430000000000.0,-8.303677342823246
European Union,EUU,1998,7970000000000.0,7730000000000.0,3.1047865459249646
European Union,EUU,1999,7930000000000.0,7970000000000.0,-0.5018820577164407
European Union,EUU,2000,7280000000000.0,7930000000000.0,-8.196721311475407
European Union,EUU,2001,7390000000000.0,7280000000000.0,1.5109890109890056
European Union,EUU,2002,8080000000000.0,7390000000000.0,9.336941813261168
European Union,EUU,2003,9930000000000.0,8080000000000.0,22.896039603960403
European Union,EUU,2004,11400000000000.0,9930000000000.0,14.803625377643503
European Union,EUU,2005,11900000000000.0,11400000000000.0,4.385964912280693
European Union,EUU,2006,12700000000000.0,11900000000000.0,6.72268907563025
European Union,EUU,2007,14700000000000.0,12700000000000.0,15.748031496062985
European Union,EUU,2008,16300000000000.0,14700000000000.0,10.88435374149659
European Union,EUU,2009,14800000000000.0,16300000000000.0,-9.202453987730063
European Union,EUU,2010,14600000000000.0,14800000000000.0,-1.3513513513513487
European Union,EUU,2011,15800000000000.0,14600000000000.0,8.219178082191792
European Union,EUU,2012,14600000000000.0,15800000000000.0,-7.594936708860756
European Union,EUU,2013,15300000000000.0,14600000000000.0,4.794520547945202
European Union,EUU,2014,15700000000000.0,15300000000000.0,2.614379084967311
European Union,EUU,2015,13600000000000.0,15700000000000.0,-13.375796178343947
European Union,EUU,2016,13900000000000.0,13600000000000.0,2.2058823529411686
European Union,EUU,2017,14800000000000.0,13900000000000.0,6.474820143884896
European Union,EUU,2018,16000000000000.0,14800000000000.0,8.108108108108114
European Union,EUU,2019,15700000000000.0,16000000000000.0,-1.8750000000000044
European Union,EUU,2020,15400000000000.0,15700000000000.0,-1.9108280254777066
European Union,EUU,2021,17200000000000.0,15400000000000.0,11.688311688311682
European Union,EUU,2022,16600000000000.0,17200000000000.0,-3.488372093023251
Faroe Islands,FRO,1998,1104744290.0,,
Faroe Islands,FRO,1999,1127684827.0,1104744290.0,2.0765472342925584
Faroe Islands,FRO,2000,1067109509.0,1127684827.0,-5.371653191534875
Faroe Islands,FRO,2001,1160268142.0,1067109509.0,8.729997457083849
Faroe Islands,FRO,2002,1275093662.0,1160268142.0,9.896464088212454
Faroe Islands,FRO,2003,1501941505.0,1275093662.0,17.790680775887967
Faroe Islands,FRO,2004,1724770867.0,1501941505.0,14.836087907431516
Faroe Islands,FRO,2005,1759739599.0,1724770867.0,2.027442176178651
Faroe Islands,FRO,2006,2017680722.0,1759739599.0,14.657914338381616
Faroe Islands,FRO,2007,2339015385.0,2017680722.0,15.92594207281126
Faroe Islands,FRO,2008,2489873331.0,2339015385.0,6.449634618371691
Faroe Islands,FRO,2009,2296065313.0,2489873331.0,-7.783850511068424
Faroe Islands,FRO,2010,2331796784.0,2296065313.0,1.5562044684745535
Faroe Islands,FRO,2011,2505740886.0,2331796784.0,7.459659572118182
Faroe Islands,FRO,2012,2427200583.0,2505740886.0,-3.1344143937155677
Faroe Islands,FRO,2013,2690110671.0,2427200583.0,10.831823700167597
Faroe Islands,FRO,2014,2914012852.0,2690110671.0,8.323158724052359
Faroe Islands,FRO,2015,2573906036.0,2914012852.0,-11.671424707909972
Faroe Islands,FRO,2016,2813278761.0,2573906036.0,9.299979162098682
Faroe Islands,FRO,2017,2980057168.0,2813278761.0,5.928257423758376
Faroe Islands,FRO,2018,3188601035.0,2980057168.0,6.997982093744848
Faroe Islands,FRO,2019,3275684065.0,3188601035.0,2.731073252631
Faroe Islands,FRO,2020,3248670978.0,3275684065.0,-0.8246548343483151
Faroe Islands,FRO,2021,3649878680.0,3248670978.0,12.349902613006325
Fiji,FJI,1960,112328422.1,,
Fiji,FJI,1961,116987784.9,112328422.1,4.1479820626804775
Fiji,FJI,1962,122906435.0,116987784.9,5.059203492962272
Fiji,FJI,1963,129454728.6,122906435.0,5.327868797105695
Fiji,FJI,1964,140032741.5,129454728.6,8.171206269865072
Fiji,FJI,1965,147084750.0,140032741.5,5.035971176783671
Fiji,FJI,1966,150603925.5,147084750.0,2.3926175215309486
Fiji,FJI,1967,162625885.9,150603925.5,7.982501359169425
Fiji,FJI,1968,166952937.1,162625885.9,2.660739510228227
Fiji,FJI,1969,182182067.7,166952937.1,9.121810532077191
Fiji,FJI,1970,219878482.2,182182067.7,20.69161634616796
Fiji,FJI,1971,247749327.7,219878482.2,12.675567532183019
Fiji,FJI,1972,316656759.4,247749327.7,27.813367785780674
Fiji,FJI,1973,425950581.3,316656759.4,34.51491833210494
Fiji,FJI,1974,558587216.6,425950581.3,31.138972717255918
Fiji,FJI,1975,684282380.9,558587216.6,22.50233456201869
Fiji,FJI,1976,694540494.6,684282380.9,1.499105338136597
Fiji,FJI,1977,719501505.2,694540494.6,3.593888447695992
Fiji,FJI,1978,829268135.2,719501505.2,15.25592777870397
Fiji,FJI,1979,1019691156.0,829268135.2,22.96278039841413
Fiji,FJI,1980,1202619308.0,1019691156.0,17.93956443807776
Fiji,FJI,1981,1235627374.0,1202619308.0,2.74468119548934
Fiji,FJI,1982,1194060371.0,1235627374.0,-3.36404031463291
Fiji,FJI,1983,1123084823.0,1194060371.0,-5.944050210841478
Fiji,FJI,1984,1178001041.0,1123084823.0,4.889765837393023
Fiji,FJI,1985,1141168780.0,1178001041.0,-3.1266747411982987
Fiji,FJI,1986,1290267530.0,1141168780.0,13.065442431749673
Fiji,FJI,1987,1177947649.0,1290267530.0,-8.705162176715397
Fiji,FJI,1988,1110009264.0,1177947649.0,-5.76752159212468
Fiji,FJI,1989,1182660000.0,1110009264.0,6.545056726661702
Fiji,FJI,1990,1337017259.0,1182660000.0,13.051702010721588
Fiji,FJI,1991,1383883719.0,1337017259.0,3.5052995527561803
Fiji,FJI,1992,1532411209.0,1383883719.0,10.732656794844475
Fiji,FJI,1993,1636101247.0,1532411209.0,6.766463034922898
Fiji,FJI,1994,1825732093.0,1636101247.0,11.590410211330893
Fiji,FJI,1995,1970301019.0,1825732093.0,7.918408541663302
Fiji,FJI,1996,2128696644.0,1970301019.0,8.039158660151923
Fiji,FJI,1997,2090221137.0,2128696644.0,-1.8074678281871703
Fiji,FJI,1998,1653146994.0,2090221137.0,-20.910425947912515
Fiji,FJI,1999,1936459986.0,1653146994.0,17.1377979712795
Fiji,FJI,2000,1678219508.0,1936459986.0,-13.335699155520786
Fiji,FJI,2001,1652462063.0,1678219508.0,-1.534807864955412
Fiji,FJI,2002,1833279985.0,1652462063.0,10.942334232577178
Fiji,FJI,2003,2300492002.0,1833279985.0,25.48503342766817
Fiji,FJI,2004,2708078477.0,2300492002.0,17.717361096915486
Fiji,FJI,2005,2980403465.0,2708078477.0,10.05602275978652
Fiji,FJI,2006,3076305453.0,2980403465.0,3.217751862330487
Fiji,FJI,2007,3378314600.0,3076305453.0,9.817267875837299
Fiji,FJI,2008,3523185920.0,3378314600.0,4.288272027714646
Fiji,FJI,2009,2870624636.0,3523185920.0,-18.521908829608403
Fiji,FJI,2010,3140167239.0,2870624636.0,9.389684726442926
Fiji,FJI,2011,3779412255.0,3140167239.0,20.35703729599989
Fiji,FJI,2012,3972028510.0,3779412255.0,5.09646056063815
Fiji,FJI,2013,4189968870.0,3972028510.0,5.4868780385466165
Fiji,FJI,2014,4857103847.0,4189968870.0,15.922194118831246
Fiji,FJI,2015,4682480304.0,4857103847.0,-3.5952194661816095
Fiji,FJI,2016,4930213788.0,4682480304.0,5.290646578659897
Fiji,FJI,2017,5353468388.0,4930213788.0,8.584913721798216
Fiji,FJI,2018,5581425891.0,5353468388.0,4.258127376094634
Fiji,FJI,2019,5481692622.0,5581425891.0,-1.7868779582081218
Fiji,FJI,2020,4477030180.0,5481692622.0,-18.327595348340566
Fiji,FJI,2021,4296235428.0,4477030180.0,-4.038274140023779
Fiji,FJI,2022,4943248200.0,4296235428.0,15.05999340220514
Finland,FIN,1960,5224102196.0,,
Finland,FIN,1961,5921659485.0,5224102196.0,13.35267310685666
Finland,FIN,1962,6340580854.0,5921659485.0,7.074391394188728
Finland,FIN,1963,6885920329.0,6340580854.0,8.600781025542293
Finland,FIN,1964,7766655086.0,6885920329.0,12.79037100227245
Finland,FIN,1965,8589340019.0,7766655086.0,10.592525661181407
Finland,FIN,1966,9208524505.0,8589340019.0,7.208755092129748
Finland,FIN,1967,9368954010.0,9208524505.0,1.7421846997625945
Finland,FIN,1968,8823033880.0,9368954010.0,-5.826905857551545
Finland,FIN,1969,10070766721.0,8823033880.0,14.141766403372348
Finland,FIN,1970,11357516988.0,10070766721.0,12.777083440100068
Finland,FIN,1971,12527405513.0,11357516988.0,10.300565926831261
Finland,FIN,1972,14743186120.0,12527405513.0,17.68746612936438
Finland,FIN,1973,19472363467.0,14743186120.0,32.07703754471765
Finland,FIN,1974,24848821490.0,19472363467.0,27.61071110916522
Finland,FIN,1975,29472623242.0,24848821490.0,18.607730567265634
Finland,FIN,1976,31849513771.0,29472623242.0,8.064740316745223
Finland,FIN,1977,33499799321.0,31849513771.0,5.181509400318185
Finland,FIN,1978,36256160289.0,33499799321.0,8.227992477173206
Finland,FIN,1979,44465255686.0,36256160289.0,22.641932657967125
Finland,FIN,1980,53645202423.0,44465255686.0,20.64521297667996
Finland,FIN,1981,52448332874.0,53645202423.0,-2.2310840390954545
Finland,FIN,1982,52797582336.0,52448332874.0,0.6658923989805832
Finland,FIN,1983,50973526900.0,52797582336.0,-3.45480863951656
Finland,FIN,1984,52888800950.0,50973526900.0,3.7573897010449997
Finland,FIN,1985,55875863392.0,52888800950.0,5.647816528916794
Finland,FIN,1986,73531550551.0,55875863392.0,31.598056991326672
Finland,FIN,1987,91594751792.0,73531550551.0,24.56523914652353
Finland,FIN,1988,109000000000.0,91594751792.0,19.0024514150386
Finland,FIN,1989,119000000000.0,109000000000.0,9.174311926605494
Finland,FIN,1990,141000000000.0,119000000000.0,18.487394957983195
Finland,FIN,1991,128000000000.0,141000000000.0,-9.219858156028371
Finland,FIN,1992,113000000000.0,128000000000.0,-11.71875
Finland,FIN,1993,89214114708.0,113000000000.0,-21.049456010619473
Finland,FIN,1994,103000000000.0,89214114708.0,15.452583189466761
Finland,FIN,1995,134000000000.0,103000000000.0,30.097087378640786
Finland,FIN,1996,132000000000.0,134000000000.0,-1.4925373134328401
Finland,FIN,1997,127000000000.0,132000000000.0,-3.7878787878787845
Finland,FIN,1998,134000000000.0,127000000000.0,5.5118110236220375
Finland,FIN,1999,135000000000.0,134000000000.0,0.746268656716409
Finland,FIN,2000,126000000000.0,135000000000.0,-6.666666666666665
Finland,FIN,2001,130000000000.0,126000000000.0,3.1746031746031855
Finland,FIN,2002,140000000000.0,130000000000.0,7.692307692307687
Finland,FIN,2003,172000000000.0,140000000000.0,22.857142857142865
Finland,FIN,2004,197000000000.0,172000000000.0,14.534883720930235
Finland,FIN,2005,205000000000.0,197000000000.0,4.060913705583746
Finland,FIN,2006,217000000000.0,205000000000.0,5.853658536585371
Finland,FIN,2007,256000000000.0,217000000000.0,17.972350230414747
Finland,FIN,2008,286000000000.0,256000000000.0,11.71875
Finland,FIN,2009,253000000000.0,286000000000.0,-11.538461538461542
Finland,FIN,2010,249000000000.0,253000000000.0,-1.5810276679841917
Finland,FIN,2011,276000000000.0,249000000000.0,10.843373493975905
Finland,FIN,2012,258000000000.0,276000000000.0,-6.521739130434778
Finland,FIN,2013,271000000000.0,258000000000.0,5.03875968992249
Finland,FIN,2014,275000000000.0,271000000000.0,1.4760147601476037
Finland,FIN,2015,235000000000.0,275000000000.0,-14.54545454545455
Finland,FIN,2016,241000000000.0,235000000000.0,2.553191489361706
Finland,FIN,2017,256000000000.0,241000000000.0,6.224066390041494
Finland,FIN,2018,276000000000.0,256000000000.0,7.8125
Finland,FIN,2019,269000000000.0,276000000000.0,-2.536231884057971
Finland,FIN,2020,272000000000.0,269000000000.0,1.1152416356877248
Finland,FIN,2021,296000000000.0,272000000000.0,8.823529411764696
Finland,FIN,2022,281000000000.0,296000000000.0,-5.067567567567566
Fragile and conflict affected situations,FCS,1968,47553203041.0,,
Fragile and conflict affected situations,FCS,1969,53024859071.0,47553203041.0,11.506387961463659
Fragile and conflict affected situations,FCS,1970,64752692686.0,53024859071.0,22.117613927641933
Fragile and conflict affected situations,FCS,1971,65646054527.0,64752692686.0,1.3796520329001805
Fragile and conflict affected situations,FCS,1972,75151806554.0,65646054527.0,14.480309739087694
Fragile and conflict affected situations,FCS,1973,92107982367.0,75151806554.0,22.5625658124615
Fragile and conflict affected situations,FCS,1974,137000000000.0,92107982367.0,48.73846596066975
Fragile and conflict affected situations,FCS,1975,154000000000.0,137000000000.0,12.408759124087588
Fragile and conflict affected situations,FCS,1976,181000000000.0,154000000000.0,17.532467532467532
Fragile and conflict affected situations,FCS,1977,199000000000.0,181000000000.0,9.944751381215466
Fragile and conflict affected situations,FCS,1978,222000000000.0,199000000000.0,11.557788944723612
Fragile and conflict affected situations,FCS,1979,278000000000.0,222000000000.0,25.225225225225234
Fragile and conflict affected situations,FCS,1980,349000000000.0,278000000000.0,25.539568345323737
Fragile and conflict affected situations,FCS,1981,487000000000.0,349000000000.0,39.54154727793697
Fragile and conflict affected situations,FCS,1982,466000000000.0,487000000000.0,-4.312114989733063
Fragile and conflict affected situations,FCS,1983,397000000000.0,466000000000.0,-14.806866952789699
Fragile and conflict affected situations,FCS,1984,359000000000.0,397000000000.0,-9.571788413098236
Fragile and conflict affected situations,FCS,1985,366000000000.0,359000000000.0,1.949860724233976
Fragile and conflict affected situations,FCS,1986,355000000000.0,366000000000.0,-3.0054644808743203
Fragile and conflict affected situations,FCS,1987,366000000000.0,355000000000.0,3.0985915492957705
Fragile and conflict affected situations,FCS,1988,384000000000.0,366000000000.0,4.918032786885251
Fragile and conflict affected situations,FCS,1989,381000000000.0,384000000000.0,-0.78125
Fragile and conflict affected situations,FCS,1990,551000000000.0,381000000000.0,44.61942257217848
Fragile and conflict affected situations,FCS,1991,382000000000.0,551000000000.0,-30.671506352087118
Fragile and conflict affected situations,FCS,1992,348000000000.0,382000000000.0,-8.900523560209429
Fragile and conflict affected situations,FCS,1993,326000000000.0,348000000000.0,-6.3218390804597675
Fragile and conflict affected situations,FCS,1994,314000000000.0,326000000000.0,-3.6809815950920255
Fragile and conflict affected situations,FCS,1995,362000000000.0,314000000000.0,15.286624203821653
Fragile and conflict affected situations,FCS,1996,374000000000.0,362000000000.0,3.3149171270718147
Fragile and conflict affected situations,FCS,1997,424000000000.0,374000000000.0,13.36898395721926
Fragile and conflict affected situations,FCS,1998,420000000000.0,424000000000.0,-0.9433962264150941
Fragile and conflict affected situations,FCS,1999,452000000000.0,420000000000.0,7.619047619047614
Fragile and conflict affected situations,FCS,2000,526000000000.0,452000000000.0,16.371681415929196
Fragile and conflict affected situations,FCS,2001,525000000000.0,526000000000.0,-0.1901140684410607
Fragile and conflict affected situations,FCS,2002,515000000000.0,525000000000.0,-1.904761904761909
Fragile and conflict affected situations,FCS,2003,540000000000.0,515000000000.0,4.854368932038833
Fragile and conflict affected situations,FCS,2004,681000000000.0,540000000000.0,26.111111111111107
Fragile and conflict affected situations,FCS,2005,856000000000.0,681000000000.0,25.697503671071953
Fragile and conflict affected situations,FCS,2006,1060000000000.0,856000000000.0,23.83177570093458
Fragile and conflict affected situations,FCS,2007,1290000000000.0,1060000000000.0,21.698113207547177
Fragile and conflict affected situations,FCS,2008,1640000000000.0,1290000000000.0,27.13178294573644
Fragile and conflict affected situations,FCS,2009,1510000000000.0,1640000000000.0,-7.926829268292678
Fragile and conflict affected situations,FCS,2010,1790000000000.0,1510000000000.0,18.5430463576159
Fragile and conflict affected situations,FCS,2011,1680000000000.0,1790000000000.0,-6.145251396648044
Fragile and conflict affected situations,FCS,2012,1890000000000.0,1680000000000.0,12.5
Fragile and conflict affected situations,FCS,2013,1960000000000.0,1890000000000.0,3.703703703703698
Fragile and conflict affected situations,FCS,2014,2080000000000.0,1960000000000.0,6.1224489795918435
Fragile and conflict affected situations,FCS,2015,1660000000000.0,2080000000000.0,-20.192307692307686
Fragile and conflict affected situations,FCS,2016,1550000000000.0,1660000000000.0,-6.62650602409639
Fragile and conflict affected situations,FCS,2017,1650000000000.0,1550000000000.0,6.451612903225801
Fragile and conflict affected situations,FCS,2018,1730000000000.0,1650000000000.0,4.8484848484848575
Fragile and conflict affected situations,FCS,2019,1830000000000.0,1730000000000.0,5.780346820809257
Fragile and conflict affected situations,FCS,2020,1660000000000.0,1830000000000.0,-9.289617486338797
Fragile and conflict affected situations,FCS,2021,1780000000000.0,1660000000000.0,7.2289156626506035
Fragile and conflict affected situations,FCS,2022,1890000000000.0,1780000000000.0,6.17977528089888
France,FRA,1960,62225478001.0,,
France,FRA,1961,67461644222.0,62225478001.0,8.41482683494348
France,FRA,1962,75607529810.0,67461644222.0,12.074839980469276
France,FRA,1963,84759195106.0,75607529810.0,12.104171792145468
France,FRA,1964,94007851047.0,84759195106.0,10.911684483829287
France,FRA,1965,102000000000.0,94007851047.0,8.501576053476922
France,FRA,1966,110000000000.0,102000000000.0,7.843137254901955
France,FRA,1967,119000000000.0,110000000000.0,8.18181818181818
France,FRA,1968,130000000000.0,119000000000.0,9.243697478991585
France,FRA,1969,142000000000.0,130000000000.0,9.23076923076922
France,FRA,1970,148000000000.0,142000000000.0,4.225352112676051
France,FRA,1971,166000000000.0,148000000000.0,12.162162162162172
France,FRA,1972,203000000000.0,166000000000.0,22.289156626506035
France,FRA,1973,264000000000.0,203000000000.0,30.04926108374384
France,FRA,1974,286000000000.0,264000000000.0,8.333333333333325
France,FRA,1975,361000000000.0,286000000000.0,26.22377622377623
France,FRA,1976,372000000000.0,361000000000.0,3.0470914127423754
France,FRA,1977,410000000000.0,372000000000.0,10.215053763440851
France,FRA,1978,507000000000.0,410000000000.0,23.65853658536585
France,FRA,1979,614000000000.0,507000000000.0,21.10453648915187
France,FRA,1980,701000000000.0,614000000000.0,14.169381107491862
France,FRA,1981,616000000000.0,701000000000.0,-12.125534950071327
France,FRA,1982,585000000000.0,616000000000.0,-5.032467532467533
France,FRA,1983,560000000000.0,585000000000.0,-4.273504273504269
France,FRA,1984,531000000000.0,560000000000.0,-5.178571428571432
France,FRA,1985,553000000000.0,531000000000.0,4.143126177024481
France,FRA,1986,771000000000.0,553000000000.0,39.421338155515365
France,FRA,1987,934000000000.0,771000000000.0,21.141374837872885
France,FRA,1988,1020000000000.0,934000000000.0,9.207708779443259
France,FRA,1989,1030000000000.0,1020000000000.0,0.9803921568627416
France,FRA,1990,1270000000000.0,1030000000000.0,23.300970873786397
France,FRA,1991,1270000000000.0,1270000000000.0,0.0
France,FRA,1992,1400000000000.0,1270000000000.0,10.236220472440948
France,FRA,1993,1320000000000.0,1400000000000.0,-5.714285714285716
France,FRA,1994,1390000000000.0,1320000000000.0,5.303030303030298
France,FRA,1995,1600000000000.0,1390000000000.0,15.107913669064743
France,FRA,1996,1610000000000.0,1600000000000.0,0.6250000000000089
France,FRA,1997,1450000000000.0,1610000000000.0,-9.937888198757761
France,FRA,1998,1500000000000.0,1450000000000.0,3.4482758620689724
France,FRA,1999,1490000000000.0,1500000000000.0,-0.666666666666671
France,FRA,2000,1370000000000.0,1490000000000.0,-8.053691275167784
France,FRA,2001,1380000000000.0,1370000000000.0,0.7299270072992803
France,FRA,2002,1500000000000.0,1380000000000.0,8.695652173913038
France,FRA,2003,1840000000000.0,1500000000000.0,22.666666666666657
France,FRA,2004,2120000000000.0,1840000000000.0,15.217391304347828
France,FRA,2005,2200000000000.0,2120000000000.0,3.7735849056603765
France,FRA,2006,2320000000000.0,2200000000000.0,5.454545454545445
France,FRA,2007,2660000000000.0,2320000000000.0,14.655172413793105
France,FRA,2008,2930000000000.0,2660000000000.0,10.15037593984962
France,FRA,2009,2700000000000.0,2930000000000.0,-7.849829351535831
France,FRA,2010,2650000000000.0,2700000000000.0,-1.851851851851849
France,FRA,2011,2870000000000.0,2650000000000.0,8.301886792452828
France,FRA,2012,2680000000000.0,2870000000000.0,-6.620209059233451
France,FRA,2013,2810000000000.0,2680000000000.0,4.850746268656714
France,FRA,2014,2860000000000.0,2810000000000.0,1.7793594306049876
France,FRA,2015,2440000000000.0,2860000000000.0,-14.685314685314687
France,FRA,2016,2470000000000.0,2440000000000.0,1.2295081967213184
France,FRA,2017,2600000000000.0,2470000000000.0,5.263157894736836
France,FRA,2018,2790000000000.0,2600000000000.0,7.307692307692304
France,FRA,2019,2730000000000.0,2790000000000.0,-2.1505376344086002
France,FRA,2020,2640000000000.0,2730000000000.0,-3.296703296703296
France,FRA,2021,2960000000000.0,2640000000000.0,12.12121212121211
France,FRA,2022,2780000000000.0,2960000000000.0,-6.081081081081086
French Polynesia,PYF,1965,176534588.2,,
French Polynesia,PYF,1966,215659453.3,176534588.2,22.162719214930604
French Polynesia,PYF,1967,220984367.4,215659453.3,2.469130853537216
French Polynesia,PYF,1968,259590074.3,220984367.4,17.46988140121264
French Polynesia,PYF,1969,242943782.9,259590074.3,-6.412530003270622
French Polynesia,PYF,1970,254036000.5,242943782.9,4.565754870362637
French Polynesia,PYF,1971,296865513.1,254036000.5,16.859623248556076
French Polynesia,PYF,1972,326433558.2,296865513.1,9.960080843085283
French Polynesia,PYF,1973,431252938.2,326433558.2,32.11047925893056
French Polynesia,PYF,1974,555340843.9,431252938.2,28.773811076610546
French Polynesia,PYF,1975,690323391.0,555340843.9,24.30625238224082
French Polynesia,PYF,1976,732288909.0,690323391.0,6.079109957321438
French Polynesia,PYF,1977,793196379.5,732288909.0,8.317409939087316
French Polynesia,PYF,1978,1005569841.0,793196379.5,26.774386140525742
French Polynesia,PYF,1979,1215032465.0,1005569841.0,20.83024126814479
French Polynesia,PYF,1980,1320416033.0,1215032465.0,8.673312939008593
French Polynesia,PYF,1981,1234743076.0,1320416033.0,-6.4883305608877
French Polynesia,PYF,1982,1235897960.0,1234743076.0,0.09353233255142701
French Polynesia,PYF,1983,1284180703.0,1235897960.0,3.906693316331711
French Polynesia,PYF,1984,1325515442.0,1284180703.0,3.2187634422038203
French Polynesia,PYF,1985,1448281229.0,1325515442.0,9.261739479606913
French Polynesia,PYF,1986,2212028291.0,1448281229.0,52.7347207646506
French Polynesia,PYF,1987,2677977169.0,2212028291.0,21.064327246436655
French Polynesia,PYF,1988,2723496362.0,2677977169.0,1.6997603088975355
French Polynesia,PYF,1989,2731683490.0,2723496362.0,0.30061093946121
French Polynesia,PYF,1990,3320159523.0,2731683490.0,21.542614111563864
French Polynesia,PYF,1991,3410078974.0,3320159523.0,2.708287068048798
French Polynesia,PYF,1992,3713785776.0,3410078974.0,8.906151567620558
French Polynesia,PYF,1993,3544608541.0,3713785776.0,-4.55538486073409
French Polynesia,PYF,1994,3676123796.0,3544608541.0,3.7102899651338506
French Polynesia,PYF,1995,4186994271.0,3676123796.0,13.896987787948811
French Polynesia,PYF,1996,4166072830.0,4186994271.0,-0.4996768480173497
French Polynesia,PYF,1997,3762859109.0,4166072830.0,-9.678508692801701
French Polynesia,PYF,1998,3903186595.0,3762859109.0,3.729278241227929
French Polynesia,PYF,1999,3911602000.0,3903186595.0,0.21560345105664513
French Polynesia,PYF,2000,3599845482.0,3911602000.0,-7.970047003759584
French Polynesia,PYF,2001,3573808551.0,3599845482.0,-0.7232791276789552
French Polynesia,PYF,2002,3965405557.0,3573808551.0,10.957414209846972
French Polynesia,PYF,2003,4927780605.0,3965405557.0,24.26927168398074
French Polynesia,PYF,2004,5564109988.0,4927780605.0,12.913102956619959
French Polynesia,PYF,2005,5705052111.0,5564109988.0,2.533057817044715
French Polynesia,PYF,2006,5877997997.0,5705052111.0,3.031451468542068
French Polynesia,PYF,2007,6631156411.0,5877997997.0,12.813179153589282
French Polynesia,PYF,2008,7136741398.0,6631156411.0,7.624386391509597
French Polynesia,PYF,2009,6584557942.0,7136741398.0,-7.737193001763298
French Polynesia,PYF,2010,6086644791.0,6584557942.0,-7.561831111304085
French Polynesia,PYF,2011,6203940049.0,6086644791.0,1.927092216280446
French Polynesia,PYF,2012,5692858094.0,6203940049.0,-8.238022143401924
French Polynesia,PYF,2013,6031827089.0,5692858094.0,5.954284990122227
French Polynesia,PYF,2014,6151996535.0,6031827089.0,1.9922561477126566
French Polynesia,PYF,2015,5325846342.0,6151996535.0,-13.428976890670496
French Polynesia,PYF,2016,5497036487.0,5325846342.0,3.214327526687777
French Polynesia,PYF,2017,5833352684.0,5497036487.0,6.118136523113105
French Polynesia,PYF,2018,6135116261.0,5833352684.0,5.173072731016104
French Polynesia,PYF,2019,6022276207.0,6135116261.0,-1.8392488291918307
French Polynesia,PYF,2020,5731835679.0,6022276207.0,-4.822769962998475
French Polynesia,PYF,2021,6080359305.0,5731835679.0,6.080488791346594
Gabon,GAB,1960,141468977.6,,
Gabon,GAB,1961,167637907.4,141468977.6,18.497998814971297
Gabon,GAB,1962,182796536.5,167637907.4,9.042482893699022
Gabon,GAB,1963,154480244.2,182796536.5,-15.490606573938015
Gabon,GAB,1964,215679855.3,154480244.2,39.616464498053936
Gabon,GAB,1965,226474285.6,215679855.3,5.004839364800873
Gabon,GAB,1966,245849781.7,226474285.6,8.555274188709049
Gabon,GAB,1967,271543680.3,245849781.7,10.451056097073618
Gabon,GAB,1968,294468564.5,271543680.3,8.442429657973506
Gabon,GAB,1969,318124701.0,294468564.5,8.033501484332461
Gabon,GAB,1970,323802475.5,318124701.0,1.7847637992750576
Gabon,GAB,1971,381687073.1,323802475.5,17.876514844618608
Gabon,GAB,1972,430508357.7,381687073.1,12.790919064531447
Gabon,GAB,1973,722780701.1,430508357.7,67.89005095312694
Gabon,GAB,1974,1544216004.0,722780701.1,113.64931322181921
Gabon,GAB,1975,2157592937.0,1544216004.0,39.72092838120851
Gabon,GAB,1976,3009409971.0,2157592937.0,39.47996952494659
Gabon,GAB,1977,2809349074.0,3009409971.0,-6.64784455849734
Gabon,GAB,1978,2389479269.0,2809349074.0,-14.945448000243777
Gabon,GAB,1979,3030251116.0,2389479269.0,26.81638025962718
Gabon,GAB,1980,4279637934.0,3030251116.0,41.23047134289051
Gabon,GAB,1981,3862269127.0,4279637934.0,-9.752432645859432
Gabon,GAB,1982,3618007844.0,3862269127.0,-6.32429473369529
Gabon,GAB,1983,3391275731.0,3618007844.0,-6.266766761603515
Gabon,GAB,1984,3561451562.0,3391275731.0,5.0180476168423915
Gabon,GAB,1985,3339914759.0,3561451562.0,-6.220407582227283
Gabon,GAB,1986,3403638194.0,3339914759.0,1.9079359683742192
Gabon,GAB,1987,3281797039.0,3403638194.0,-3.5797328639331827
Gabon,GAB,1988,3834503378.0,3281797039.0,16.841575893688287
Gabon,GAB,1989,4186411457.0,3834503378.0,9.177409544584837
Gabon,GAB,1990,5952293766.0,4186411457.0,42.18128884697441
Gabon,GAB,1991,5402919788.0,5952293766.0,-9.229618019494767
Gabon,GAB,1992,5592390833.0,5402919788.0,3.506826909050531
Gabon,GAB,1993,4378645081.0,5592390833.0,-21.703521592908672
Gabon,GAB,1994,4190819347.0,4378645081.0,-4.289585717166744
Gabon,GAB,1995,4958845649.0,4190819347.0,18.32639964664169
Gabon,GAB,1996,5694040000.0,4958845649.0,14.825917220235695
Gabon,GAB,1997,5326817111.0,5694040000.0,-6.449250251139793
Gabon,GAB,1998,4483417313.0,5326817111.0,-15.833090951411865
Gabon,GAB,1999,4662992036.0,4483417313.0,4.005309130589074
Gabon,GAB,2000,5080483628.0,4662992036.0,8.953298413911348
Gabon,GAB,2001,5023265411.0,5080483628.0,-1.1262356340379531
Gabon,GAB,2002,5335451104.0,5023265411.0,6.214795903803383
Gabon,GAB,2003,6511903364.0,5335451104.0,22.049724326365027
Gabon,GAB,2004,7770219004.0,6511903364.0,19.323315621610625
Gabon,GAB,2005,9582783997.0,7770219004.0,23.327077294306854
Gabon,GAB,2006,10327598309.0,9582783997.0,7.772420960685045
Gabon,GAB,2007,12455409575.0,10327598309.0,20.603156729534255
Gabon,GAB,2008,15571348329.0,12455409575.0,25.016750635436246
Gabon,GAB,2009,12113699059.0,15571348329.0,-22.205201482523464
Gabon,GAB,2010,14372593014.0,12113699059.0,18.647433323198914
Gabon,GAB,2011,18210307754.0,14372593014.0,26.701617003012434
Gabon,GAB,2012,17170464001.0,18210307754.0,-5.710193188643897
Gabon,GAB,2013,17595744804.0,17170464001.0,2.47681601950438
Gabon,GAB,2014,18203966900.0,17595744804.0,3.4566430848766094
Gabon,GAB,2015,14383107763.0,18203966900.0,-20.98915669309418
Gabon,GAB,2016,14023890264.0,14383107763.0,-2.4974957075971638
Gabon,GAB,2017,14929487496.0,14023890264.0,6.4575322178947125
Gabon,GAB,2018,16867326390.0,14929487496.0,12.979942509876485
Gabon,GAB,2019,16874405460.0,16867326390.0,0.04196912916913931
Gabon,GAB,2020,15314577168.0,16874405460.0,-9.243752591446853
Gabon,GAB,2021,20217946921.0,15314577168.0,32.01766329693812
Gabon,GAB,2022,21071739228.0,20217946921.0,4.222942667403995
"Gambia, The",GMB,1966,44212088.42,,
"Gambia, The",GMB,1967,46695008.77,44212088.42,5.6159309336693
"Gambia, The",GMB,1968,41160065.83,46695008.77,-11.853393083750785
"Gambia, The",GMB,1969,45168072.25,41160065.83,9.737609353089805
"Gambia, The",GMB,1970,52296083.65,45168072.25,15.781083949182717
"Gambia, The",GMB,1971,55728655.8,52296083.65,6.563726976140405
"Gambia, The",GMB,1972,59160575.51,55728655.8,6.158267520961802
"Gambia, The",GMB,1973,75187768.35,59160575.51,27.09100224572849
"Gambia, The",GMB,1974,95796033.66,75187768.35,27.40906634449938
"Gambia, The",GMB,1975,115179737.7,95796033.66,20.234349272535425
"Gambia, The",GMB,1976,112190822.6,115179737.7,-2.595000787191415
"Gambia, The",GMB,1977,138093106.3,112190822.6,23.08770280823311
"Gambia, The",GMB,1978,171833061.6,138093106.3,24.4327585960024
"Gambia, The",GMB,1979,207112649.7,171833061.6,20.531315552140516
"Gambia, The",GMB,1980,241083112.7,207112649.7,16.40192573906316
"Gambia, The",GMB,1981,218767720.5,241083112.7,-9.256306652954539
"Gambia, The",GMB,1982,216050534.8,218767720.5,-1.242041418994444
"Gambia, The",GMB,1983,213448615.7,216050534.8,-1.204310418582688
"Gambia, The",GMB,1984,177340879.5,213448615.7,-16.91635997806098
"Gambia, The",GMB,1985,225726370.2,177340879.5,27.28389011964949
"Gambia, The",GMB,1986,185646984.5,225726370.2,-17.755739245037482
"Gambia, The",GMB,1987,220626480.9,185646984.5,18.841941599110655
"Gambia, The",GMB,1988,266672202.5,220626480.9,20.87044193977352
"Gambia, The",GMB,1989,284120331.6,266672202.5,6.542912585724059
"Gambia, The",GMB,1990,317083688.2,284120331.6,11.601899946536577
"Gambia, The",GMB,1991,690311093.2,317083688.2,117.70627720357143
"Gambia, The",GMB,1992,714254263.1,690311093.2,3.4684608339421663
"Gambia, The",GMB,1993,755040935.0,714254263.1,5.710385503752957
"Gambia, The",GMB,1994,746493955.0,755040935.0,-1.1319889563338736
"Gambia, The",GMB,1995,785999879.7,746493955.0,5.292196197355681
"Gambia, The",GMB,1996,848239405.6,785999879.7,7.918515957503147
"Gambia, The",GMB,1997,803633368.7,848239405.6,-5.258661246520136
"Gambia, The",GMB,1998,840285264.6,803633368.7,4.560773273923413
"Gambia, The",GMB,1999,814724055.9,840285264.6,-3.0419679812150324
"Gambia, The",GMB,2000,782913866.0,814724055.9,-3.904412748051278
"Gambia, The",GMB,2001,687410630.5,782913866.0,-12.198434546566073
"Gambia, The",GMB,2002,578235309.3,687410630.5,-15.882111267407883
"Gambia, The",GMB,2003,487038679.4,578235309.3,-15.77154290532703
"Gambia, The",GMB,2004,961900640.7,487038679.4,97.49984577918929
"Gambia, The",GMB,2005,1027701056.0,961900640.7,6.840666542452367
"Gambia, The",GMB,2006,1054112488.0,1027701056.0,2.5699527937431688
"Gambia, The",GMB,2007,1279703030.0,1054112488.0,21.40099321164668
"Gambia, The",GMB,2008,1561766956.0,1279703030.0,22.041357986000865
"Gambia, The",GMB,2009,1450142497.0,1561766956.0,-7.147318527336033
"Gambia, The",GMB,2010,1543294945.0,1450142497.0,6.423675479665647
"Gambia, The",GMB,2011,1409693594.0,1543294945.0,-8.656890339260459
"Gambia, The",GMB,2012,1415004743.0,1409693594.0,0.3767591072702192
"Gambia, The",GMB,2013,1375609460.0,1415004743.0,-2.7841096077513283
"Gambia, The",GMB,2014,1229461732.0,1375609460.0,-10.62421655634732
"Gambia, The",GMB,2015,1378176606.0,1229461732.0,12.095933539800496
"Gambia, The",GMB,2016,1484578897.0,1378176606.0,7.720512054606732
"Gambia, The",GMB,2017,1504909448.0,1484578897.0,1.3694490094856793
"Gambia, The",GMB,2018,1670671340.0,1504909448.0,11.01474193150258
"Gambia, The",GMB,2019,1813609679.0,1670671340.0,8.555742567535752
"Gambia, The",GMB,2020,1812170878.0,1813609679.0,-0.07933355322592428
"Gambia, The",GMB,2021,2038414974.0,1812170878.0,12.484699911395447
"Gambia, The",GMB,2022,2273060863.0,2038414974.0,11.51119335331179
Georgia,GEO,1990,7753501868.0,,
Georgia,GEO,1991,6357615894.0,7753501868.0,-18.003297061951518
Georgia,GEO,1992,3690328964.0,6357615894.0,-41.95420067005388
Georgia,GEO,1993,2701181331.0,3690328964.0,-26.80377935542767
Georgia,GEO,1994,2514070772.0,2701181331.0,-6.926989937796224
Georgia,GEO,1995,2693768413.0,2514070772.0,7.147676310521933
Georgia,GEO,1996,3095047604.0,2693768413.0,14.89657347912483
Georgia,GEO,1997,3510520231.0,3095047604.0,13.42378793990271
Georgia,GEO,1998,3613498183.0,3510520231.0,2.933410014009974
Georgia,GEO,1999,2800026344.0,3613498183.0,-22.5120312174791
Georgia,GEO,2000,3057475335.0,2800026344.0,9.194520314127441
Georgia,GEO,2001,3219462780.0,3057475335.0,5.298078553428454
Georgia,GEO,2002,3395766678.0,3219462780.0,5.476189974775858
Georgia,GEO,2003,3991377904.0,3395766678.0,17.539815967297145
Georgia,GEO,2004,5125365192.0,3991377904.0,28.41092262558158
Georgia,GEO,2005,6410912050.0,5125365192.0,25.08205386040714
Georgia,GEO,2006,7745249284.0,6410912050.0,20.813532046504978
Georgia,GEO,2007,10172933118.0,7745249284.0,31.344166533349238
Georgia,GEO,2008,12795147992.0,10172933118.0,25.77638959761024
Georgia,GEO,2009,10766919442.0,12795147992.0,-15.85154428278691
Georgia,GEO,2010,12243219360.0,10766919442.0,13.71144203272474
Georgia,GEO,2011,15107482383.0,12243219360.0,23.394688429400155
Georgia,GEO,2012,16488819133.0,15107482383.0,9.143394742954513
Georgia,GEO,2013,17190068236.0,16488819133.0,4.252876433076702
Georgia,GEO,2014,17627336228.0,17190068236.0,2.5437245855968182
Georgia,GEO,2015,14953675993.0,17627336228.0,-15.167692953817069
Georgia,GEO,2016,15141598623.0,14953675993.0,1.2566985541746956
Georgia,GEO,2017,16242647230.0,15141598623.0,7.27168005449248
Georgia,GEO,2018,17596922470.0,16242647230.0,8.33777413757204
Georgia,GEO,2019,17470436259.0,17596922470.0,-0.7187973420672789
Georgia,GEO,2020,15842922533.0,17470436259.0,-9.315816170083203
Georgia,GEO,2021,18629365612.0,15842922533.0,17.587936021248485
Georgia,GEO,2022,24605375420.0,18629365612.0,32.07843966597868
Germany,DEU,1970,216000000000.0,,
Germany,DEU,1971,250000000000.0,216000000000.0,15.740740740740744
Germany,DEU,1972,300000000000.0,250000000000.0,19.999999999999996
Germany,DEU,1973,398000000000.0,300000000000.0,32.666666666666664
Germany,DEU,1974,445000000000.0,398000000000.0,11.809045226130642
Germany,DEU,1975,491000000000.0,445000000000.0,10.337078651685383
Germany,DEU,1976,520000000000.0,491000000000.0,5.906313645621175
Germany,DEU,1977,600000000000.0,520000000000.0,15.384615384615374
Germany,DEU,1978,740000000000.0,600000000000.0,23.33333333333334
Germany,DEU,1979,881000000000.0,740000000000.0,19.05405405405405
Germany,DEU,1980,950000000000.0,881000000000.0,7.83200908059023
Germany,DEU,1981,800000000000.0,950000000000.0,-15.789473684210531
Germany,DEU,1982,777000000000.0,800000000000.0,-2.8750000000000053
Germany,DEU,1983,771000000000.0,777000000000.0,-0.7722007722007707
Germany,DEU,1984,725000000000.0,771000000000.0,-5.966277561608302
Germany,DEU,1985,733000000000.0,725000000000.0,1.1034482758620623
Germany,DEU,1986,1050000000000.0,733000000000.0,43.24693042291952
Germany,DEU,1987,1300000000000.0,1050000000000.0,23.809523809523814
Germany,DEU,1988,1400000000000.0,1300000000000.0,7.692307692307687
Germany,DEU,1989,1400000000000.0,1400000000000.0,0.0
Germany,DEU,1990,1770000000000.0,1400000000000.0,26.428571428571423
Germany,DEU,1991,1870000000000.0,1770000000000.0,5.649717514124286
Germany,DEU,1992,2130000000000.0,1870000000000.0,13.90374331550801
Germany,DEU,1993,2070000000000.0,2130000000000.0,-2.8169014084507005
Germany,DEU,1994,2210000000000.0,2070000000000.0,6.763285024154597
Germany,DEU,1995,2590000000000.0,2210000000000.0,17.194570135746613
Germany,DEU,1996,2500000000000.0,2590000000000.0,-3.474903474903479
Germany,DEU,1997,2210000000000.0,2500000000000.0,-11.6
Germany,DEU,1998,2240000000000.0,2210000000000.0,1.3574660633484115
Germany,DEU,1999,2190000000000.0,2240000000000.0,-2.2321428571428603
Germany,DEU,2000,1950000000000.0,2190000000000.0,-10.95890410958904
Germany,DEU,2001,1950000000000.0,1950000000000.0,0.0
Germany,DEU,2002,2080000000000.0,1950000000000.0,6.666666666666665
Germany,DEU,2003,2500000000000.0,2080000000000.0,20.192307692307686
Germany,DEU,2004,2810000000000.0,2500000000000.0,12.400000000000011
Germany,DEU,2005,2850000000000.0,2810000000000.0,1.4234875444839812
Germany,DEU,2006,2990000000000.0,2850000000000.0,4.912280701754379
Germany,DEU,2007,3430000000000.0,2990000000000.0,14.71571906354514
Germany,DEU,2008,3750000000000.0,3430000000000.0,9.329446064139946
Germany,DEU,2009,3410000000000.0,3750000000000.0,-9.066666666666666
Germany,DEU,2010,3400000000000.0,3410000000000.0,-0.2932551319648091
Germany,DEU,2011,3750000000000.0,3400000000000.0,10.294117647058831
Germany,DEU,2012,3530000000000.0,3750000000000.0,-5.8666666666666645
Germany,DEU,2013,3730000000000.0,3530000000000.0,5.665722379603388
Germany,DEU,2014,3890000000000.0,3730000000000.0,4.289544235924936
Germany,DEU,2015,3360000000000.0,3890000000000.0,-13.624678663239076
Germany,DEU,2016,3470000000000.0,3360000000000.0,3.2738095238095344
Germany,DEU,2017,3690000000000.0,3470000000000.0,6.340057636887608
Germany,DEU,2018,3970000000000.0,3690000000000.0,7.5880758807588045
Germany,DEU,2019,3890000000000.0,3970000000000.0,-2.015113350125941
Germany,DEU,2020,3890000000000.0,3890000000000.0,0.0
Germany,DEU,2021,4260000000000.0,3890000000000.0,9.51156812339331
Germany,DEU,2022,4070000000000.0,4260000000000.0,-4.460093896713612
Ghana,GHA,1960,1217230095.0,,
Ghana,GHA,1961,1302674325.0,1217230095.0,7.019562722855621
Ghana,GHA,1962,1382515654.0,1302674325.0,6.129032212253049
Ghana,GHA,1963,1540797589.0,1382515654.0,11.44883492219757
Ghana,GHA,1964,1731296200.0,1540797589.0,12.363636363400365
Ghana,GHA,1965,2053462968.0,1731296200.0,18.60841420434007
Ghana,GHA,1966,2126300672.0,2053462968.0,3.5470668395321203
Ghana,GHA,1967,1747187645.0,2126300672.0,-17.829699815849942
Ghana,GHA,1968,1666909518.0,1747187645.0,-4.594705510294517
Ghana,GHA,1969,1962050556.0,1666909518.0,17.70588234171928
Ghana,GHA,1970,2215028588.0,1962050556.0,12.893553187321638
Ghana,GHA,1971,2417108578.0,2215028588.0,9.123132364736787
Ghana,GHA,1972,2112293280.0,2417108578.0,-12.610740815467004
Ghana,GHA,1973,3006766758.0,2112293280.0,42.346083589301585
Ghana,GHA,1974,2894409938.0,3006766758.0,-3.7367986625851835
Ghana,GHA,1975,2810106383.0,2894409938.0,-2.912633552462607
Ghana,GHA,1976,2765254237.0,2810106383.0,-1.596101353007029
Ghana,GHA,1977,3189428571.0,2765254237.0,15.3394334714114
Ghana,GHA,1978,3662478185.0,3189428571.0,14.831798344732384
Ghana,GHA,1979,4020227920.0,3662478185.0,9.767969034332967
Ghana,GHA,1980,4445228216.0,4020227920.0,10.571547296751271
Ghana,GHA,1981,4222441615.0,4445228216.0,-5.011814695994898
Ghana,GHA,1982,4035994398.0,4222441615.0,-4.415625697171421
Ghana,GHA,1983,4057275043.0,4035994398.0,0.5272714206577156
Ghana,GHA,1984,4412279843.0,4057275043.0,8.749833231357783
Ghana,GHA,1985,4504342149.0,4412279843.0,2.0865019734878087
Ghana,GHA,1986,5735921420.0,4504342149.0,27.34204530340618
Ghana,GHA,1987,5074829932.0,5735921420.0,-11.525462773860662
Ghana,GHA,1988,5197840973.0,5074829932.0,2.423944105482989
Ghana,GHA,1989,5251764270.0,5197840973.0,1.0374172138028603
Ghana,GHA,1990,5889174834.0,5251764270.0,12.137074918634916
Ghana,GHA,1991,6603130040.0,5889174834.0,12.123178987285609
Ghana,GHA,1992,6416079342.0,6603130040.0,-2.8327580536336106
Ghana,GHA,1993,5968905679.0,6416079342.0,-6.969578135868382
Ghana,GHA,1994,5446370115.0,5968905679.0,-8.75429420569338
Ghana,GHA,1995,6464389656.0,5446370115.0,18.69170694434159
Ghana,GHA,1996,6932984636.0,6464389656.0,7.248866558733313
Ghana,GHA,1997,6891433841.0,6932984636.0,-0.5993204540544417
Ghana,GHA,1998,7482072380.0,6891433841.0,8.570619012346103
Ghana,GHA,1999,7718110781.0,7482072380.0,3.1547195618014
Ghana,GHA,2000,4982849054.0,7718110781.0,-35.43952405727979
Ghana,GHA,2001,5314871684.0,4982849054.0,6.663309010604435
Ghana,GHA,2002,6166197192.0,5314871684.0,16.017799838194556
Ghana,GHA,2003,7632720680.0,6166197192.0,23.78327261253763
Ghana,GHA,2004,8881419348.0,7632720680.0,16.35981087676852
Ghana,GHA,2005,10744562615.0,8881419348.0,20.97799004862393
Ghana,GHA,2006,20885042153.0,10744562615.0,94.3777788017479
Ghana,GHA,2007,24827333947.0,20885042153.0,18.87614956732906
Ghana,GHA,2008,28679383241.0,24827333947.0,15.515356188558705
Ghana,GHA,2009,26048726186.0,28679383241.0,-9.172641660017344
Ghana,GHA,2010,32197648061.0,26048726186.0,23.605460900828092
Ghana,GHA,2011,39336668081.0,32197648061.0,22.172489141053966
Ghana,GHA,2012,41271708600.0,39336668081.0,4.919177483500814
Ghana,GHA,2013,62824629066.0,41271708600.0,52.222021324312216
Ghana,GHA,2014,54783320577.0,62824629066.0,-12.799611567228286
Ghana,GHA,2015,49406014245.0,54783320577.0,-9.815590357364323
Ghana,GHA,2016,56164933479.0,49406014245.0,13.68035721417058
Ghana,GHA,2017,60405920071.0,56164933479.0,7.550950974749582
Ghana,GHA,2018,67298913752.0,60405920071.0,11.411122739125744
Ghana,GHA,2019,68337974419.0,67298913752.0,1.5439486450390394
Ghana,GHA,2020,70043095503.0,68337974419.0,2.4951296822838254
Ghana,GHA,2021,79156409410.0,70043095503.0,13.011009638501303
Ghana,GHA,2022,72838798788.0,79156409410.0,-7.981173816610587
Greece,GRC,1960,4335186017.0,,
Greece,GRC,1961,4961400439.0,4335186017.0,14.444926227948752
Greece,GRC,1962,5213047711.0,4961400439.0,5.072101619169467
Greece,GRC,1963,5895278024.0,5213047711.0,13.086976195526322
Greece,GRC,1964,6669673257.0,5895278024.0,13.13585601641507
Greece,GRC,1965,7689154053.0,6669673257.0,15.285318436402084
Greece,GRC,1966,8591517944.0,7689154053.0,11.735541839585517
Greece,GRC,1967,9275600800.0,8591517944.0,7.962304920491237
Greece,GRC,1968,10090675903.0,9275600800.0,8.78730252168678
Greece,GRC,1969,11615657031.0,10090675903.0,15.11277482954949
Greece,GRC,1970,13139863636.0,11615657031.0,13.122000769583497
Greece,GRC,1971,14591750000.0,13139863636.0,11.04947816979005
Greece,GRC,1972,16885511364.0,14591750000.0,15.71957691161101
Greece,GRC,1973,22347848101.0,16885511364.0,32.349252677332174
Greece,GRC,1974,25351306818.0,22347848101.0,13.439588023983418
Greece,GRC,1975,28525876727.0,25351306818.0,12.522312683092075
Greece,GRC,1976,31152835821.0,28525876727.0,9.209038933809733
Greece,GRC,1977,36176234968.0,31152835821.0,16.12501403038804
Greece,GRC,1978,44270204082.0,36176234968.0,22.37371888246411
Greece,GRC,1979,54481876725.0,44270204082.0,23.066694303205182
Greece,GRC,1980,56829664269.0,54481876725.0,4.309300055595688
Greece,GRC,1981,52346506765.0,56829664269.0,-7.888762957984808
Greece,GRC,1982,54617989796.0,52346506765.0,4.33932113406803
Greece,GRC,1983,49428873839.0,54617989796.0,-9.500745040931601
Greece,GRC,1984,48020024184.0,49428873839.0,-2.8502564302575695
Greece,GRC,1985,47820851221.0,48020024184.0,-0.41477064284021203
Greece,GRC,1986,56379593476.0,47820851221.0,17.897511308292067
Greece,GRC,1987,65652750377.0,56379593476.0,16.447718632358455
Greece,GRC,1988,76261277925.0,65652750377.0,16.158542463312344
Greece,GRC,1989,79169043223.0,76261277925.0,3.812898730676495
Greece,GRC,1990,97891092003.0,79169043223.0,23.648193811392314
Greece,GRC,1991,105000000000.0,97891092003.0,7.262058121470472
Greece,GRC,1992,116000000000.0,105000000000.0,10.476190476190483
Greece,GRC,1993,109000000000.0,116000000000.0,-6.034482758620685
Greece,GRC,1994,117000000000.0,109000000000.0,7.339449541284404
Greece,GRC,1995,137000000000.0,117000000000.0,17.0940170940171
Greece,GRC,1996,146000000000.0,137000000000.0,6.569343065693434
Greece,GRC,1997,143000000000.0,146000000000.0,-2.0547945205479423
Greece,GRC,1998,144000000000.0,143000000000.0,0.6993006993007089
Greece,GRC,1999,143000000000.0,144000000000.0,-0.694444444444442
Greece,GRC,2000,130000000000.0,143000000000.0,-9.090909090909093
Greece,GRC,2001,136000000000.0,130000000000.0,4.615384615384621
Greece,GRC,2002,155000000000.0,136000000000.0,13.970588235294112
Greece,GRC,2003,202000000000.0,155000000000.0,30.32258064516129
Greece,GRC,2004,241000000000.0,202000000000.0,19.3069306930693
Greece,GRC,2005,248000000000.0,241000000000.0,2.9045643153526868
Greece,GRC,2006,274000000000.0,248000000000.0,10.483870967741925
Greece,GRC,2007,319000000000.0,274000000000.0,16.423357664233574
Greece,GRC,2008,356000000000.0,319000000000.0,11.598746081504707
Greece,GRC,2009,331000000000.0,356000000000.0,-7.02247191011236
Greece,GRC,2010,297000000000.0,331000000000.0,-10.271903323262844
Greece,GRC,2011,283000000000.0,297000000000.0,-4.7138047138047146
Greece,GRC,2012,242000000000.0,283000000000.0,-14.487632508833926
Greece,GRC,2013,239000000000.0,242000000000.0,-1.2396694214875992
Greece,GRC,2014,235000000000.0,239000000000.0,-1.673640167364021
Greece,GRC,2015,196000000000.0,235000000000.0,-16.595744680851066
Greece,GRC,2016,193000000000.0,196000000000.0,-1.5306122448979553
Greece,GRC,2017,200000000000.0,193000000000.0,3.626943005181338
Greece,GRC,2018,212000000000.0,200000000000.0,6.000000000000005
Greece,GRC,2019,205000000000.0,212000000000.0,-3.301886792452835
Greece,GRC,2020,189000000000.0,205000000000.0,-7.804878048780484
Greece,GRC,2021,215000000000.0,189000000000.0,13.756613756613767
Greece,GRC,2022,219000000000.0,215000000000.0,1.8604651162790642
Greenland,GRL,1970,69520026.61,,
Greenland,GRL,1971,88571004.74,69520026.61,27.403582908381164
Greenland,GRL,1972,106101302.9,88571004.74,19.79236682643508
Greenland,GRL,1973,140153748.3,106101302.9,32.094276384234675
Greenland,GRL,1974,169918948.7,140153748.3,21.237534322869035
Greenland,GRL,1975,211192468.0,169918948.7,24.29012162314539
Greenland,GRL,1976,240779417.8,211192468.0,14.009472061285821
Greenland,GRL,1977,282269764.9,240779417.8,17.231683454963466
Greenland,GRL,1978,355987433.5,282269764.9,26.116034292980707
Greenland,GRL,1979,420645795.0,355987433.5,18.163102237708628
Greenland,GRL,1980,476051769.0,420645795.0,13.171645754832761
Greenland,GRL,1981,435749013.9,476051769.0,-8.466044603648982
Greenland,GRL,1982,402403057.2,435749013.9,-7.652560450234902
Greenland,GRL,1983,416184086.2,402403057.2,3.424682977284288
Greenland,GRL,1984,379371913.7,416184086.2,-8.845165810186618
Greenland,GRL,1985,412876395.8,379371913.7,8.831566304746197
Greenland,GRL,1986,603016317.5,412876395.8,46.052504728825674
Greenland,GRL,1987,787390447.3,603016317.5,30.575313544479666
Greenland,GRL,1988,898607670.6,787390447.3,14.124786969586612
Greenland,GRL,1989,929799902.2,898607670.6,3.4711735299536306
Greenland,GRL,1990,1018977225.0,929799902.2,9.591023035063495
Greenland,GRL,1991,1016500016.0,1018977225.0,-0.243107396242348
Greenland,GRL,1992,1037916105.0,1016500016.0,2.1068459087953517
Greenland,GRL,1993,927214127.9,1037916105.0,-10.665792405254182
Greenland,GRL,1994,1005887592.0,927214127.9,8.484929395778673
Greenland,GRL,1995,1208953359.0,1005887592.0,20.187719643329682
Greenland,GRL,1996,1197515638.0,1208953359.0,-0.946084554449711
Greenland,GRL,1997,1072154407.0,1197515638.0,-10.468442083092032
Greenland,GRL,1998,1149858127.0,1072154407.0,7.247437448624883
Greenland,GRL,1999,1131555107.0,1149858127.0,-1.5917633289032729
Greenland,GRL,2000,1068024994.0,1131555107.0,-5.614407341453498
Greenland,GRL,2001,1086170639.0,1068024994.0,1.698990669875644
Greenland,GRL,2002,1169136691.0,1086170639.0,7.638399439372057
Greenland,GRL,2003,1558759744.0,1169136691.0,33.325705710830356
Greenland,GRL,2004,1822499871.0,1558759744.0,16.91987030170572
Greenland,GRL,2005,1849802648.0,1822499871.0,1.4980948659831128
Greenland,GRL,2006,2013106817.0,1849802648.0,8.828194141497402
Greenland,GRL,2007,2249811365.0,2013106817.0,11.758171300256448
Greenland,GRL,2008,2499092396.0,2249811365.0,11.08008586310969
Greenland,GRL,2009,2529964061.0,2499092396.0,1.2353150707598015
Greenland,GRL,2010,2503167187.0,2529964061.0,-1.0591800260359552
Greenland,GRL,2011,2684461608.0,2503167187.0,7.242601370836832
Greenland,GRL,2012,2609678695.0,2684461608.0,-2.785769510621361
Greenland,GRL,2013,2684947140.0,2609678695.0,2.88420352835812
Greenland,GRL,2014,2842065877.0,2684947140.0,5.851837254419845
Greenland,GRL,2015,2499113085.0,2842065877.0,-12.067024722242214
Greenland,GRL,2016,2707146783.0,2499113085.0,8.324301099003684
Greenland,GRL,2017,2851610656.0,2707146783.0,5.336388625366983
Greenland,GRL,2018,3055791341.0,2851610656.0,7.160188035150905
Greenland,GRL,2019,2997331094.0,3055791341.0,-1.9130968209651766
Greenland,GRL,2020,3082909158.0,2997331094.0,2.855142168688296
Greenland,GRL,2021,3235816195.0,3082909158.0,4.9598294715630376
Grenada,GRD,1977,71494495.19,,
Grenada,GRD,1978,88322386.3,71494495.19,23.537324188777163
Grenada,GRD,1979,102244362.2,88322386.3,15.762680882185375
Grenada,GRD,1980,110900457.0,102244362.2,8.466085184303695
Grenada,GRD,1981,115651918.9,110900457.0,4.284438521294831
Grenada,GRD,1982,125435590.0,115651918.9,8.459583890224586
Grenada,GRD,1983,131803552.2,125435590.0,5.076678955310854
Grenada,GRD,1984,145533310.7,131803552.2,10.416834956895782
Grenada,GRD,1985,167728455.2,145533310.7,15.250903310894026
Grenada,GRD,1986,187589522.6,167728455.2,11.841203316585492
Grenada,GRD,1987,215009569.6,187589522.6,14.617046101486263
Grenada,GRD,1988,236357523.7,215009569.6,9.928839046427251
Grenada,GRD,1989,267327642.2,236357523.7,13.103081304621057
Grenada,GRD,1990,278098763.0,267327642.2,4.0291833314946235
Grenada,GRD,1991,300757888.9,278098763.0,8.14787007880362
Grenada,GRD,1992,310160444.4,300757888.9,3.126287238678649
Grenada,GRD,1993,309812185.2,310160444.4,-0.11228356364838543
Grenada,GRD,1994,325111814.8,309812185.2,4.938356310977032
Grenada,GRD,1995,342172518.5,325111814.8,5.247641864536745
Grenada,GRD,1996,366911444.4,342172518.5,7.229956984403452
Grenada,GRD,1997,392190592.6,366911444.4,6.889713740419934
Grenada,GRD,1998,445903592.6,392190592.6,13.695637022783602
Grenada,GRD,1999,482009370.4,445903592.6,8.097216169412835
Grenada,GRD,2000,520044370.4,482009370.4,7.890925433345064
Grenada,GRD,2001,520444185.2,520044370.4,0.07688090146855675
Grenada,GRD,2002,540336925.9,520444185.2,3.8222620726092726
Grenada,GRD,2003,591018407.4,540336925.9,9.379607254415113
Grenada,GRD,2004,599118592.6,591018407.4,1.3705470250299445
Grenada,GRD,2005,695555555.6,599118592.6,16.096473084150453
Grenada,GRD,2006,698700666.7,695555555.6,0.4521725223353368
Grenada,GRD,2007,758683592.6,698700666.7,8.584924669286842
Grenada,GRD,2008,825976037.0,758683592.6,8.869632223017977
Grenada,GRD,2009,771275555.6,825976037.0,-6.622526435352261
Grenada,GRD,2010,771014814.8,771275555.6,-0.033806438970729324
Grenada,GRD,2011,778655555.6,771014814.8,0.9909979229104859
Grenada,GRD,2012,799881481.5,778655555.6,2.725971162389529
Grenada,GRD,2013,842618518.5,799881481.5,5.3429211687531675
Grenada,GRD,2014,911496296.3,842618518.5,8.174253981815372
Grenada,GRD,2015,997007407.4,911496296.3,9.3813997321889
Grenada,GRD,2016,1061640741.0,997007407.4,6.4827335404208375
Grenada,GRD,2017,1125685185.0,1061640741.0,6.0325910194134025
Grenada,GRD,2018,1166514815.0,1125685185.0,3.6270913523659853
Grenada,GRD,2019,1213485185.0,1166514815.0,4.02655580503708
Grenada,GRD,2020,1043411111.0,1213485185.0,-14.01533995654014
Grenada,GRD,2021,1122800000.0,1043411111.0,7.608591490262562
Grenada,GRD,2022,1256413185.0,1122800000.0,11.899998664054156
Guam,GUM,2002,3394000000.0,,
Guam,GUM,2003,3569000000.0,3394000000.0,5.156157925751326
Guam,GUM,2004,3869000000.0,3569000000.0,8.405715886803033
Guam,GUM,2005,4213000000.0,3869000000.0,8.891186353062807
Guam,GUM,2006,4238000000.0,4213000000.0,0.5934013766911939
Guam,GUM,2007,4397000000.0,4238000000.0,3.7517697026899555
Guam,GUM,2008,4658000000.0,4397000000.0,5.935865362747328
Guam,GUM,2009,4828000000.0,4658000000.0,3.649635036496357
Guam,GUM,2010,4949000000.0,4828000000.0,2.5062137531068673
Guam,GUM,2011,4984000000.0,4949000000.0,0.7072135785006983
Guam,GUM,2012,5265000000.0,4984000000.0,5.638041733547361
Guam,GUM,2013,5399000000.0,5265000000.0,2.5451092117758867
Guam,GUM,2014,5610000000.0,5399000000.0,3.908131135395454
Guam,GUM,2015,5799000000.0,5610000000.0,3.3689839572192515
Guam,GUM,2016,5901000000.0,5799000000.0,1.7589239524055778
Guam,GUM,2017,6013000000.0,5901000000.0,1.8979833926453082
Guam,GUM,2018,6056000000.0,6013000000.0,0.7151172459670674
Guam,GUM,2019,6366000000.0,6056000000.0,5.11889035667108
Guam,GUM,2020,5886000000.0,6366000000.0,-7.540056550424124
Guam,GUM,2021,6123000000.0,5886000000.0,4.026503567787976
Guatemala,GTM,1960,1043599900.0,,
Guatemala,GTM,1961,1076699900.0,1043599900.0,3.171713604035409
Guatemala,GTM,1962,1143600000.0,1076699900.0,6.213439789490094
Guatemala,GTM,1963,1262800000.0,1143600000.0,10.42322490381251
Guatemala,GTM,1964,1299099900.0,1262800000.0,2.874556541019957
Guatemala,GTM,1965,1331399900.0,1299099900.0,2.486336886023932
Guatemala,GTM,1966,1390700000.0,1331399900.0,4.45396608487052
Guatemala,GTM,1967,1453500000.0,1390700000.0,4.515711512188103
Guatemala,GTM,1968,1610500000.0,1453500000.0,10.801513587891298
Guatemala,GTM,1969,1715399900.0,1610500000.0,6.513498913380933
Guatemala,GTM,1970,1904000000.0,1715399900.0,10.994526698993035
Guatemala,GTM,1971,1984800000.0,1904000000.0,4.243697478991604
Guatemala,GTM,1972,2101300000.0,1984800000.0,5.869609028617484
Guatemala,GTM,1973,2569200100.0,2101300000.0,22.26717270261267
Guatemala,GTM,1974,3161499902.0,2569200100.0,23.05386030461387
Guatemala,GTM,1975,3645900004.0,3161499902.0,15.321844599570067
Guatemala,GTM,1976,4365300204.0,3645900004.0,19.731758940473675
Guatemala,GTM,1977,5480500205.0,4365300204.0,25.54692572983006
Guatemala,GTM,1978,6070600206.0,5480500205.0,10.767265375916546
Guatemala,GTM,1979,6902600207.0,6070600206.0,13.705399347130065
Guatemala,GTM,1980,7878700008.0,6902600207.0,14.141044993597141
Guatemala,GTM,1981,8607500309.0,7878700008.0,9.250260833132096
Guatemala,GTM,1982,8716999709.0,8607500309.0,1.2721393676339066
Guatemala,GTM,1983,9050000409.0,8716999709.0,3.8201297592816097
Guatemala,GTM,1984,9470000104.0,9050000409.0,4.640880397997771
Guatemala,GTM,1985,9721652087.0,9470000104.0,2.6573598757797967
Guatemala,GTM,1986,7231963516.0,9721652087.0,-25.609727119624704
Guatemala,GTM,1987,7084399840.0,7231963516.0,-2.0404372294402506
Guatemala,GTM,1988,7841602824.0,7084399840.0,10.688315186907914
Guatemala,GTM,1989,8410724361.0,7841602824.0,7.257719496556847
Guatemala,GTM,1990,7650196277.0,8410724361.0,-9.042361292049005
Guatemala,GTM,1991,9406135143.0,7650196277.0,22.952860324370473
Guatemala,GTM,1992,10440781588.0,9406135143.0,10.999697849014844
Guatemala,GTM,1993,11400018313.0,10440781588.0,9.18740342296298
Guatemala,GTM,1994,12983233687.0,11400018313.0,13.887831848432919
Guatemala,GTM,1995,14655404433.0,12983233687.0,12.87946274643681
Guatemala,GTM,1996,15674835615.0,14655404433.0,6.956008526823854
Guatemala,GTM,1997,17790026222.0,15674835615.0,13.494180474695838
Guatemala,GTM,1998,19395491993.0,17790026222.0,9.024527288299344
Guatemala,GTM,1999,18318412251.0,19395491993.0,-5.553247849493726
Guatemala,GTM,2000,19288928616.0,18318412251.0,5.298037579359649
Guatemala,GTM,2001,18405221418.0,19288928616.0,-4.5814218902079045
Guatemala,GTM,2002,20444205991.0,18405221418.0,11.07829417909587
Guatemala,GTM,2003,21576351799.0,20444205991.0,5.537734302317232
Guatemala,GTM,2004,23577298589.0,21576351799.0,9.273795721539635
Guatemala,GTM,2005,26783388709.0,23577298589.0,13.598208072471053
Guatemala,GTM,2006,29744247479.0,26783388709.0,11.054832538815607
Guatemala,GTM,2007,33567850095.0,29744247479.0,12.854931423965365
Guatemala,GTM,2008,38503718527.0,33567850095.0,14.704154177378225
Guatemala,GTM,2009,37126146369.0,38503718527.0,-3.5777639425501273
Guatemala,GTM,2010,40676579265.0,37126146369.0,9.563160314867968
Guatemala,GTM,2011,46876004265.0,40676579265.0,15.240772729712472
Guatemala,GTM,2012,49593926849.0,46876004265.0,5.798110625289232
Guatemala,GTM,2013,52996447956.0,49593926849.0,6.860761635915114
Guatemala,GTM,2014,57852150565.0,52996447956.0,9.162317091574558
Guatemala,GTM,2015,62186064719.0,57852150565.0,7.491362225386267
Guatemala,GTM,2016,66053402745.0,62186064719.0,6.2189785500583294
Guatemala,GTM,2017,71653756504.0,66053402745.0,8.478524233823714
Guatemala,GTM,2018,73328369926.0,71653756504.0,2.337090898934968
Guatemala,GTM,2019,77172313916.0,73328369926.0,5.242096604464486
Guatemala,GTM,2020,77715183063.0,77172313916.0,0.7034506540660512
Guatemala,GTM,2021,86053079767.0,77715183063.0,10.728787317197552
Guatemala,GTM,2022,95003333381.0,86053079767.0,10.400852169653874
Guinea,GIN,1986,1995186721.0,,
Guinea,GIN,1987,2041538040.0,1995186721.0,2.323156951283667
Guinea,GIN,1988,2384295815.0,2041538040.0,16.78919365127285
Guinea,GIN,1989,2432029297.0,2384295815.0,2.001994957995601
Guinea,GIN,1990,2666750820.0,2432029297.0,9.651262149248696
Guinea,GIN,1991,3015058206.0,2666750820.0,13.061114798869733
Guinea,GIN,1992,3284620422.0,3015058206.0,8.940531080413905
Guinea,GIN,1993,3279096492.0,3284620422.0,-0.16817559688180328
Guinea,GIN,1994,3383092770.0,3279096492.0,3.1714918500788114
Guinea,GIN,1995,3693710533.0,3383092770.0,9.181473406654472
Guinea,GIN,1996,3868968366.0,3693710533.0,4.74476360381324
Guinea,GIN,1997,3783700462.0,3868968366.0,-2.203892509158867
Guinea,GIN,1998,3588375622.0,3783700462.0,-5.1622701628118435
Guinea,GIN,1999,3461282460.0,3588375622.0,-3.5418020683454565
Guinea,GIN,2000,2995361112.0,3461282460.0,-13.460945571023986
Guinea,GIN,2001,2829435908.0,2995361112.0,-5.539405694200649
Guinea,GIN,2002,2950198724.0,2829435908.0,4.268088054532448
Guinea,GIN,2003,3446441785.0,2950198724.0,16.820665569510297
Guinea,GIN,2004,3635458214.0,3446441785.0,5.484393493099438
Guinea,GIN,2005,2937071740.0,3635458214.0,-19.21041125739095
Guinea,GIN,2006,4220019243.0,2937071740.0,43.681176919430655
Guinea,GIN,2007,6281917650.0,4220019243.0,48.85992902568383
Guinea,GIN,2008,6964179188.0,6281917650.0,10.860720818267966
Guinea,GIN,2009,6716904516.0,6964179188.0,-3.550664986134755
Guinea,GIN,2010,6853467833.0,6716904516.0,2.0331287526076824
Guinea,GIN,2011,6785137215.0,6853467833.0,-0.9970225244362085
Guinea,GIN,2012,7638045226.0,6785137215.0,12.57023968674449
Guinea,GIN,2013,8376613880.0,7638045226.0,9.669603048249865
Guinea,GIN,2014,8778473643.0,8376613880.0,4.797401059149697
Guinea,GIN,2015,8794202395.0,8778473643.0,0.17917410975587522
Guinea,GIN,2016,8595955601.0,8794202395.0,-2.254289645559149
Guinea,GIN,2017,10324668271.0,8595955601.0,20.110767787107832
Guinea,GIN,2018,11857030366.0,10324668271.0,14.841756217040981
Guinea,GIN,2019,13442861497.0,11857030366.0,13.374606305701686
Guinea,GIN,2020,14177835841.0,13442861497.0,5.46739504951399
Guinea,GIN,2021,16091817842.0,14177835841.0,13.499817761079402
Guinea,GIN,2022,21227749389.0,16091817842.0,31.91641614035119
Guinea-Bissau,GNB,1970,78733594.84,,
Guinea-Bissau,GNB,1971,78540057.14,78733594.84,-0.24581336644580176
Guinea-Bissau,GNB,1972,87702828.57,78540057.14,11.666367155382984
Guinea-Bissau,GNB,1973,89374237.29,87702828.57,1.905763756143819
Guinea-Bissau,GNB,1974,98775328.95,89374237.29,10.518793720717845
Guinea-Bissau,GNB,1975,108985740.2,98775328.95,10.337005564586388
Guinea-Bissau,GNB,1976,112386489.0,108985740.2,3.1203612452044505
Guinea-Bissau,GNB,1977,114971207.2,112386489.0,2.2998478046591497
Guinea-Bissau,GNB,1978,122666858.8,114971207.2,6.693546834393849
Guinea-Bissau,GNB,1979,118537875.1,122666858.8,-3.366014048449739
Guinea-Bissau,GNB,1980,110653830.7,118537875.1,-6.651076201044537
Guinea-Bissau,GNB,1981,154731969.7,110653830.7,39.83426395738867
Guinea-Bissau,GNB,1982,165523634.5,154731969.7,6.974424755868669
Guinea-Bissau,GNB,1983,163577538.3,165523634.5,-1.1757210418189445
Guinea-Bissau,GNB,1984,138478900.6,163577538.3,-15.343572204864275
Guinea-Bissau,GNB,1985,143856253.1,138478900.6,3.883156550709943
Guinea-Bissau,GNB,1986,130225018.8,143856253.1,-9.47559386975303
Guinea-Bissau,GNB,1987,173836362.0,130225018.8,33.48922012211681
Guinea-Bissau,GNB,1988,164458120.3,173836362.0,-5.394867674462711
Guinea-Bissau,GNB,1989,213143016.4,164458120.3,29.60321813917752
Guinea-Bissau,GNB,1990,243961995.5,213143016.4,14.459295744488676
Guinea-Bissau,GNB,1991,257150374.1,243961995.5,5.40591520124698
Guinea-Bissau,GNB,1992,226313443.7,257150374.1,-11.991789048694212
Guinea-Bissau,GNB,1993,236880821.7,226313443.7,4.669354956220828
Guinea-Bissau,GNB,1994,235620043.5,236880821.7,-0.5322415681235371
Guinea-Bissau,GNB,1995,253966922.3,235620043.5,7.786637557428344
Guinea-Bissau,GNB,1996,270419779.4,253966922.3,6.478346451970207
Guinea-Bissau,GNB,1997,268551010.9,270419779.4,-0.6910620606770612
Guinea-Bissau,GNB,1998,206457553.4,268551010.9,-23.121662172078594
Guinea-Bissau,GNB,1999,224446663.8,206457553.4,8.713224633223815
Guinea-Bissau,GNB,2000,371095522.0,224446663.8,65.33795411219651
Guinea-Bissau,GNB,2001,392621389.5,371095522.0,5.800627122630697
Guinea-Bissau,GNB,2002,417806651.1,392621389.5,6.414643285755073
Guinea-Bissau,GNB,2003,477458577.2,417806651.1,14.277399831464766
Guinea-Bissau,GNB,2004,532062894.8,477458577.2,11.436451287611305
Guinea-Bissau,GNB,2005,587029096.0,532062894.8,10.330771368798697
Guinea-Bissau,GNB,2006,592365659.8,587029096.0,0.9090799478872702
Guinea-Bissau,GNB,2007,696910784.0,592365659.8,17.64874828079965
Guinea-Bissau,GNB,2008,868154627.9,696910784.0,24.571845899288025
Guinea-Bissau,GNB,2009,830126428.8,868154627.9,-4.380348601260975
Guinea-Bissau,GNB,2010,849878489.1,830126428.8,2.3794038612350743
Guinea-Bissau,GNB,2011,1099818592.0,849878489.1,29.408922111286785
Guinea-Bissau,GNB,2012,989271155.1,1099818592.0,-10.051424635309314
Guinea-Bissau,GNB,2013,1046087367.0,989271155.1,5.743239515990606
Guinea-Bissau,GNB,2014,1054915581.0,1046087367.0,0.8439270254565701
Guinea-Bissau,GNB,2015,1048229633.0,1054915581.0,-0.6337898615225823
Guinea-Bissau,GNB,2016,1179004911.0,1048229633.0,12.47582341530693
Guinea-Bissau,GNB,2017,1350177012.0,1179004911.0,14.518353520242467
Guinea-Bissau,GNB,2018,1504630234.0,1350177012.0,11.439479462860236
Guinea-Bissau,GNB,2019,1439638411.0,1504630234.0,-4.319454808987977
Guinea-Bissau,GNB,2020,1431758232.0,1439638411.0,-0.5473720998126375
Guinea-Bissau,GNB,2021,1638517607.0,1431758232.0,14.440941939700336
Guinea-Bissau,GNB,2022,1633559092.0,1638517607.0,-0.3026220150956216
Guyana,GUY,1960,170216241.1,,
Guyana,GUY,1961,185849535.3,170216241.1,9.184372830096542
Guyana,GUY,1962,194949512.5,185849535.3,4.896421820646868
Guyana,GUY,1963,175757893.9,194949512.5,-9.844404509603477
Guyana,GUY,1964,194774513.0,175757893.9,10.819780937304447
Guyana,GUY,1965,213235294.1,194774513.0,9.478027086634278
Guyana,GUY,1966,228705882.4,213235294.1,7.255172444738367
Guyana,GUY,1967,250176470.6,228705882.4,9.387860064940767
Guyana,GUY,1968,229749999.9,250176470.6,-8.164824873822486
Guyana,GUY,1969,249299999.9,229749999.9,8.509249187599233
Guyana,GUY,1970,267799999.9,249299999.9,7.420778181877563
Guyana,GUY,1971,282050000.0,267799999.9,5.321135214832395
Guyana,GUY,1972,285380952.4,282050000.0,1.1809794008154517
Guyana,GUY,1973,307047619.0,285380952.4,7.592190865503623
Guyana,GUY,1974,433954545.5,307047619.0,41.331350138233766
Guyana,GUY,1975,494791666.7,433954545.5,14.019238150830704
Guyana,GUY,1976,454440000.0,494791666.7,-8.155284216713742
Guyana,GUY,1977,449880000.0,454440000.0,-1.0034327964087653
Guyana,GUY,1978,507080000.0,449880000.0,12.71450164488308
Guyana,GUY,1979,530440000.0,507080000.0,4.606768162814556
Guyana,GUY,1980,603200000.0,530440000.0,13.716914259859747
Guyana,GUY,1981,570357107.1,603200000.0,-5.444776674403185
Guyana,GUY,1982,482000000.2,570357107.1,-15.491541316852297
Guyana,GUY,1983,489333333.5,482000000.2,1.5214384433521078
Guyana,GUY,1984,437631605.3,489333333.5,-10.565748266156083
Guyana,GUY,1985,453488372.1,437631605.3,3.623313903284031
Guyana,GUY,1986,504651139.5,453488372.1,11.282046144441814
Guyana,GUY,1987,354591846.9,504651139.5,-29.73525290137585
Guyana,GUY,1988,413799990.0,354591846.9,16.69754779124901
Guyana,GUY,1989,379779389.7,413799990.0,-8.221508246049014
Guyana,GUY,1990,396582263.3,379779389.7,4.424377429558035
Guyana,GUY,1991,348533094.8,396582263.3,-12.115813778502883
Guyana,GUY,1992,373573141.5,348533094.8,7.184410052758072
Guyana,GUY,1993,454101382.5,373573141.5,21.556218061249453
Guyana,GUY,1994,540874934.2,454101382.5,19.10884992736177
Guyana,GUY,1995,621626785.9,540874934.2,14.929856533181507
Guyana,GUY,1996,705406001.4,621626785.9,13.477414004723641
Guyana,GUY,1997,749138009.6,705406001.4,6.199551480027998
Guyana,GUY,1998,717530683.2,749138009.6,-4.219159353144642
Guyana,GUY,1999,694754988.3,717530683.2,-3.1741771374049765
Guyana,GUY,2000,712667896.7,694754988.3,2.578305834670047
Guyana,GUY,2001,712167448.9,712667896.7,-0.07022174035302697
Guyana,GUY,2002,726131434.7,712167448.9,1.960772824083512
Guyana,GUY,2003,743063949.0,726131434.7,2.3318800827009545
Guyana,GUY,2004,787814379.2,743063949.0,6.02241977426361
Guyana,GUY,2005,824880550.3,787814379.2,4.704937111917085
Guyana,GUY,2006,2379817987.0,824880550.3,188.50455816111636
Guyana,GUY,2007,2730971600.0,2379817987.0,14.75548192837488
Guyana,GUY,2008,3025187428.0,2730971600.0,10.773302366088311
Guyana,GUY,2009,3165663153.0,3025187428.0,4.643537907760997
Guyana,GUY,2010,3432912511.0,3165663153.0,8.442128713117691
Guyana,GUY,2011,3691384318.0,3432912511.0,7.5292279127937345
Guyana,GUY,2012,4063088529.0,3691384318.0,10.069507235740494
Guyana,GUY,2013,4167800936.0,4063088529.0,2.5771628221394227
Guyana,GUY,2014,4127660158.0,4167800936.0,-0.9631164879607912
Guyana,GUY,2015,4279840194.0,4127660158.0,3.6868354024992334
Guyana,GUY,2016,4482697337.0,4279840194.0,4.73982984888992
Guyana,GUY,2017,4748174334.0,4482697337.0,5.922260126927692
Guyana,GUY,2018,4787637006.0,4748174334.0,0.8311125334514724
Guyana,GUY,2019,5173760192.0,4787637006.0,8.06500546127662
Guyana,GUY,2020,5471256595.0,5173760192.0,5.750100351771392
Guyana,GUY,2021,8044498801.0,5471256595.0,47.032014699358115
Guyana,GUY,2022,15357537068.0,8044498801.0,90.90731999476371
Haiti,HTI,1960,273187199.8,,
Haiti,HTI,1961,271065999.8,273187199.8,-0.7764639051730526
Haiti,HTI,1962,281896799.8,271065999.8,3.995632063036769
Haiti,HTI,1963,294883399.8,281896799.8,4.606863224135127
Haiti,HTI,1964,325281199.7,294883399.8,10.308413400217443
Haiti,HTI,1965,353251799.7,325281199.7,8.598898437965886
Haiti,HTI,1966,368948599.7,353251799.7,4.44351593207184
Haiti,HTI,1967,369124199.7,368948599.7,0.047594705642683977
Haiti,HTI,1968,367968799.7,369124199.7,-0.3130111764384491
Haiti,HTI,1969,391820399.7,367968799.7,6.481962606461722
Haiti,HTI,1970,331199999.7,391820399.7,-15.47147622901065
Haiti,HTI,1971,362799999.7,331199999.7,9.54106281057463
Haiti,HTI,1972,371998971.9,362799999.7,2.5355491200679703
Haiti,HTI,1973,466798975.0,371998971.9,25.483942231293042
Haiti,HTI,1974,565399296.7,466798975.0,21.12265171533423
Haiti,HTI,1975,681400000.1,565399296.7,20.516598460070213
Haiti,HTI,1976,879000000.2,681400000.1,28.99911947035527
Haiti,HTI,1977,947000000.2,879000000.2,7.736063706999752
Haiti,HTI,1978,974200000.2,947000000.2,2.872228088094575
Haiti,HTI,1979,1080600000.0,974200000.2,10.921781952181941
Haiti,HTI,1980,1383800000.0,1080600000.0,28.05848602628169
Haiti,HTI,1981,1479400000.0,1383800000.0,6.9085127908657284
Haiti,HTI,1982,1474200000.0,1479400000.0,-0.35149384885764245
Haiti,HTI,1983,1623600000.0,1474200000.0,10.134310134310143
Haiti,HTI,1984,1816200000.0,1623600000.0,11.862527716186255
Haiti,HTI,1985,2009400000.0,1816200000.0,10.637594978526588
Haiti,HTI,1986,2318000000.0,2009400000.0,15.357818254205235
Haiti,HTI,1987,2047200000.0,2318000000.0,-11.682484900776535
Haiti,HTI,1988,2613926800.0,2047200000.0,27.683020711215313
Haiti,HTI,1989,2736243800.0,2613926800.0,4.679434787538805
Haiti,HTI,1990,3096289800.0,2736243800.0,13.158403501910175
Haiti,HTI,1991,3473562850.0,3096289800.0,12.184681485563797
Haiti,HTI,1992,2257129874.0,3473562850.0,-35.019748555866784
Haiti,HTI,1993,1878253818.0,2257129874.0,-16.785744602660824
Haiti,HTI,1994,2167569095.0,1878253818.0,15.40341748422842
Haiti,HTI,1995,2813313279.0,2167569095.0,29.7911695405493
Haiti,HTI,1996,2907517543.0,2813313279.0,3.348516665498602
Haiti,HTI,1997,3338949152.0,2907517543.0,14.838486874780665
Haiti,HTI,1998,3723903724.0,3338949152.0,11.529213368505943
Haiti,HTI,1999,4153725967.0,3723903724.0,11.542249071313538
Haiti,HTI,2000,6813565983.0,4153725967.0,64.03503835186922
Haiti,HTI,2001,6331970413.0,6813565983.0,-7.068186779163687
Haiti,HTI,2002,6205847137.0,6331970413.0,-1.9918487891393166
Haiti,HTI,2003,5071947798.0,6205847137.0,-18.27146743978847
Haiti,HTI,2004,6087360735.0,5071947798.0,20.020177206879055
Haiti,HTI,2005,7030149791.0,6087360735.0,15.48764886856997
Haiti,HTI,2006,7638739124.0,7030149791.0,8.656847308987881
Haiti,HTI,2007,9228637766.0,7638739124.0,20.813626649517715
Haiti,HTI,2008,10432962725.0,9228637766.0,13.049867050118213
Haiti,HTI,2009,11597002930.0,10432962725.0,11.157331198075383
Haiti,HTI,2010,11859312627.0,11597002930.0,2.261874887704285
Haiti,HTI,2011,13008746039.0,11859312627.0,9.692243118569067
Haiti,HTI,2012,13708925403.0,13008746039.0,5.382373995932221
Haiti,HTI,2013,14902488489.0,13708925403.0,8.706467143944096
Haiti,HTI,2014,15146883647.0,14902488489.0,1.6399620652644442
Haiti,HTI,2015,14849629408.0,15146883647.0,-1.9624778662564957
Haiti,HTI,2016,14069277532.0,14849629408.0,-5.255025930678093
Haiti,HTI,2017,15093357143.0,14069277532.0,7.2788358085251526
Haiti,HTI,2018,16403864521.0,15093357143.0,8.682676528381151
Haiti,HTI,2019,15016090930.0,16403864521.0,-8.460040554610726
Haiti,HTI,2020,14508222518.0,15016090930.0,-3.3821612719815874
Haiti,HTI,2021,20877414952.0,14508222518.0,43.90057035655399
Haiti,HTI,2022,20253551885.0,20877414952.0,-2.9882198942462246
Heavily indebted poor countries (HIPC),HPC,1960,17292450315.0,,
Heavily indebted poor countries (HIPC),HPC,1961,17719500927.0,17292450315.0,2.4695783664016924
Heavily indebted poor countries (HIPC),HPC,1962,19291312492.0,17719500927.0,8.870518258248229
Heavily indebted poor countries (HIPC),HPC,1963,23352325840.0,19291312492.0,21.050995621392165
Heavily indebted poor countries (HIPC),HPC,1964,20816472041.0,23352325840.0,-10.859105925356516
Heavily indebted poor countries (HIPC),HPC,1965,24323923266.0,20816472041.0,16.849402809908163
Heavily indebted poor countries (HIPC),HPC,1966,26501609734.0,24323923266.0,8.95285864942672
Heavily indebted poor countries (HIPC),HPC,1967,25920628323.0,26501609734.0,-2.192249515525224
Heavily indebted poor countries (HIPC),HPC,1968,27476506890.0,25920628323.0,6.002472423168204
Heavily indebted poor countries (HIPC),HPC,1969,30548727422.0,27476506890.0,11.181263121616558
Heavily indebted poor countries (HIPC),HPC,1970,31962960654.0,30548727422.0,4.6294341903798
Heavily indebted poor countries (HIPC),HPC,1971,34354320284.0,31962960654.0,7.481658710801353
Heavily indebted poor countries (HIPC),HPC,1972,37368293667.0,34354320284.0,8.773200453637585
Heavily indebted poor countries (HIPC),HPC,1973,46136646050.0,37368293667.0,23.464684957620484
Heavily indebted poor countries (HIPC),HPC,1974,54947655240.0,46136646050.0,19.09763700736109
Heavily indebted poor countries (HIPC),HPC,1975,62791627879.0,54947655240.0,14.275354616569436
Heavily indebted poor countries (HIPC),HPC,1976,66675385980.0,62791627879.0,6.185152753937251
Heavily indebted poor countries (HIPC),HPC,1977,78348289023.0,66675385980.0,17.507064820744223
Heavily indebted poor countries (HIPC),HPC,1978,92606200588.0,78348289023.0,18.198114780546693
Heavily indebted poor countries (HIPC),HPC,1979,102000000000.0,92606200588.0,10.143812565848066
Heavily indebted poor countries (HIPC),HPC,1980,111000000000.0,102000000000.0,8.823529411764696
Heavily indebted poor countries (HIPC),HPC,1981,109000000000.0,111000000000.0,-1.8018018018018056
Heavily indebted poor countries (HIPC),HPC,1982,108000000000.0,109000000000.0,-0.917431192660545
Heavily indebted poor countries (HIPC),HPC,1983,103000000000.0,108000000000.0,-4.629629629629628
Heavily indebted poor countries (HIPC),HPC,1984,104000000000.0,103000000000.0,0.9708737864077666
Heavily indebted poor countries (HIPC),HPC,1985,103000000000.0,104000000000.0,-0.9615384615384581
Heavily indebted poor countries (HIPC),HPC,1986,119000000000.0,103000000000.0,15.533980582524265
Heavily indebted poor countries (HIPC),HPC,1987,130000000000.0,119000000000.0,9.243697478991585
Heavily indebted poor countries (HIPC),HPC,1988,138000000000.0,130000000000.0,6.153846153846154
Heavily indebted poor countries (HIPC),HPC,1989,141000000000.0,138000000000.0,2.1739130434782705
Heavily indebted poor countries (HIPC),HPC,1990,163000000000.0,141000000000.0,15.602836879432624
Heavily indebted poor countries (HIPC),HPC,1991,177000000000.0,163000000000.0,8.588957055214719
Heavily indebted poor countries (HIPC),HPC,1992,133000000000.0,177000000000.0,-24.858757062146896
Heavily indebted poor countries (HIPC),HPC,1993,138000000000.0,133000000000.0,3.759398496240607
Heavily indebted poor countries (HIPC),HPC,1994,117000000000.0,138000000000.0,-15.217391304347828
Heavily indebted poor countries (HIPC),HPC,1995,136000000000.0,117000000000.0,16.23931623931625
Heavily indebted poor countries (HIPC),HPC,1996,148000000000.0,136000000000.0,8.823529411764696
Heavily indebted poor countries (HIPC),HPC,1997,155000000000.0,148000000000.0,4.729729729729737
Heavily indebted poor countries (HIPC),HPC,1998,163000000000.0,155000000000.0,5.161290322580636
Heavily indebted poor countries (HIPC),HPC,1999,164000000000.0,163000000000.0,0.6134969325153339
Heavily indebted poor countries (HIPC),HPC,2000,178000000000.0,164000000000.0,8.536585365853666
Heavily indebted poor countries (HIPC),HPC,2001,173000000000.0,178000000000.0,-2.8089887640449396
Heavily indebted poor countries (HIPC),HPC,2002,187000000000.0,173000000000.0,8.092485549132956
Heavily indebted poor countries (HIPC),HPC,2003,212000000000.0,187000000000.0,13.36898395721926
Heavily indebted poor countries (HIPC),HPC,2004,243000000000.0,212000000000.0,14.622641509433954
Heavily indebted poor countries (HIPC),HPC,2005,279000000000.0,243000000000.0,14.814814814814813
Heavily indebted poor countries (HIPC),HPC,2006,330000000000.0,279000000000.0,18.279569892473123
Heavily indebted poor countries (HIPC),HPC,2007,394000000000.0,330000000000.0,19.393939393939384
Heavily indebted poor countries (HIPC),HPC,2008,469000000000.0,394000000000.0,19.035532994923866
Heavily indebted poor countries (HIPC),HPC,2009,475000000000.0,469000000000.0,1.279317697228155
Heavily indebted poor countries (HIPC),HPC,2010,524000000000.0,475000000000.0,10.315789473684212
Heavily indebted poor countries (HIPC),HPC,2011,588000000000.0,524000000000.0,12.213740458015266
Heavily indebted poor countries (HIPC),HPC,2012,609000000000.0,588000000000.0,3.571428571428581
Heavily indebted poor countries (HIPC),HPC,2013,678000000000.0,609000000000.0,11.33004926108374
Heavily indebted poor countries (HIPC),HPC,2014,720000000000.0,678000000000.0,6.194690265486735
Heavily indebted poor countries (HIPC),HPC,2015,699000000000.0,720000000000.0,-2.9166666666666674
Heavily indebted poor countries (HIPC),HPC,2016,732000000000.0,699000000000.0,4.7210300429184615
Heavily indebted poor countries (HIPC),HPC,2017,810000000000.0,732000000000.0,10.655737704918034
Heavily indebted poor countries (HIPC),HPC,2018,771000000000.0,810000000000.0,-4.814814814814817
Heavily indebted poor countries (HIPC),HPC,2019,799000000000.0,771000000000.0,3.6316472114137577
Heavily indebted poor countries (HIPC),HPC,2020,809000000000.0,799000000000.0,1.251564455569465
Heavily indebted poor countries (HIPC),HPC,2021,899000000000.0,809000000000.0,11.124845488257119
Heavily indebted poor countries (HIPC),HPC,2022,970000000000.0,899000000000.0,7.8976640711902135
High income,HIC,1960,1070000000000.0,,
High income,HIC,1961,1130000000000.0,1070000000000.0,5.607476635514019
High income,HIC,1962,1220000000000.0,1130000000000.0,7.964601769911495
High income,HIC,1963,1320000000000.0,1220000000000.0,8.196721311475418
High income,HIC,1964,1440000000000.0,1320000000000.0,9.090909090909083
High income,HIC,1965,1560000000000.0,1440000000000.0,8.333333333333325
High income,HIC,1966,1710000000000.0,1560000000000.0,9.615384615384626
High income,HIC,1967,1840000000000.0,1710000000000.0,7.602339181286544
High income,HIC,1968,1990000000000.0,1840000000000.0,8.15217391304348
High income,HIC,1969,2190000000000.0,1990000000000.0,10.050251256281406
High income,HIC,1970,2390000000000.0,2190000000000.0,9.1324200913242
High income,HIC,1971,2660000000000.0,2390000000000.0,11.297071129707103
High income,HIC,1972,3080000000000.0,2660000000000.0,15.789473684210531
High income,HIC,1973,3730000000000.0,3080000000000.0,21.103896103896112
High income,HIC,1974,4210000000000.0,3730000000000.0,12.868632707774807
High income,HIC,1975,4690000000000.0,4210000000000.0,11.401425178147262
High income,HIC,1976,5110000000000.0,4690000000000.0,8.955223880597018
High income,HIC,1977,5790000000000.0,5110000000000.0,13.307240704500977
High income,HIC,1978,6940000000000.0,5790000000000.0,19.86183074265975
High income,HIC,1979,8020000000000.0,6940000000000.0,15.56195965417868
High income,HIC,1980,8960000000000.0,8020000000000.0,11.72069825436408
High income,HIC,1981,9100000000000.0,8960000000000.0,1.5625
High income,HIC,1982,9010000000000.0,9100000000000.0,-0.9890109890109855
High income,HIC,1983,9310000000000.0,9010000000000.0,3.3296337402885623
High income,HIC,1984,9710000000000.0,9310000000000.0,4.29645542427497
High income,HIC,1985,10200000000000.0,9710000000000.0,5.046343975283207
High income,HIC,1986,12400000000000.0,10200000000000.0,21.568627450980383
High income,HIC,1987,14300000000000.0,12400000000000.0,15.322580645161299
High income,HIC,1988,16200000000000.0,14300000000000.0,13.286713286713292
High income,HIC,1989,16900000000000.0,16200000000000.0,4.320987654320985
High income,HIC,1990,19000000000000.0,16900000000000.0,12.426035502958577
High income,HIC,1991,20100000000000.0,19000000000000.0,5.789473684210522
High income,HIC,1992,21600000000000.0,20100000000000.0,7.462686567164178
High income,HIC,1993,21800000000000.0,21600000000000.0,0.92592592592593
High income,HIC,1994,23400000000000.0,21800000000000.0,7.339449541284404
High income,HIC,1995,26000000000000.0,23400000000000.0,11.111111111111116
High income,HIC,1996,26200000000000.0,26000000000000.0,0.7692307692307665
High income,HIC,1997,25800000000000.0,26200000000000.0,-1.526717557251911
High income,HIC,1998,25900000000000.0,25800000000000.0,0.3875968992248069
High income,HIC,1999,27200000000000.0,25900000000000.0,5.019305019305009
High income,HIC,2000,27800000000000.0,27200000000000.0,2.2058823529411686
High income,HIC,2001,27500000000000.0,27800000000000.0,-1.0791366906474864
High income,HIC,2002,28700000000000.0,27500000000000.0,4.3636363636363695
High income,HIC,2003,32100000000000.0,28700000000000.0,11.846689895470375
High income,HIC,2004,35800000000000.0,32100000000000.0,11.526479750778806
High income,HIC,2005,37800000000000.0,35800000000000.0,5.586592178770955
High income,HIC,2006,40000000000000.0,37800000000000.0,5.820105820105814
High income,HIC,2007,43800000000000.0,40000000000000.0,9.499999999999996
High income,HIC,2008,46600000000000.0,43800000000000.0,6.392694063926951
High income,HIC,2009,43700000000000.0,46600000000000.0,-6.22317596566524
High income,HIC,2010,45800000000000.0,43700000000000.0,4.8054919908466776
High income,HIC,2011,49400000000000.0,45800000000000.0,7.860262008733621
High income,HIC,2012,49400000000000.0,49400000000000.0,0.0
High income,HIC,2013,50100000000000.0,49400000000000.0,1.4170040485830038
High income,HIC,2014,51100000000000.0,50100000000000.0,1.9960079840319445
High income,HIC,2015,48300000000000.0,51100000000000.0,-5.47945205479452
High income,HIC,2016,49300000000000.0,48300000000000.0,2.0703933747411973
High income,HIC,2017,51600000000000.0,49300000000000.0,4.665314401622722
High income,HIC,2018,54800000000000.0,51600000000000.0,6.20155038759691
High income,HIC,2019,55300000000000.0,54800000000000.0,0.9124087591240837
High income,HIC,2020,53900000000000.0,55300000000000.0,-2.5316455696202556
High income,HIC,2021,60000000000000.0,53900000000000.0,11.31725417439704
High income,HIC,2022,61500000000000.0,60000000000000.0,2.499999999999991
Honduras,HND,1960,335649999.8,,
Honduras,HND,1961,356199999.8,335649999.8,6.122448983239948
Honduras,HND,1962,387749999.8,356199999.8,8.857383497393245
Honduras,HND,1963,410199999.8,387749999.8,5.789813026841939
Honduras,HND,1964,456999999.8,410199999.8,11.409068752515395
Honduras,HND,1965,508649999.7,456999999.8,11.301969348491014
Honduras,HND,1966,549949999.7,508649999.7,8.11953209954952
Honduras,HND,1967,598099999.7,549949999.7,8.755341399448312
Honduras,HND,1968,646799999.7,598099999.7,8.14245109921876
Honduras,HND,1969,668000049.7,646799999.7,3.2776824381312686
Honduras,HND,1970,722999999.6,668000049.7,8.233524821547622
Honduras,HND,1971,730999999.7,722999999.6,1.1065007060063747
Honduras,HND,1972,802996251.6,730999999.7,9.84900847189425
Honduras,HND,1973,912499599.5,802996251.6,13.636844217119371
Honduras,HND,1974,1034500000.0,912499599.5,13.369912772219239
Honduras,HND,1975,1124000000.0,1034500000.0,8.651522474625416
Honduras,HND,1976,1347999950.0,1124000000.0,19.92882117437722
Honduras,HND,1977,1669499950.0,1347999950.0,23.85014925260198
Honduras,HND,1978,3097242093.0,1669499950.0,85.51914859296642
Honduras,HND,1979,3544281976.0,3097242093.0,14.433482097196858
Honduras,HND,1980,3968160046.0,3544281976.0,11.959490606850064
Honduras,HND,1981,4043894879.0,3968160046.0,1.9085629642469293
Honduras,HND,1982,4266503526.0,4043894879.0,5.504807955221835
Honduras,HND,1983,4476697185.0,4266503526.0,4.926602256838253
Honduras,HND,1984,4915311847.0,4476697185.0,9.797729081825302
Honduras,HND,1985,5278120713.0,4915311847.0,7.381197313481458
Honduras,HND,1986,5677828959.0,5278120713.0,7.57292733028101
Honduras,HND,1987,6190521242.0,5677828959.0,9.02972397904529
Honduras,HND,1988,5902717091.0,6190521242.0,-4.6491101435429005
Honduras,HND,1989,5432344902.0,5902717091.0,-7.968740187754997
Honduras,HND,1990,4923009552.0,5432344902.0,-9.375975921788038
Honduras,HND,1991,4648668479.0,4923009552.0,-5.572629305351384
Honduras,HND,1992,4943700431.0,4648668479.0,6.346590498608018
Honduras,HND,1993,4926728933.0,4943700431.0,-0.34329543702887877
Honduras,HND,1994,4642280682.0,4926728933.0,-5.773572178788267
Honduras,HND,1995,5347445005.0,4642280682.0,15.19004065683076
Honduras,HND,1996,5215028986.0,5347445005.0,-2.476248355545263
Honduras,HND,1997,5737099650.0,5215028986.0,10.010887099602407
Honduras,HND,1998,6366340266.0,5737099650.0,10.967922023107967
Honduras,HND,1999,6414520530.0,6366340266.0,0.7567968720948004
Honduras,HND,2000,7186638029.0,6414520530.0,12.037025922497136
Honduras,HND,2001,7651162302.0,7186638029.0,6.463721577815962
Honduras,HND,2002,7858255253.0,7651162302.0,2.7066861585966606
Honduras,HND,2003,8230391505.0,7858255253.0,4.735609114477812
Honduras,HND,2004,8869299234.0,8230391505.0,7.762786601486216
Honduras,HND,2005,9757012869.0,8869299234.0,10.008836229101338
Honduras,HND,2006,10917476874.0,9757012869.0,11.89364020095769
Honduras,HND,2007,12361257681.0,10917476874.0,13.224491552973827
Honduras,HND,2008,13881731631.0,12361257681.0,12.300317566691144
Honduras,HND,2009,14587496229.0,13881731631.0,5.0841250699871
Honduras,HND,2010,15839344592.0,14587496229.0,8.581653378674536
Honduras,HND,2011,17710275997.0,15839344592.0,11.811924376877014
Honduras,HND,2012,18528554861.0,17710275997.0,4.620362009821921
Honduras,HND,2013,18499729063.0,18528554861.0,-0.15557499338857417
Honduras,HND,2014,19756533658.0,18499729063.0,6.793637845830114
Honduras,HND,2015,20979791685.0,19756533658.0,6.191663214688803
Honduras,HND,2016,21717604581.0,20979791685.0,3.516778941744758
Honduras,HND,2017,23136248046.0,21717604581.0,6.532228081181302
Honduras,HND,2018,24067750466.0,23136248046.0,4.0261602406231445
Honduras,HND,2019,25089937109.0,24067750466.0,4.247121659517039
Honduras,HND,2020,23827859695.0,25089937109.0,-5.030213541457151
Honduras,HND,2021,28488721296.0,23827859695.0,19.56055500015399
Honduras,HND,2022,31717700115.0,28488721296.0,11.334235697877283
"Hong Kong SAR, China",HKG,1960,1320796652.0,,
"Hong Kong SAR, China",HKG,1961,1383681651.0,1320796652.0,4.761141611373487
"Hong Kong SAR, China",HKG,1962,1612346412.0,1383681651.0,16.525821588711676
"Hong Kong SAR, China",HKG,1963,1935298266.0,1612346412.0,20.029929771692267
"Hong Kong SAR, China",HKG,1964,2206466461.0,1935298266.0,14.011700406287652
"Hong Kong SAR, China",HKG,1965,2435078534.0,2206466461.0,10.361003760573361
"Hong Kong SAR, China",HKG,1966,2489845017.0,2435078534.0,2.249064341675977
"Hong Kong SAR, China",HKG,1967,2692474989.0,2489845017.0,8.138256422247014
"Hong Kong SAR, China",HKG,1968,2716964388.0,2692474989.0,0.9095497302686439
"Hong Kong SAR, China",HKG,1969,3189740055.0,2716964388.0,17.40087831434616
"Hong Kong SAR, China",HKG,1970,3800766536.0,3189740055.0,19.15599611454859
"Hong Kong SAR, China",HKG,1971,4476001946.0,3800766536.0,17.76576918377708
"Hong Kong SAR, China",HKG,1972,5710090551.0,4476001946.0,27.571225836996092
"Hong Kong SAR, China",HKG,1973,8030117556.0,5710090551.0,40.63030146857649
"Hong Kong SAR, China",HKG,1974,9388694745.0,8030117556.0,16.91852179654443
"Hong Kong SAR, China",HKG,1975,10048090237.0,9388694745.0,7.023292480045362
"Hong Kong SAR, China",HKG,1976,12876366009.0,10048090237.0,28.14739622446327
"Hong Kong SAR, China",HKG,1977,15719433720.0,12876366009.0,22.07973669754979
"Hong Kong SAR, China",HKG,1978,18315137713.0,15719433720.0,16.512706750354877
"Hong Kong SAR, China",HKG,1979,22526186035.0,18315137713.0,22.99217394915365
"Hong Kong SAR, China",HKG,1980,28861855877.0,22526186035.0,28.12579915728286
"Hong Kong SAR, China",HKG,1981,31055224237.0,28861855877.0,7.5995402698545655
"Hong Kong SAR, China",HKG,1982,32291217617.0,31055224237.0,3.9799853659643114
"Hong Kong SAR, China",HKG,1983,29907228557.0,32291217617.0,-7.382778464027096
"Hong Kong SAR, China",HKG,1984,33511383986.0,29907228557.0,12.051118083813295
"Hong Kong SAR, China",HKG,1985,35699772166.0,33511383986.0,6.530282905994689
"Hong Kong SAR, China",HKG,1986,41075395130.0,35699772166.0,15.057863504013259
"Hong Kong SAR, China",HKG,1987,50622896163.0,41075395130.0,23.243844649048427
"Hong Kong SAR, China",HKG,1988,59707404561.0,50622896163.0,17.945453710804916
"Hong Kong SAR, China",HKG,1989,68790222118.0,59707404561.0,15.212212997335284
"Hong Kong SAR, China",HKG,1990,76928784621.0,68790222118.0,11.830987388061388
"Hong Kong SAR, China",HKG,1991,88960001716.0,76928784621.0,15.639421777262452
"Hong Kong SAR, China",HKG,1992,104000000000.0,88960001716.0,16.906472565068498
"Hong Kong SAR, China",HKG,1993,120000000000.0,104000000000.0,15.384615384615374
"Hong Kong SAR, China",HKG,1994,136000000000.0,120000000000.0,13.33333333333333
"Hong Kong SAR, China",HKG,1995,145000000000.0,136000000000.0,6.617647058823528
"Hong Kong SAR, China",HKG,1996,160000000000.0,145000000000.0,10.344827586206895
"Hong Kong SAR, China",HKG,1997,177000000000.0,160000000000.0,10.624999999999996
"Hong Kong SAR, China",HKG,1998,169000000000.0,177000000000.0,-4.519774011299438
"Hong Kong SAR, China",HKG,1999,166000000000.0,169000000000.0,-1.7751479289940808
"Hong Kong SAR, China",HKG,2000,172000000000.0,166000000000.0,3.6144578313253017
"Hong Kong SAR, China",HKG,2001,169000000000.0,172000000000.0,-1.744186046511631
"Hong Kong SAR, China",HKG,2002,166000000000.0,169000000000.0,-1.7751479289940808
"Hong Kong SAR, China",HKG,2003,161000000000.0,166000000000.0,-3.0120481927710885
"Hong Kong SAR, China",HKG,2004,169000000000.0,161000000000.0,4.968944099378891
"Hong Kong SAR, China",HKG,2005,182000000000.0,169000000000.0,7.692307692307687
"Hong Kong SAR, China",HKG,2006,194000000000.0,182000000000.0,6.593406593406592
"Hong Kong SAR, China",HKG,2007,212000000000.0,194000000000.0,9.278350515463906
"Hong Kong SAR, China",HKG,2008,219000000000.0,212000000000.0,3.301886792452824
"Hong Kong SAR, China",HKG,2009,214000000000.0,219000000000.0,-2.2831050228310557
"Hong Kong SAR, China",HKG,2010,229000000000.0,214000000000.0,7.009345794392519
"Hong Kong SAR, China",HKG,2011,249000000000.0,229000000000.0,8.733624454148469
"Hong Kong SAR, China",HKG,2012,263000000000.0,249000000000.0,5.622489959839361
"Hong Kong SAR, China",HKG,2013,276000000000.0,263000000000.0,4.94296577946769
"Hong Kong SAR, China",HKG,2014,291000000000.0,276000000000.0,5.434782608695654
"Hong Kong SAR, China",HKG,2015,309000000000.0,291000000000.0,6.185567010309279
"Hong Kong SAR, China",HKG,2016,321000000000.0,309000000000.0,3.8834951456310662
"Hong Kong SAR, China",HKG,2017,341000000000.0,321000000000.0,6.230529595015577
"Hong Kong SAR, China",HKG,2018,362000000000.0,341000000000.0,6.158357771260992
"Hong Kong SAR, China",HKG,2019,363000000000.0,362000000000.0,0.2762430939226457
"Hong Kong SAR, China",HKG,2020,345000000000.0,363000000000.0,-4.958677685950407
"Hong Kong SAR, China",HKG,2021,369000000000.0,345000000000.0,6.956521739130439
"Hong Kong SAR, China",HKG,2022,360000000000.0,369000000000.0,-2.4390243902439046
Hungary,HUN,1991,34753569693.0,,
Hungary,HUN,1992,38730585922.0,34753569693.0,11.44347548793252
Hungary,HUN,1993,40124916941.0,38730585922.0,3.6000772666028302
Hungary,HUN,1994,43166678735.0,40124916941.0,7.580730443561112
Hungary,HUN,1995,46425677734.0,43166678735.0,7.5498025201498065
Hungary,HUN,1996,46658765340.0,46425677734.0,0.5020661353303035
Hungary,HUN,1997,47296961369.0,46658765340.0,1.3677945062401387
Hungary,HUN,1998,48706794879.0,47296961369.0,2.9808120208839606
Hungary,HUN,1999,49073373276.0,48706794879.0,0.752622704718453
Hungary,HUN,2000,47218411470.0,49073373276.0,-3.7799761503397478
Hungary,HUN,2001,53749989092.0,47218411470.0,13.832692415224113
Hungary,HUN,2002,67608919144.0,53749989092.0,25.78406114330305
Hungary,HUN,2003,85285075492.0,67608919144.0,26.144710744970823
Hungary,HUN,2004,104000000000.0,85285075492.0,21.94396194180015
Hungary,HUN,2005,113000000000.0,104000000000.0,8.653846153846146
Hungary,HUN,2006,116000000000.0,113000000000.0,2.6548672566371723
Hungary,HUN,2007,140000000000.0,116000000000.0,20.68965517241379
Hungary,HUN,2008,158000000000.0,140000000000.0,12.857142857142856
Hungary,HUN,2009,131000000000.0,158000000000.0,-17.08860759493671
Hungary,HUN,2010,132000000000.0,131000000000.0,0.7633587786259444
Hungary,HUN,2011,142000000000.0,132000000000.0,7.575757575757569
Hungary,HUN,2012,129000000000.0,142000000000.0,-9.154929577464788
Hungary,HUN,2013,136000000000.0,129000000000.0,5.4263565891472965
Hungary,HUN,2014,141000000000.0,136000000000.0,3.6764705882353033
Hungary,HUN,2015,125000000000.0,141000000000.0,-11.34751773049646
Hungary,HUN,2016,129000000000.0,125000000000.0,3.200000000000003
Hungary,HUN,2017,143000000000.0,129000000000.0,10.852713178294572
Hungary,HUN,2018,161000000000.0,143000000000.0,12.587412587412583
Hungary,HUN,2019,164000000000.0,161000000000.0,1.8633540372670732
Hungary,HUN,2020,157000000000.0,164000000000.0,-4.268292682926833
Hungary,HUN,2021,182000000000.0,157000000000.0,15.923566878980889
Hungary,HUN,2022,179000000000.0,182000000000.0,-1.6483516483516536
IBRD only,IBD,1960,313000000000.0,,
IBRD only,IBD,1961,310000000000.0,313000000000.0,-0.9584664536741228
IBRD only,IBD,1962,317000000000.0,310000000000.0,2.2580645161290214
IBRD only,IBD,1963,340000000000.0,317000000000.0,7.2555205047318605
IBRD only,IBD,1964,386000000000.0,340000000000.0,13.529411764705879
IBRD only,IBD,1965,423000000000.0,386000000000.0,9.585492227979264
IBRD only,IBD,1966,437000000000.0,423000000000.0,3.309692671394804
IBRD only,IBD,1967,448000000000.0,437000000000.0,2.517162471395884
IBRD only,IBD,1968,473000000000.0,448000000000.0,5.58035714285714
IBRD only,IBD,1969,528000000000.0,473000000000.0,11.627906976744185
IBRD only,IBD,1970,575000000000.0,528000000000.0,8.90151515151516
IBRD only,IBD,1971,627000000000.0,575000000000.0,9.043478260869575
IBRD only,IBD,1972,706000000000.0,627000000000.0,12.599681020733655
IBRD only,IBD,1973,915000000000.0,706000000000.0,29.603399433427757
IBRD only,IBD,1974,1150000000000.0,915000000000.0,25.683060109289624
IBRD only,IBD,1975,1240000000000.0,1150000000000.0,7.826086956521738
IBRD only,IBD,1976,1350000000000.0,1240000000000.0,8.870967741935477
IBRD only,IBD,1977,1530000000000.0,1350000000000.0,13.33333333333333
IBRD only,IBD,1978,1690000000000.0,1530000000000.0,10.457516339869288
IBRD only,IBD,1979,1970000000000.0,1690000000000.0,16.568047337278102
IBRD only,IBD,1980,2330000000000.0,1970000000000.0,18.274111675126914
IBRD only,IBD,1981,2520000000000.0,2330000000000.0,8.15450643776825
IBRD only,IBD,1982,2490000000000.0,2520000000000.0,-1.1904761904761862
IBRD only,IBD,1983,2450000000000.0,2490000000000.0,-1.6064257028112428
IBRD only,IBD,1984,2550000000000.0,2450000000000.0,4.081632653061229
IBRD only,IBD,1985,2640000000000.0,2550000000000.0,3.529411764705892
IBRD only,IBD,1986,2760000000000.0,2640000000000.0,4.545454545454541
IBRD only,IBD,1987,2840000000000.0,2760000000000.0,2.898550724637672
IBRD only,IBD,1988,3040000000000.0,2840000000000.0,7.042253521126751
IBRD only,IBD,1989,3160000000000.0,3040000000000.0,3.9473684210526327
IBRD only,IBD,1990,3640000000000.0,3160000000000.0,15.189873417721511
IBRD only,IBD,1991,3520000000000.0,3640000000000.0,-3.296703296703296
IBRD only,IBD,1992,3700000000000.0,3520000000000.0,5.1136363636363535
IBRD only,IBD,1993,3980000000000.0,3700000000000.0,7.567567567567557
IBRD only,IBD,1994,4330000000000.0,3980000000000.0,8.793969849246231
IBRD only,IBD,1995,4900000000000.0,4330000000000.0,13.163972286374136
IBRD only,IBD,1996,5350000000000.0,4900000000000.0,9.183673469387754
IBRD only,IBD,1997,5670000000000.0,5350000000000.0,5.981308411214958
IBRD only,IBD,1998,5510000000000.0,5670000000000.0,-2.821869488536155
IBRD only,IBD,1999,5370000000000.0,5510000000000.0,-2.5408348457350294
IBRD only,IBD,2000,5840000000000.0,5370000000000.0,8.752327746741152
IBRD only,IBD,2001,5910000000000.0,5840000000000.0,1.1986301369863117
IBRD only,IBD,2002,6000000000000.0,5910000000000.0,1.522842639593902
IBRD only,IBD,2003,6750000000000.0,6000000000000.0,12.5
IBRD only,IBD,2004,8040000000000.0,6750000000000.0,19.1111111111111
IBRD only,IBD,2005,9620000000000.0,8040000000000.0,19.651741293532332
IBRD only,IBD,2006,11400000000000.0,9620000000000.0,18.5031185031185
IBRD only,IBD,2007,14200000000000.0,11400000000000.0,24.56140350877194
IBRD only,IBD,2008,17000000000000.0,14200000000000.0,19.718309859154925
IBRD only,IBD,2009,16500000000000.0,17000000000000.0,-2.941176470588236
IBRD only,IBD,2010,20000000000000.0,16500000000000.0,21.212121212121215
IBRD only,IBD,2011,23700000000000.0,20000000000000.0,18.500000000000007
IBRD only,IBD,2012,25200000000000.0,23700000000000.0,6.329113924050622
IBRD only,IBD,2013,26600000000000.0,25200000000000.0,5.555555555555558
IBRD only,IBD,2014,27500000000000.0,26600000000000.0,3.383458646616533
IBRD only,IBD,2015,25800000000000.0,27500000000000.0,-6.181818181818177
IBRD only,IBD,2016,26000000000000.0,25800000000000.0,0.7751937984496138
IBRD only,IBD,2017,28700000000000.0,26000000000000.0,10.384615384615392
IBRD only,IBD,2018,30500000000000.0,28700000000000.0,6.271777003484313
IBRD only,IBD,2019,31200000000000.0,30500000000000.0,2.2950819672131084
IBRD only,IBD,2020,30000000000000.0,31200000000000.0,-3.8461538461538436
IBRD only,IBD,2021,35600000000000.0,30000000000000.0,18.666666666666675
IBRD only,IBD,2022,37600000000000.0,35600000000000.0,5.617977528089879
Iceland,ISL,1960,248434274.5,,
Iceland,ISL,1961,253885452.0,248434274.5,2.194213141874668
Iceland,ISL,1962,284916520.9,253885452.0,12.22246830432805
Iceland,ISL,1963,340061655.8,284916520.9,19.35483934936679
Iceland,ISL,1964,434267944.2,340061655.8,27.7027082569419
Iceland,ISL,1965,523694958.2,434267944.2,20.592589251490967
Iceland,ISL,1966,628893321.0,523694958.2,20.08771731574024
Iceland,ISL,1967,621225998.6,628893321.0,-1.2191769484541815
Iceland,ISL,1968,474399519.6,621225998.6,-23.634953999170893
Iceland,ISL,1969,414709309.1,474399519.6,-12.582266219478688
Iceland,ISL,1970,526704545.5,414709309.1,27.00572037870368
Iceland,ISL,1971,670251136.4,526704545.5,27.253721678769892
Iceland,ISL,1972,839648790.7,670251136.4,25.273758610817932
Iceland,ISL,1973,1154386886.0,839648790.7,37.484493372235846
Iceland,ISL,1974,1515165330.0,1154386886.0,31.252818996420917
Iceland,ISL,1975,1406875081.0,1515165330.0,-7.147091268251238
Iceland,ISL,1976,1669473116.0,1406875081.0,18.665341262093182
Iceland,ISL,1977,2208509077.0,1669473116.0,32.2877892332589
Iceland,ISL,1978,2511818476.0,2208509077.0,13.733672284109888
Iceland,ISL,1979,2853435054.0,2511818476.0,13.60036886678271
Iceland,ISL,1980,3381389885.0,2853435054.0,18.502430264179416
Iceland,ISL,1981,3493005069.0,3381389885.0,3.300867033852861
Iceland,ISL,1982,3206617991.0,3493005069.0,-8.198873816177677
Iceland,ISL,1983,2765954047.0,3206617991.0,-13.74232743771816
Iceland,ISL,1984,2864437622.0,2765954047.0,3.560564395739574
Iceland,ISL,1985,2984054753.0,2864437622.0,4.175937715707034
Iceland,ISL,1986,3989626784.0,2984054753.0,33.69817628141891
Iceland,ISL,1987,5520320783.0,3989626784.0,38.36684687246175
Iceland,ISL,1988,6106638182.0,5520320783.0,10.621074789812624
Iceland,ISL,1989,5672570278.0,6106638182.0,-7.108132020650315
Iceland,ISL,1990,6468739130.0,5672570278.0,14.035416274837376
Iceland,ISL,1991,6909725408.0,6468739130.0,6.817190632326509
Iceland,ISL,1992,7080977636.0,6909725408.0,2.4784230615261027
Iceland,ISL,1993,6218583218.0,7080977636.0,-12.179030387210222
Iceland,ISL,1994,6389462322.0,6218583218.0,2.747878383381308
Iceland,ISL,1995,7123637089.0,6389462322.0,11.490399817714113
Iceland,ISL,1996,7426082271.0,7123637089.0,4.245656793311703
Iceland,ISL,1997,7569673904.0,7426082271.0,1.9336122030420677
Iceland,ISL,1998,8503689104.0,7569673904.0,12.338909335400094
Iceland,ISL,1999,8982048417.0,8503689104.0,5.625315167919154
Iceland,ISL,2000,9025660362.0,8982048417.0,0.4855456458846996
Iceland,ISL,2001,8234846523.0,9025660362.0,-8.761839104089253
Iceland,ISL,2002,9318398444.0,8234846523.0,13.158131338254208
Iceland,ISL,2003,11429335645.0,9318398444.0,22.65343356678642
Iceland,ISL,2004,13825309101.0,11429335645.0,20.96336594199304
Iceland,ISL,2005,16852971987.0,13825309101.0,21.89942274622276
Iceland,ISL,2006,17465318552.0,16852971987.0,3.6334633765032764
Iceland,ISL,2007,21652505597.0,17465318552.0,23.97429530147628
Iceland,ISL,2008,18074619562.0,21652505597.0,-16.524120125366572
Iceland,ISL,2009,13154416197.0,18074619562.0,-27.221615083640337
Iceland,ISL,2010,13751161918.0,13154416197.0,4.536466780913417
Iceland,ISL,2011,15221622926.0,13751161918.0,10.69335825415012
Iceland,ISL,2012,14751508134.0,15221622926.0,-3.088466941307544
Iceland,ISL,2013,16125060515.0,14751508134.0,9.311267488875718
Iceland,ISL,2014,17867662178.0,16125060515.0,10.806791462140453
Iceland,ISL,2015,17517210519.0,17867662178.0,-1.9613738804145409
Iceland,ISL,2016,20793168031.0,17517210519.0,18.70136519993717
Iceland,ISL,2017,24728285177.0,20793168031.0,18.92504855505055
Iceland,ISL,2018,26260850582.0,24728285177.0,6.197621040157908
Iceland,ISL,2019,24663643102.0,26260850582.0,-6.082085860138797
Iceland,ISL,2020,21553080484.0,24663643102.0,-12.611934924357392
Iceland,ISL,2021,25552639899.0,21553080484.0,18.556787824223477
Iceland,ISL,2022,27841648044.0,25552639899.0,8.958010421027307
IDA & IBRD total,IBT,1960,351000000000.0,,
IDA & IBRD total,IBT,1961,351000000000.0,351000000000.0,0.0
IDA & IBRD total,IBT,1962,362000000000.0,351000000000.0,3.1339031339031376
IDA & IBRD total,IBT,1963,391000000000.0,362000000000.0,8.011049723756901
IDA & IBRD total,IBT,1964,434000000000.0,391000000000.0,10.997442455242968
IDA & IBRD total,IBT,1965,478000000000.0,434000000000.0,10.138248847926267
IDA & IBRD total,IBT,1966,496000000000.0,478000000000.0,3.765690376569042
IDA & IBRD total,IBT,1967,508000000000.0,496000000000.0,2.4193548387096753
IDA & IBRD total,IBT,1968,536000000000.0,508000000000.0,5.5118110236220375
IDA & IBRD total,IBT,1969,599000000000.0,536000000000.0,11.75373134328359
IDA & IBRD total,IBT,1970,658000000000.0,599000000000.0,9.849749582637735
IDA & IBRD total,IBT,1971,710000000000.0,658000000000.0,7.902735562310026
IDA & IBRD total,IBT,1972,791000000000.0,710000000000.0,11.40845070422536
IDA & IBRD total,IBT,1973,1010000000000.0,791000000000.0,27.686472819216192
IDA & IBRD total,IBT,1974,1280000000000.0,1010000000000.0,26.732673267326735
IDA & IBRD total,IBT,1975,1400000000000.0,1280000000000.0,9.375
IDA & IBRD total,IBT,1976,1510000000000.0,1400000000000.0,7.857142857142851
IDA & IBRD total,IBT,1977,1700000000000.0,1510000000000.0,12.58278145695364
IDA & IBRD total,IBT,1978,1890000000000.0,1700000000000.0,11.176470588235299
IDA & IBRD total,IBT,1979,2200000000000.0,1890000000000.0,16.402116402116395
IDA & IBRD total,IBT,1980,2610000000000.0,2200000000000.0,18.63636363636363
IDA & IBRD total,IBT,1981,2940000000000.0,2610000000000.0,12.643678160919535
IDA & IBRD total,IBT,1982,2890000000000.0,2940000000000.0,-1.7006802721088454
IDA & IBRD total,IBT,1983,2780000000000.0,2890000000000.0,-3.806228373702425
IDA & IBRD total,IBT,1984,2850000000000.0,2780000000000.0,2.517985611510798
IDA & IBRD total,IBT,1985,2950000000000.0,2850000000000.0,3.5087719298245723
IDA & IBRD total,IBT,1986,3060000000000.0,2950000000000.0,3.7288135593220417
IDA & IBRD total,IBT,1987,3170000000000.0,3060000000000.0,3.594771241830075
IDA & IBRD total,IBT,1988,3360000000000.0,3170000000000.0,5.993690851735023
IDA & IBRD total,IBT,1989,3500000000000.0,3360000000000.0,4.166666666666674
IDA & IBRD total,IBT,1990,4020000000000.0,3500000000000.0,14.857142857142858
IDA & IBRD total,IBT,1991,3920000000000.0,4020000000000.0,-2.487562189054726
IDA & IBRD total,IBT,1992,4060000000000.0,3920000000000.0,3.571428571428581
IDA & IBRD total,IBT,1993,4330000000000.0,4060000000000.0,6.650246305418728
IDA & IBRD total,IBT,1994,4690000000000.0,4330000000000.0,8.314087759815237
IDA & IBRD total,IBT,1995,5300000000000.0,4690000000000.0,13.006396588486147
IDA & IBRD total,IBT,1996,5810000000000.0,5300000000000.0,9.622641509433972
IDA & IBRD total,IBT,1997,6150000000000.0,5810000000000.0,5.851979345955249
IDA & IBRD total,IBT,1998,5990000000000.0,6150000000000.0,-2.601626016260161
IDA & IBRD total,IBT,1999,5860000000000.0,5990000000000.0,-2.170283806343909
IDA & IBRD total,IBT,2000,6390000000000.0,5860000000000.0,9.044368600682585
IDA & IBRD total,IBT,2001,6470000000000.0,6390000000000.0,1.2519561815336422
IDA & IBRD total,IBT,2002,6600000000000.0,6470000000000.0,2.0092735703245657
IDA & IBRD total,IBT,2003,7410000000000.0,6600000000000.0,12.27272727272728
IDA & IBRD total,IBT,2004,8820000000000.0,7410000000000.0,19.028340080971653
IDA & IBRD total,IBT,2005,10500000000000.0,8820000000000.0,19.047619047619047
IDA & IBRD total,IBT,2006,12500000000000.0,10500000000000.0,19.047619047619047
IDA & IBRD total,IBT,2007,15400000000000.0,12500000000000.0,23.2
IDA & IBRD total,IBT,2008,18500000000000.0,15400000000000.0,20.12987012987013
IDA & IBRD total,IBT,2009,18000000000000.0,18500000000000.0,-2.7027027027026973
IDA & IBRD total,IBT,2010,21800000000000.0,18000000000000.0,21.111111111111104
IDA & IBRD total,IBT,2011,25500000000000.0,21800000000000.0,16.972477064220183
IDA & IBRD total,IBT,2012,27100000000000.0,25500000000000.0,6.2745098039215685
IDA & IBRD total,IBT,2013,28700000000000.0,27100000000000.0,5.904059040590415
IDA & IBRD total,IBT,2014,29700000000000.0,28700000000000.0,3.4843205574912828
IDA & IBRD total,IBT,2015,27900000000000.0,29700000000000.0,-6.060606060606055
IDA & IBRD total,IBT,2016,28200000000000.0,27900000000000.0,1.0752688172043001
IDA & IBRD total,IBT,2017,31000000000000.0,28200000000000.0,9.92907801418439
IDA & IBRD total,IBT,2018,32900000000000.0,31000000000000.0,6.129032258064515
IDA & IBRD total,IBT,2019,33600000000000.0,32900000000000.0,2.127659574468077
IDA & IBRD total,IBT,2020,32500000000000.0,33600000000000.0,-3.2738095238095233
IDA & IBRD total,IBT,2021,38200000000000.0,32500000000000.0,17.538461538461547
IDA & IBRD total,IBT,2022,40400000000000.0,38200000000000.0,5.759162303664911
IDA blend,IDB,1960,12063716104.0,,
IDA blend,IDB,1961,12910262578.0,12063716104.0,7.017294395043905
IDA blend,IDB,1962,13806159756.0,12910262578.0,6.939418718924206
IDA blend,IDB,1963,14612004568.0,13806159756.0,5.836849828206492
IDA blend,IDB,1964,15945614584.0,14612004568.0,9.126810834158782
IDA blend,IDB,1965,17314264919.0,15945614584.0,8.583239785397279
IDA blend,IDB,1966,18833729125.0,17314264919.0,8.775793908135254
IDA blend,IDB,1967,18930485111.0,18833729125.0,0.5137378017801453
IDA blend,IDB,1968,19982447045.0,18930485111.0,5.556972934564319
IDA blend,IDB,1969,22860809160.0,19982447045.0,14.404452610423512
IDA blend,IDB,1970,31424774715.0,22860809160.0,37.46134047601664
IDA blend,IDB,1971,29185227706.0,31424774715.0,-7.1266923289381445
IDA blend,IDB,1972,32770575917.0,29185227706.0,12.284804652262181
IDA blend,IDB,1973,34960184147.0,32770575917.0,6.681628774379034
IDA blend,IDB,1974,50396527690.0,34960184147.0,44.15406817679654
IDA blend,IDB,1975,57971333194.0,50396527690.0,15.03041152079816
IDA blend,IDB,1976,69959421027.0,57971333194.0,20.67933782526974
IDA blend,IDB,1977,73756383700.0,69959421027.0,5.4273786393037815
IDA blend,IDB,1978,80183338760.0,73756383700.0,8.71376108424904
IDA blend,IDB,1979,98426900974.0,80183338760.0,22.752310512543694
IDA blend,IDB,1980,126000000000.0,98426900974.0,28.013783582684958
IDA blend,IDB,1981,243000000000.0,126000000000.0,92.85714285714286
IDA blend,IDB,1982,222000000000.0,243000000000.0,-8.64197530864198
IDA blend,IDB,1983,169000000000.0,222000000000.0,-23.873873873873876
IDA blend,IDB,1984,145000000000.0,169000000000.0,-14.201183431952657
IDA blend,IDB,1985,145000000000.0,145000000000.0,0.0
IDA blend,IDB,1986,131000000000.0,145000000000.0,-9.6551724137931
IDA blend,IDB,1987,134000000000.0,131000000000.0,2.2900763358778553
IDA blend,IDB,1988,138000000000.0,134000000000.0,2.9850746268656803
IDA blend,IDB,1989,133000000000.0,138000000000.0,-3.6231884057971064
IDA blend,IDB,1990,146000000000.0,133000000000.0,9.774436090225569
IDA blend,IDB,1991,147000000000.0,146000000000.0,0.6849315068493178
IDA blend,IDB,1992,148000000000.0,147000000000.0,0.6802721088435382
IDA blend,IDB,1993,133000000000.0,148000000000.0,-10.135135135135132
IDA blend,IDB,1994,133000000000.0,133000000000.0,0.0
IDA blend,IDB,1995,156000000000.0,133000000000.0,17.29323308270676
IDA blend,IDB,1996,172000000000.0,156000000000.0,10.256410256410264
IDA blend,IDB,1997,176000000000.0,172000000000.0,2.3255813953488413
IDA blend,IDB,1998,174000000000.0,176000000000.0,-1.1363636363636354
IDA blend,IDB,1999,182000000000.0,174000000000.0,4.597701149425282
IDA blend,IDB,2000,207000000000.0,182000000000.0,13.736263736263732
IDA blend,IDB,2001,206000000000.0,207000000000.0,-0.48309178743961567
IDA blend,IDB,2002,228000000000.0,206000000000.0,10.679611650485432
IDA blend,IDB,2003,256000000000.0,228000000000.0,12.280701754385959
IDA blend,IDB,2004,312000000000.0,256000000000.0,21.875
IDA blend,IDB,2005,373000000000.0,312000000000.0,19.551282051282048
IDA blend,IDB,2006,469000000000.0,373000000000.0,25.737265415549594
IDA blend,IDB,2007,541000000000.0,469000000000.0,15.35181236673775
IDA blend,IDB,2008,640000000000.0,541000000000.0,18.29944547134936
IDA blend,IDB,2009,607000000000.0,640000000000.0,-5.156249999999996
IDA blend,IDB,2010,716000000000.0,607000000000.0,17.95716639209226
IDA blend,IDB,2011,824000000000.0,716000000000.0,15.083798882681565
IDA blend,IDB,2012,909000000000.0,824000000000.0,10.315533980582515
IDA blend,IDB,2013,990000000000.0,909000000000.0,8.910891089108919
IDA blend,IDB,2014,1080000000000.0,990000000000.0,9.090909090909083
IDA blend,IDB,2015,1020000000000.0,1080000000000.0,-5.555555555555558
IDA blend,IDB,2016,977000000000.0,1020000000000.0,-4.2156862745098
IDA blend,IDB,2017,960000000000.0,977000000000.0,-1.7400204708290734
IDA blend,IDB,2018,1050000000000.0,960000000000.0,9.375
IDA blend,IDB,2019,1070000000000.0,1050000000000.0,1.904761904761898
IDA blend,IDB,2020,1000000000000.0,1070000000000.0,-6.542056074766355
IDA blend,IDB,2021,1100000000000.0,1000000000000.0,10.000000000000009
IDA blend,IDB,2022,1170000000000.0,1100000000000.0,6.363636363636371
IDA only,IDX,1960,27105173973.0,,
IDA only,IDX,1961,28350259477.0,27105173973.0,4.593534449327841
IDA only,IDX,1962,30520380944.0,28350259477.0,7.654679382248952
IDA only,IDX,1963,34907257225.0,30520380944.0,14.373596086658335
IDA only,IDX,1964,32277415321.0,34907257225.0,-7.533797018336208
IDA only,IDX,1965,37261044148.0,32277415321.0,15.439987302073721
IDA only,IDX,1966,40278560201.0,37261044148.0,8.098313190082651
IDA only,IDX,1967,40746948797.0,40278560201.0,1.1628732349483917
IDA only,IDX,1968,42761290418.0,40746948797.0,4.943539775297978
IDA only,IDX,1969,47485002147.0,42761290418.0,11.046700608949811
IDA only,IDX,1970,49639453169.0,47485002147.0,4.537118931426876
IDA only,IDX,1971,52395188462.0,49639453169.0,5.551502115903584
IDA only,IDX,1972,52164084219.0,52395188462.0,-0.44107913299635815
IDA only,IDX,1973,63843359723.0,52164084219.0,22.38949591248838
IDA only,IDX,1974,80855093444.0,63843359723.0,26.646050262407183
IDA only,IDX,1975,98887800680.0,80855093444.0,22.30250002554186
IDA only,IDX,1976,91502332692.0,98887800680.0,-7.468532960804042
IDA only,IDX,1977,103000000000.0,91502332692.0,12.565436278768471
IDA only,IDX,1978,121000000000.0,103000000000.0,17.475728155339798
IDA only,IDX,1979,134000000000.0,121000000000.0,10.743801652892571
IDA only,IDX,1980,150000000000.0,134000000000.0,11.940298507462677
IDA only,IDX,1981,155000000000.0,150000000000.0,3.3333333333333437
IDA only,IDX,1982,153000000000.0,155000000000.0,-1.2903225806451646
IDA only,IDX,1983,149000000000.0,153000000000.0,-2.614379084967322
IDA only,IDX,1984,151000000000.0,149000000000.0,1.342281879194629
IDA only,IDX,1985,157000000000.0,151000000000.0,3.9735099337748325
IDA only,IDX,1986,176000000000.0,157000000000.0,12.101910828025474
IDA only,IDX,1987,197000000000.0,176000000000.0,11.931818181818187
IDA only,IDX,1988,190000000000.0,197000000000.0,-3.5532994923857864
IDA only,IDX,1989,200000000000.0,190000000000.0,5.263157894736836
IDA only,IDX,1990,233000000000.0,200000000000.0,16.500000000000004
IDA only,IDX,1991,252000000000.0,233000000000.0,8.15450643776825
IDA only,IDX,1992,214000000000.0,252000000000.0,-15.07936507936508
IDA only,IDX,1993,220000000000.0,214000000000.0,2.8037383177569986
IDA only,IDX,1994,219000000000.0,220000000000.0,-0.4545454545454519
IDA only,IDX,1995,249000000000.0,219000000000.0,13.698630136986312
IDA only,IDX,1996,284000000000.0,249000000000.0,14.05622489959839
IDA only,IDX,1997,300000000000.0,284000000000.0,5.633802816901401
IDA only,IDX,1998,312000000000.0,300000000000.0,4.0000000000000036
IDA only,IDX,1999,319000000000.0,312000000000.0,2.2435897435897356
IDA only,IDX,2000,347000000000.0,319000000000.0,8.777429467084641
IDA only,IDX,2001,350000000000.0,347000000000.0,0.8645533141210304
IDA only,IDX,2002,370000000000.0,350000000000.0,5.714285714285716
IDA only,IDX,2003,409000000000.0,370000000000.0,10.540540540540544
IDA only,IDX,2004,469000000000.0,409000000000.0,14.66992665036675
IDA only,IDX,2005,540000000000.0,469000000000.0,15.138592750533043
IDA only,IDX,2006,621000000000.0,540000000000.0,14.999999999999991
IDA only,IDX,2007,733000000000.0,621000000000.0,18.035426731078896
IDA only,IDX,2008,882000000000.0,733000000000.0,20.32742155525238
IDA only,IDX,2009,909000000000.0,882000000000.0,3.0612244897959107
IDA only,IDX,2010,1040000000000.0,909000000000.0,14.411441144114413
IDA only,IDX,2011,958000000000.0,1040000000000.0,-7.88461538461539
IDA only,IDX,2012,966000000000.0,958000000000.0,0.8350730688935215
IDA only,IDX,2013,1050000000000.0,966000000000.0,8.695652173913038
IDA only,IDX,2014,1120000000000.0,1050000000000.0,6.666666666666665
IDA only,IDX,2015,1130000000000.0,1120000000000.0,0.8928571428571397
IDA only,IDX,2016,1210000000000.0,1130000000000.0,7.079646017699126
IDA only,IDX,2017,1330000000000.0,1210000000000.0,9.917355371900815
IDA only,IDX,2018,1320000000000.0,1330000000000.0,-0.7518796992481258
IDA only,IDX,2019,1390000000000.0,1320000000000.0,5.303030303030298
IDA only,IDX,2020,1410000000000.0,1390000000000.0,1.4388489208633004
IDA only,IDX,2021,1530000000000.0,1410000000000.0,8.51063829787233
IDA only,IDX,2022,1640000000000.0,1530000000000.0,7.189542483660127
IDA total,IDA,1960,38320022083.0,,
IDA total,IDA,1961,40400043936.0,38320022083.0,5.428028847412292
IDA total,IDA,1962,43393750352.0,40400043936.0,7.410156337311169
IDA total,IDA,1963,48370130959.0,43393750352.0,11.467966162483666
IDA total,IDA,1964,47330394530.0,48370130959.0,-2.1495423071757114
IDA total,IDA,1965,53468536046.0,47330394530.0,12.968709804667666
IDA total,IDA,1966,57924073848.0,53468536046.0,8.333008777660966
IDA total,IDA,1967,58466985790.0,57924073848.0,0.9372820417028471
IDA total,IDA,1968,61480692437.0,58466985790.0,5.154544237708003
IDA total,IDA,1969,68985085299.0,61480692437.0,12.206096848518477
IDA total,IDA,1970,80115065650.0,68985085299.0,16.13389372899905
IDA total,IDA,1971,80333811804.0,80115065650.0,0.273039973474698
IDA total,IDA,1972,83918830281.0,80333811804.0,4.462652022222979
IDA total,IDA,1973,97248051627.0,83918830281.0,15.883468944177913
IDA total,IDA,1974,130000000000.0,97248051627.0,33.67877075689065
IDA total,IDA,1975,155000000000.0,130000000000.0,19.23076923076923
IDA total,IDA,1976,161000000000.0,155000000000.0,3.8709677419354938
IDA total,IDA,1977,175000000000.0,161000000000.0,8.695652173913038
IDA total,IDA,1978,199000000000.0,175000000000.0,13.714285714285722
IDA total,IDA,1979,231000000000.0,199000000000.0,16.080402010050253
IDA total,IDA,1980,276000000000.0,231000000000.0,19.480519480519476
IDA total,IDA,1981,403000000000.0,276000000000.0,46.014492753623195
IDA total,IDA,1982,380000000000.0,403000000000.0,-5.707196029776673
IDA total,IDA,1983,320000000000.0,380000000000.0,-15.789473684210531
IDA total,IDA,1984,297000000000.0,320000000000.0,-7.187500000000002
IDA total,IDA,1985,303000000000.0,297000000000.0,2.020202020202011
IDA total,IDA,1986,307000000000.0,303000000000.0,1.320132013201314
IDA total,IDA,1987,331000000000.0,307000000000.0,7.817589576547235
IDA total,IDA,1988,328000000000.0,331000000000.0,-0.9063444108761365
IDA total,IDA,1989,332000000000.0,328000000000.0,1.2195121951219523
IDA total,IDA,1990,379000000000.0,332000000000.0,14.156626506024095
IDA total,IDA,1991,398000000000.0,379000000000.0,5.013192612137196
IDA total,IDA,1992,362000000000.0,398000000000.0,-9.045226130653262
IDA total,IDA,1993,353000000000.0,362000000000.0,-2.4861878453038666
IDA total,IDA,1994,351000000000.0,353000000000.0,-0.5665722379603388
IDA total,IDA,1995,405000000000.0,351000000000.0,15.384615384615374
IDA total,IDA,1996,456000000000.0,405000000000.0,12.592592592592599
IDA total,IDA,1997,475000000000.0,456000000000.0,4.166666666666674
IDA total,IDA,1998,484000000000.0,475000000000.0,1.8947368421052602
IDA total,IDA,1999,499000000000.0,484000000000.0,3.0991735537190035
IDA total,IDA,2000,553000000000.0,499000000000.0,10.821643286573156
IDA total,IDA,2001,556000000000.0,553000000000.0,0.5424954792043302
IDA total,IDA,2002,597000000000.0,556000000000.0,7.374100719424459
IDA total,IDA,2003,665000000000.0,597000000000.0,11.390284757118918
IDA total,IDA,2004,780000000000.0,665000000000.0,17.29323308270676
IDA total,IDA,2005,912000000000.0,780000000000.0,16.92307692307693
IDA total,IDA,2006,1090000000000.0,912000000000.0,19.517543859649123
IDA total,IDA,2007,1270000000000.0,1090000000000.0,16.5137614678899
IDA total,IDA,2008,1520000000000.0,1270000000000.0,19.685039370078748
IDA total,IDA,2009,1520000000000.0,1520000000000.0,0.0
IDA total,IDA,2010,1750000000000.0,1520000000000.0,15.131578947368428
IDA total,IDA,2011,1780000000000.0,1750000000000.0,1.7142857142857126
IDA total,IDA,2012,1880000000000.0,1780000000000.0,5.617977528089879
IDA total,IDA,2013,2040000000000.0,1880000000000.0,8.51063829787233
IDA total,IDA,2014,2200000000000.0,2040000000000.0,7.843137254901955
IDA total,IDA,2015,2150000000000.0,2200000000000.0,-2.2727272727272707
IDA total,IDA,2016,2190000000000.0,2150000000000.0,1.8604651162790642
IDA total,IDA,2017,2290000000000.0,2190000000000.0,4.566210045662111
IDA total,IDA,2018,2370000000000.0,2290000000000.0,3.493449781659397
IDA total,IDA,2019,2460000000000.0,2370000000000.0,3.797468354430378
IDA total,IDA,2020,2410000000000.0,2460000000000.0,-2.0325203252032575
IDA total,IDA,2021,2630000000000.0,2410000000000.0,9.12863070539418
IDA total,IDA,2022,2810000000000.0,2630000000000.0,6.844106463878319
India,IND,1960,37029883847.0,,
India,IND,1961,39232435753.0,37029883847.0,5.948038927425481
India,IND,1962,42161481825.0,39232435753.0,7.465878719436958
India,IND,1963,48421923421.0,42161481825.0,14.8487228745547
India,IND,1964,56480289896.0,48421923421.0,16.641979305401122
India,IND,1965,59554854576.0,56480289896.0,5.443606407936907
India,IND,1966,45865462034.0,59554854576.0,-22.986190864643106
India,IND,1967,50134942161.0,45865462034.0,9.308704061097295
India,IND,1968,53085455825.0,50134942161.0,5.885144246352003
India,IND,1969,58447994967.0,53085455825.0,10.101710644960814
India,IND,1970,62422483001.0,58447994967.0,6.800041705868631
India,IND,1971,67351407965.0,62422483001.0,7.896073220799371
India,IND,1972,71463193831.0,67351407965.0,6.104973882857423
India,IND,1973,85515269585.0,71463193831.0,19.66337494967143
India,IND,1974,99525899116.0,85515269585.0,16.38377520060765
India,IND,1975,98472796457.0,99525899116.0,-1.0581192115356686
India,IND,1976,103000000000.0,98472796457.0,4.597415434400598
India,IND,1977,121000000000.0,103000000000.0,17.475728155339798
India,IND,1978,137000000000.0,121000000000.0,13.223140495867769
India,IND,1979,153000000000.0,137000000000.0,11.678832116788328
India,IND,1980,186000000000.0,153000000000.0,21.568627450980383
India,IND,1981,193000000000.0,186000000000.0,3.7634408602150504
India,IND,1982,201000000000.0,193000000000.0,4.145077720207246
India,IND,1983,218000000000.0,201000000000.0,8.457711442786064
India,IND,1984,212000000000.0,218000000000.0,-2.752293577981646
India,IND,1985,233000000000.0,212000000000.0,9.905660377358494
India,IND,1986,249000000000.0,233000000000.0,6.866952789699576
India,IND,1987,279000000000.0,249000000000.0,12.04819277108433
India,IND,1988,297000000000.0,279000000000.0,6.451612903225801
India,IND,1989,296000000000.0,297000000000.0,-0.33670033670033517
India,IND,1990,321000000000.0,296000000000.0,8.445945945945944
India,IND,1991,270000000000.0,321000000000.0,-15.887850467289722
India,IND,1992,288000000000.0,270000000000.0,6.666666666666665
India,IND,1993,279000000000.0,288000000000.0,-3.125
India,IND,1994,327000000000.0,279000000000.0,17.204301075268823
India,IND,1995,360000000000.0,327000000000.0,10.091743119266061
India,IND,1996,393000000000.0,360000000000.0,9.166666666666657
India,IND,1997,416000000000.0,393000000000.0,5.852417302798973
India,IND,1998,421000000000.0,416000000000.0,1.2019230769230838
India,IND,1999,459000000000.0,421000000000.0,9.026128266033261
India,IND,2000,468000000000.0,459000000000.0,1.9607843137254832
India,IND,2001,485000000000.0,468000000000.0,3.6324786324786418
India,IND,2002,515000000000.0,485000000000.0,6.185567010309279
India,IND,2003,608000000000.0,515000000000.0,18.058252427184463
India,IND,2004,709000000000.0,608000000000.0,16.611842105263165
India,IND,2005,820000000000.0,709000000000.0,15.655853314527501
India,IND,2006,940000000000.0,820000000000.0,14.634146341463406
India,IND,2007,1220000000000.0,940000000000.0,29.78723404255319
India,IND,2008,1200000000000.0,1220000000000.0,-1.6393442622950838
India,IND,2009,1340000000000.0,1200000000000.0,11.66666666666667
India,IND,2010,1680000000000.0,1340000000000.0,25.373134328358216
India,IND,2011,1820000000000.0,1680000000000.0,8.333333333333325
India,IND,2012,1830000000000.0,1820000000000.0,0.5494505494505475
India,IND,2013,1860000000000.0,1830000000000.0,1.6393442622950838
India,IND,2014,2040000000000.0,1860000000000.0,9.677419354838701
India,IND,2015,2100000000000.0,2040000000000.0,2.941176470588225
India,IND,2016,2290000000000.0,2100000000000.0,9.047619047619037
India,IND,2017,2650000000000.0,2290000000000.0,15.720524017467241
India,IND,2018,2700000000000.0,2650000000000.0,1.8867924528301883
India,IND,2019,2840000000000.0,2700000000000.0,5.185185185185182
India,IND,2020,2670000000000.0,2840000000000.0,-5.98591549295775
India,IND,2021,3150000000000.0,2670000000000.0,17.97752808988764
India,IND,2022,3390000000000.0,3150000000000.0,7.619047619047614
Indonesia,IDN,1967,5667756645.0,,
Indonesia,IDN,1968,7076465295.0,5667756645.0,24.854783616066854
Indonesia,IDN,1969,8337423313.0,7076465295.0,17.819037689493822
Indonesia,IDN,1970,9150684932.0,8337423313.0,9.754352015831259
Indonesia,IDN,1971,9333536360.0,9150684932.0,1.9982266831258366
Indonesia,IDN,1972,10997590361.0,9333536360.0,17.828762184197466
Indonesia,IDN,1973,16273253012.0,10997590361.0,47.9710780073126
Indonesia,IDN,1974,25802409639.0,16273253012.0,58.55717120586241
Indonesia,IDN,1975,30463855422.0,25802409639.0,18.06593201262214
Indonesia,IDN,1976,37269156627.0,30463855422.0,22.338936128502752
Indonesia,IDN,1977,45808915663.0,37269156627.0,22.913743719688284
Indonesia,IDN,1978,51455719100.0,45808915663.0,12.326865535393882
Indonesia,IDN,1979,51400186379.0,51455719100.0,-0.10792332119987647
Indonesia,IDN,1980,72482337371.0,51400186379.0,41.01570923605309
Indonesia,IDN,1981,85518233450.0,72482337371.0,17.984927848388654
Indonesia,IDN,1982,90158449307.0,85518233450.0,5.425995919002458
Indonesia,IDN,1983,81052283404.0,90158449307.0,-10.100180263740388
Indonesia,IDN,1984,84853699995.0,81052283404.0,4.690079577464923
Indonesia,IDN,1985,85289488375.0,84853699995.0,0.5135761670094219
Indonesia,IDN,1986,79954072569.0,85289488375.0,-6.255654603696648
Indonesia,IDN,1987,75929617576.0,79954072569.0,-5.033458413924963
Indonesia,IDN,1988,84300174476.0,75929617576.0,11.024099906234452
Indonesia,IDN,1989,94451427898.0,84300174476.0,12.041794082988556
Indonesia,IDN,1990,106000000000.0,94451427898.0,12.226995778689066
Indonesia,IDN,1991,117000000000.0,106000000000.0,10.377358490566046
Indonesia,IDN,1992,128000000000.0,117000000000.0,9.401709401709413
Indonesia,IDN,1993,158000000000.0,128000000000.0,23.4375
Indonesia,IDN,1994,177000000000.0,158000000000.0,12.0253164556962
Indonesia,IDN,1995,202000000000.0,177000000000.0,14.124293785310726
Indonesia,IDN,1996,227000000000.0,202000000000.0,12.376237623762387
Indonesia,IDN,1997,216000000000.0,227000000000.0,-4.845814977973573
Indonesia,IDN,1998,95445547873.0,216000000000.0,-55.81224635509259
Indonesia,IDN,1999,140000000000.0,95445547873.0,46.68049282537958
Indonesia,IDN,2000,165000000000.0,140000000000.0,17.85714285714286
Indonesia,IDN,2001,160000000000.0,165000000000.0,-3.0303030303030276
Indonesia,IDN,2002,196000000000.0,160000000000.0,22.500000000000007
Indonesia,IDN,2003,235000000000.0,196000000000.0,19.897959183673475
Indonesia,IDN,2004,257000000000.0,235000000000.0,9.361702127659566
Indonesia,IDN,2005,286000000000.0,257000000000.0,11.284046692607008
Indonesia,IDN,2006,365000000000.0,286000000000.0,27.622377622377627
Indonesia,IDN,2007,432000000000.0,365000000000.0,18.356164383561648
Indonesia,IDN,2008,510000000000.0,432000000000.0,18.055555555555557
Indonesia,IDN,2009,540000000000.0,510000000000.0,5.882352941176472
Indonesia,IDN,2010,755000000000.0,540000000000.0,39.81481481481482
Indonesia,IDN,2011,893000000000.0,755000000000.0,18.278145695364234
Indonesia,IDN,2012,918000000000.0,893000000000.0,2.799552071668532
Indonesia,IDN,2013,913000000000.0,918000000000.0,-0.5446623093681935
Indonesia,IDN,2014,891000000000.0,913000000000.0,-2.409638554216864
Indonesia,IDN,2015,861000000000.0,891000000000.0,-3.367003367003363
Indonesia,IDN,2016,932000000000.0,861000000000.0,8.24622531939605
Indonesia,IDN,2017,1020000000000.0,932000000000.0,9.4420600858369
Indonesia,IDN,2018,1040000000000.0,1020000000000.0,1.9607843137254832
Indonesia,IDN,2019,1120000000000.0,1040000000000.0,7.692307692307687
Indonesia,IDN,2020,1060000000000.0,1120000000000.0,-5.35714285714286
Indonesia,IDN,2021,1190000000000.0,1060000000000.0,12.264150943396235
Indonesia,IDN,2022,1320000000000.0,1190000000000.0,10.924369747899165
"Iran, Islamic Rep.",IRN,1960,4199134386.0,,
"Iran, Islamic Rep.",IRN,1961,4426949090.0,4199134386.0,5.425277761043779
"Iran, Islamic Rep.",IRN,1962,4693566412.0,4426949090.0,6.022597427249843
"Iran, Islamic Rep.",IRN,1963,4928628013.0,4693566412.0,5.00816608025445
"Iran, Islamic Rep.",IRN,1964,5379845642.0,4928628013.0,9.155035190520477
"Iran, Islamic Rep.",IRN,1965,6197319923.0,5379845642.0,15.19512520244164
"Iran, Islamic Rep.",IRN,1966,6789938665.0,6197319923.0,9.562500393123564
"Iran, Islamic Rep.",IRN,1967,7555383683.0,6789938665.0,11.273224336261368
"Iran, Islamic Rep.",IRN,1968,8623172951.0,7555383683.0,14.132826508898289
"Iran, Islamic Rep.",IRN,1969,9743089598.0,8623172951.0,12.98729195580064
"Iran, Islamic Rep.",IRN,1970,10976245143.0,9743089598.0,12.656719745789214
"Iran, Islamic Rep.",IRN,1971,13731802908.0,10976245143.0,25.1047396363713
"Iran, Islamic Rep.",IRN,1972,17153463263.0,13731802908.0,24.917779390837147
"Iran, Islamic Rep.",IRN,1973,27081698250.0,17153463263.0,57.87889497752441
"Iran, Islamic Rep.",IRN,1974,46209092072.0,27081698250.0,70.62848734753922
"Iran, Islamic Rep.",IRN,1975,51776222350.0,46209092072.0,12.047694573452471
"Iran, Islamic Rep.",IRN,1976,68055295081.0,51776222350.0,31.441213731190643
"Iran, Islamic Rep.",IRN,1977,80600122702.0,68055295081.0,18.433286647378488
"Iran, Islamic Rep.",IRN,1978,77994316621.0,80600122702.0,-3.233005104265607
"Iran, Islamic Rep.",IRN,1979,90391877326.0,77994316621.0,15.895466800797564
"Iran, Islamic Rep.",IRN,1980,94362275580.0,90391877326.0,4.392428137852122
"Iran, Islamic Rep.",IRN,1981,100000000000.0,94362275580.0,5.974553268610361
"Iran, Islamic Rep.",IRN,1982,126000000000.0,100000000000.0,26.0
"Iran, Islamic Rep.",IRN,1983,156000000000.0,126000000000.0,23.809523809523814
"Iran, Islamic Rep.",IRN,1984,162000000000.0,156000000000.0,3.8461538461538547
"Iran, Islamic Rep.",IRN,1985,180000000000.0,162000000000.0,11.111111111111116
"Iran, Islamic Rep.",IRN,1986,209000000000.0,180000000000.0,16.11111111111112
"Iran, Islamic Rep.",IRN,1987,134000000000.0,209000000000.0,-35.88516746411483
"Iran, Islamic Rep.",IRN,1988,123000000000.0,134000000000.0,-8.208955223880599
"Iran, Islamic Rep.",IRN,1989,120000000000.0,123000000000.0,-2.4390243902439046
"Iran, Islamic Rep.",IRN,1990,125000000000.0,120000000000.0,4.166666666666674
"Iran, Islamic Rep.",IRN,1993,63743623232.0,125000000000.0,-49.0051014144
"Iran, Islamic Rep.",IRN,1994,71841461173.0,63743623232.0,12.703761616322428
"Iran, Islamic Rep.",IRN,1995,96419225744.0,71841461173.0,34.211114542638235
"Iran, Islamic Rep.",IRN,1996,120000000000.0,96419225744.0,24.456506546327873
"Iran, Islamic Rep.",IRN,1997,114000000000.0,120000000000.0,-5.000000000000004
"Iran, Islamic Rep.",IRN,1998,110000000000.0,114000000000.0,-3.508771929824561
"Iran, Islamic Rep.",IRN,1999,114000000000.0,110000000000.0,3.6363636363636376
"Iran, Islamic Rep.",IRN,2000,110000000000.0,114000000000.0,-3.508771929824561
"Iran, Islamic Rep.",IRN,2001,127000000000.0,110000000000.0,15.454545454545453
"Iran, Islamic Rep.",IRN,2002,129000000000.0,127000000000.0,1.5748031496062964
"Iran, Islamic Rep.",IRN,2003,154000000000.0,129000000000.0,19.379844961240302
"Iran, Islamic Rep.",IRN,2004,190000000000.0,154000000000.0,23.376623376623385
"Iran, Islamic Rep.",IRN,2005,226000000000.0,190000000000.0,18.947368421052623
"Iran, Islamic Rep.",IRN,2006,266000000000.0,226000000000.0,17.699115044247794
"Iran, Islamic Rep.",IRN,2007,350000000000.0,266000000000.0,31.578947368421062
"Iran, Islamic Rep.",IRN,2008,412000000000.0,350000000000.0,17.714285714285705
"Iran, Islamic Rep.",IRN,2009,416000000000.0,412000000000.0,0.9708737864077666
"Iran, Islamic Rep.",IRN,2010,487000000000.0,416000000000.0,17.067307692307686
"Iran, Islamic Rep.",IRN,2011,626000000000.0,487000000000.0,28.542094455852162
"Iran, Islamic Rep.",IRN,2012,644000000000.0,626000000000.0,2.8753993610223683
"Iran, Islamic Rep.",IRN,2013,493000000000.0,644000000000.0,-23.447204968944103
"Iran, Islamic Rep.",IRN,2014,460000000000.0,493000000000.0,-6.693711967545635
"Iran, Islamic Rep.",IRN,2015,408000000000.0,460000000000.0,-11.304347826086957
"Iran, Islamic Rep.",IRN,2016,458000000000.0,408000000000.0,12.254901960784315
"Iran, Islamic Rep.",IRN,2017,487000000000.0,458000000000.0,6.331877729257651
"Iran, Islamic Rep.",IRN,2018,328000000000.0,487000000000.0,-32.648870636550306
"Iran, Islamic Rep.",IRN,2019,284000000000.0,328000000000.0,-13.414634146341465
"Iran, Islamic Rep.",IRN,2020,240000000000.0,284000000000.0,-15.492957746478876
"Iran, Islamic Rep.",IRN,2021,359000000000.0,240000000000.0,49.583333333333336
"Iran, Islamic Rep.",IRN,2022,389000000000.0,359000000000.0,8.356545961002793
Iraq,IRQ,1960,1683918769.0,,
Iraq,IRQ,1961,1831479831.0,1683918769.0,8.762956071071626
Iraq,IRQ,1962,1954399502.0,1831479831.0,6.711494656912764
Iraq,IRQ,1963,1978199492.0,1954399502.0,1.217764841612201
Iraq,IRQ,1964,2340239348.0,1978199492.0,18.30148362003523
Iraq,IRQ,1968,2896598847.0,2340239348.0,23.77361527039841
Iraq,IRQ,1969,3007758802.0,2896598847.0,3.837602680644858
Iraq,IRQ,1970,3281318693.0,3007758802.0,9.095140568389226
Iraq,IRQ,1971,3865346535.0,3281318693.0,17.798571142934083
Iraq,IRQ,1972,4113848002.0,3865346535.0,6.428957009413394
Iraq,IRQ,1973,5134367778.0,4113848002.0,24.8069392817591
Iraq,IRQ,1974,11516762614.0,5134367778.0,124.3073171218394
Iraq,IRQ,1975,13458516763.0,11516762614.0,16.860242883182863
Iraq,IRQ,1976,17754825601.0,13458516763.0,31.92260271808973
Iraq,IRQ,1977,19838130715.0,17754825601.0,11.733740228249069
Iraq,IRQ,1978,23762275652.0,19838130715.0,19.78082004486883
Iraq,IRQ,1979,37816457839.0,23762275652.0,59.14493372951466
Iraq,IRQ,1980,52569000000.0,37816457839.0,39.010904257102965
Iraq,IRQ,1981,37823000000.0,52569000000.0,-28.050752344537656
Iraq,IRQ,1982,42382333333.0,37823000000.0,12.05439371017636
Iraq,IRQ,1983,40712903226.0,42382333333.0,-3.9389763982157544
Iraq,IRQ,1984,46938387097.0,40712903226.0,15.29118136439922
Iraq,IRQ,1985,48425161290.0,46938387097.0,3.1675016653800236
Iraq,IRQ,1986,47264516129.0,48425161290.0,-2.396781198206721
Iraq,IRQ,1987,56774193548.0,47264516129.0,20.12012011938311
Iraq,IRQ,1988,62684516129.0,56774193548.0,10.410227273423246
Iraq,IRQ,1989,65831935484.0,62684516129.0,5.0210475399105725
Iraq,IRQ,1990,180000000000.0,65831935484.0,173.4235271629645
Iraq,IRQ,1991,407796349.7,180000000000.0,-99.7734464723889
Iraq,IRQ,1992,553671957.7,407796349.7,35.7716806703432
Iraq,IRQ,1993,1031944881.0,553671957.7,86.38200231176344
Iraq,IRQ,1994,3991349283.0,1031944881.0,286.7793092914233
Iraq,IRQ,1995,12894029888.0,3991349283.0,223.04939943287846
Iraq,IRQ,1996,10433698621.0,12894029888.0,-19.081166154964013
Iraq,IRQ,1997,20764857056.0,10433698621.0,99.01722112431332
Iraq,IRQ,1998,20617405044.0,20764857056.0,-0.7101036698800356
Iraq,IRQ,1999,36881601584.0,20617405044.0,78.88575941196414
Iraq,IRQ,2000,48364250944.0,36881601584.0,31.133814332459497
Iraq,IRQ,2001,36176430129.0,48364250944.0,-25.200061154905583
Iraq,IRQ,2002,32928454672.0,36176430129.0,-8.97815358071037
Iraq,IRQ,2003,21921569479.0,32928454672.0,-33.426667915756965
Iraq,IRQ,2004,36627901762.0,21921569479.0,67.08612855976432
Iraq,IRQ,2005,49954890353.0,36627901762.0,36.38479942857722
Iraq,IRQ,2006,65140147197.0,49954890353.0,30.39793849349939
Iraq,IRQ,2007,88837055195.0,65140147197.0,36.378345793930514
Iraq,IRQ,2008,132000000000.0,88837055195.0,48.5866451901811
Iraq,IRQ,2009,112000000000.0,132000000000.0,-15.151515151515149
Iraq,IRQ,2010,139000000000.0,112000000000.0,24.10714285714286
Iraq,IRQ,2011,186000000000.0,139000000000.0,33.81294964028776
Iraq,IRQ,2012,218000000000.0,186000000000.0,17.204301075268823
Iraq,IRQ,2013,235000000000.0,218000000000.0,7.798165137614688
Iraq,IRQ,2014,228000000000.0,235000000000.0,-2.9787234042553234
Iraq,IRQ,2015,167000000000.0,228000000000.0,-26.754385964912288
Iraq,IRQ,2016,167000000000.0,167000000000.0,0.0
Iraq,IRQ,2017,187000000000.0,167000000000.0,11.976047904191622
Iraq,IRQ,2018,227000000000.0,187000000000.0,21.3903743315508
Iraq,IRQ,2019,234000000000.0,227000000000.0,3.083700440528636
Iraq,IRQ,2020,181000000000.0,234000000000.0,-22.649572649572647
Iraq,IRQ,2021,208000000000.0,181000000000.0,14.917127071823199
Iraq,IRQ,2022,264000000000.0,208000000000.0,26.923076923076916
Ireland,IRL,1960,1939329775.0,,
Ireland,IRL,1961,2088012282.0,1939329775.0,7.666695418008529
Ireland,IRL,1962,2260349684.0,2088012282.0,8.253658442800283
Ireland,IRL,1963,2430843768.0,2260349684.0,7.542818936682716
Ireland,IRL,1964,2766608946.0,2430843768.0,13.81270085803392
Ireland,IRL,1965,2945704143.0,2766608946.0,6.473455428492647
Ireland,IRL,1966,3104034393.0,2945704143.0,5.374954249096842
Ireland,IRL,1967,3343636773.0,3104034393.0,7.719063311293661
Ireland,IRL,1968,3278584478.0,3343636773.0,-1.945555077193184
Ireland,IRL,1969,3787077344.0,3278584478.0,15.509524595510516
Ireland,IRL,1970,4395995086.0,3787077344.0,16.07883036676634
Ireland,IRL,1971,5098250287.0,4395995086.0,15.974885941899352
Ireland,IRL,1972,6318060582.0,5098250287.0,23.926057496831564
Ireland,IRL,1973,7481173066.0,6318060582.0,18.40932781356479
Ireland,IRL,1974,7896860615.0,7481173066.0,5.5564487725754175
Ireland,IRL,1975,9483808362.0,7896860615.0,20.09593209718823
Ireland,IRL,1976,9453756015.0,9483808362.0,-0.3168805805947583
Ireland,IRL,1977,11248340431.0,9453756015.0,18.9827663539506
Ireland,IRL,1978,14647996074.0,11248340431.0,30.223619776217635
Ireland,IRL,1979,18319334300.0,14647996074.0,25.063757577847646
Ireland,IRL,1980,21747855640.0,18319334300.0,18.715316200108866
Ireland,IRL,1981,20670190138.0,21747855640.0,-4.955272463818872
Ireland,IRL,1982,21474752962.0,20670190138.0,3.8923823081863818
Ireland,IRL,1983,20766047764.0,21474752962.0,-3.300178582980995
Ireland,IRL,1984,20106648455.0,20766047764.0,-3.1753722060831158
Ireland,IRL,1985,21270013326.0,20106648455.0,5.785971111016774
Ireland,IRL,1986,28714571852.0,21270013326.0,35.000253229272474
Ireland,IRL,1987,33920518493.0,28714571852.0,18.12998176616518
Ireland,IRL,1988,37772896221.0,33920518493.0,11.357072058892603
Ireland,IRL,1989,39238392678.0,37772896221.0,3.8797566605052847
Ireland,IRL,1990,49305632408.0,39238392678.0,25.65660579579361
Ireland,IRL,1991,49787501584.0,49305632408.0,0.9773106082740624
Ireland,IRL,1992,55918538121.0,49787501584.0,12.31440892179716
Ireland,IRL,1993,52417477614.0,55918538121.0,-6.261001493680308
Ireland,IRL,1994,57097656066.0,52417477614.0,8.928660181752024
Ireland,IRL,1995,69139823232.0,57097656066.0,21.090475504073723
Ireland,IRL,1996,75790786290.0,69139823232.0,9.619583544034471
Ireland,IRL,1997,82856648758.0,75790786290.0,9.32285151517458
Ireland,IRL,1998,90199410116.0,82856648758.0,8.862006209599492
Ireland,IRL,1999,98893958263.0,90199410116.0,9.639251671178851
Ireland,IRL,2000,100000000000.0,98893958263.0,1.118411838727873
Ireland,IRL,2001,109000000000.0,100000000000.0,9.000000000000007
Ireland,IRL,2002,129000000000.0,109000000000.0,18.34862385321101
Ireland,IRL,2003,165000000000.0,129000000000.0,27.906976744186053
Ireland,IRL,2004,194000000000.0,165000000000.0,17.575757575757578
Ireland,IRL,2005,212000000000.0,194000000000.0,9.278350515463906
Ireland,IRL,2006,232000000000.0,212000000000.0,9.433962264150942
Ireland,IRL,2007,270000000000.0,232000000000.0,16.37931034482758
Ireland,IRL,2008,275000000000.0,270000000000.0,1.85185185185186
Ireland,IRL,2009,236000000000.0,275000000000.0,-14.181818181818183
Ireland,IRL,2010,222000000000.0,236000000000.0,-5.932203389830503
Ireland,IRL,2011,239000000000.0,222000000000.0,7.657657657657668
Ireland,IRL,2012,226000000000.0,239000000000.0,-5.4393305439330515
Ireland,IRL,2013,238000000000.0,226000000000.0,5.3097345132743445
Ireland,IRL,2014,259000000000.0,238000000000.0,8.823529411764696
Ireland,IRL,2015,292000000000.0,259000000000.0,12.741312741312738
Ireland,IRL,2016,299000000000.0,292000000000.0,2.397260273972601
Ireland,IRL,2017,336000000000.0,299000000000.0,12.374581939799324
Ireland,IRL,2018,386000000000.0,336000000000.0,14.880952380952372
Ireland,IRL,2019,399000000000.0,386000000000.0,3.3678756476683835
Ireland,IRL,2020,426000000000.0,399000000000.0,6.766917293233088
Ireland,IRL,2021,504000000000.0,426000000000.0,18.309859154929576
Ireland,IRL,2022,529000000000.0,504000000000.0,4.960317460317465
Isle of Man,IMN,1995,914762873.7,,
Isle of Man,IMN,1996,1023005863.0,914762873.7,11.832901444959454
Isle of Man,IMN,1997,1180968165.0,1023005863.0,15.440996744316804
Isle of Man,IMN,1998,1382605389.0,1180968165.0,17.073891572682665
Isle of Man,IMN,1999,1567402514.0,1382605389.0,13.365861761442922
Isle of Man,IMN,2000,1563667800.0,1567402514.0,-0.23827408509566883
Isle of Man,IMN,2001,1659131244.0,1563667800.0,6.105097514958091
Isle of Man,IMN,2002,1947332922.0,1659131244.0,17.37063773840908
Isle of Man,IMN,2003,2328658228.0,1947332922.0,19.581926731273125
Isle of Man,IMN,2004,2822358473.0,2328658228.0,21.201060725172248
Isle of Man,IMN,2005,3032409189.0,2822358473.0,7.442382603395115
Isle of Man,IMN,2006,3422735302.0,3032409189.0,12.871815400635889
Isle of Man,IMN,2007,4466353635.0,3422735302.0,30.49076954300802
Isle of Man,IMN,2008,5928788781.0,4466353635.0,32.74338007048563
Isle of Man,IMN,2009,5486918995.0,5928788781.0,-7.452952066972951
Isle of Man,IMN,2010,5920366628.0,5486918995.0,7.899654312283144
Isle of Man,IMN,2011,6565668781.0,5920366628.0,10.899699183291855
Isle of Man,IMN,2012,6690228489.0,6565668781.0,1.8971366383947919
Isle of Man,IMN,2013,7001180246.0,6690228489.0,4.647849584080177
Isle of Man,IMN,2014,7708459145.0,7001180246.0,10.10228096047221
Isle of Man,IMN,2015,7084795708.0,7708459145.0,-8.090636860993571
Isle of Man,IMN,2016,6846373277.0,7084795708.0,-3.3652689622479692
Isle of Man,IMN,2017,6979791187.0,6846373277.0,1.9487384722099543
Isle of Man,IMN,2018,7491654051.0,6979791187.0,7.3334982420871775
Isle of Man,IMN,2019,7314966839.0,7491654051.0,-2.358453964867946
Isle of Man,IMN,2020,6684229269.0,7314966839.0,-8.622562260121269
Israel,ISR,1960,2887228552.0,,
Israel,ISR,1961,3487229867.0,2887228552.0,20.78121992054891
Israel,ISR,1962,2596557416.0,3487229867.0,-25.540973350467123
Israel,ISR,1963,2992339893.0,2596557416.0,15.24258522307984
Israel,ISR,1964,3405340798.0,2992339893.0,13.801938274663783
Israel,ISR,1965,3663341364.0,3405340798.0,7.5763508354737
Israel,ISR,1966,3980008725.0,3663341364.0,8.644222023967508
Israel,ISR,1967,3921089676.0,3980008725.0,-1.4803748702837294
Israel,ISR,1968,3959151536.0,3921089676.0,0.970695983643699
Israel,ISR,1969,4568010013.0,3959151536.0,15.378509043256795
Israel,ISR,1995,105000000000.0,4568010013.0,2198.5939107222353
Israel,ISR,1996,115000000000.0,105000000000.0,9.523809523809534
Israel,ISR,1997,119000000000.0,115000000000.0,3.4782608695652195
Israel,ISR,1998,120000000000.0,119000000000.0,0.8403361344537785
Israel,ISR,1999,121000000000.0,120000000000.0,0.8333333333333304
Israel,ISR,2000,136000000000.0,121000000000.0,12.396694214876035
Israel,ISR,2001,135000000000.0,136000000000.0,-0.7352941176470562
Israel,ISR,2002,125000000000.0,135000000000.0,-7.4074074074074066
Israel,ISR,2003,131000000000.0,125000000000.0,4.800000000000004
Israel,ISR,2004,140000000000.0,131000000000.0,6.870229007633588
Israel,ISR,2005,147000000000.0,140000000000.0,5.000000000000004
Israel,ISR,2006,159000000000.0,147000000000.0,8.163265306122458
Israel,ISR,2007,184000000000.0,159000000000.0,15.723270440251568
Israel,ISR,2008,221000000000.0,184000000000.0,20.108695652173903
Israel,ISR,2009,212000000000.0,221000000000.0,-4.072398190045245
Israel,ISR,2010,238000000000.0,212000000000.0,12.264150943396235
Israel,ISR,2011,267000000000.0,238000000000.0,12.184873949579833
Israel,ISR,2012,262000000000.0,267000000000.0,-1.8726591760299671
Israel,ISR,2013,298000000000.0,262000000000.0,13.740458015267176
Israel,ISR,2014,314000000000.0,298000000000.0,5.369127516778516
Israel,ISR,2015,303000000000.0,314000000000.0,-3.5031847133757954
Israel,ISR,2016,322000000000.0,303000000000.0,6.270627062706269
Israel,ISR,2017,358000000000.0,322000000000.0,11.180124223602483
Israel,ISR,2018,377000000000.0,358000000000.0,5.307262569832405
Israel,ISR,2019,402000000000.0,377000000000.0,6.6312997347480085
Israel,ISR,2020,413000000000.0,402000000000.0,2.736318407960203
Israel,ISR,2021,489000000000.0,413000000000.0,18.401937046004836
Israel,ISR,2022,522000000000.0,489000000000.0,6.748466257668717
Italy,ITA,1960,40385288344.0,,
Italy,ITA,1961,44842760293.0,40385288344.0,11.037365664029597
Italy,ITA,1962,50383891899.0,44842760293.0,12.35680312673566
Italy,ITA,1963,57710743060.0,50383891899.0,14.542050811968776
Italy,ITA,1964,63175417019.0,57710743060.0,9.469075720128139
Italy,ITA,1965,67978153851.0,63175417019.0,7.602224185644202
Italy,ITA,1966,73654870011.0,67978153851.0,8.350794833944274
Italy,ITA,1967,81133120065.0,73654870011.0,10.153096533716187
Italy,ITA,1968,87942231678.0,81133120065.0,8.392517886092477
Italy,ITA,1969,97085082807.0,87942231678.0,10.396428376387457
Italy,ITA,1970,113000000000.0,97085082807.0,16.392752349645747
Italy,ITA,1971,125000000000.0,113000000000.0,10.619469026548668
Italy,ITA,1972,145000000000.0,125000000000.0,15.999999999999993
Italy,ITA,1973,175000000000.0,145000000000.0,20.68965517241379
Italy,ITA,1974,200000000000.0,175000000000.0,14.28571428571428
Italy,ITA,1975,228000000000.0,200000000000.0,13.99999999999999
Italy,ITA,1976,225000000000.0,228000000000.0,-1.3157894736842146
Italy,ITA,1977,258000000000.0,225000000000.0,14.666666666666671
Italy,ITA,1978,315000000000.0,258000000000.0,22.093023255813947
Italy,ITA,1979,394000000000.0,315000000000.0,25.07936507936508
Italy,ITA,1980,477000000000.0,394000000000.0,21.065989847715727
Italy,ITA,1981,431000000000.0,477000000000.0,-9.643605870020966
Italy,ITA,1982,427000000000.0,431000000000.0,-0.9280742459396807
Italy,ITA,1983,443000000000.0,427000000000.0,3.74707259953162
Italy,ITA,1984,438000000000.0,443000000000.0,-1.1286681715575675
Italy,ITA,1985,452000000000.0,438000000000.0,3.1963470319634757
Italy,ITA,1986,640000000000.0,452000000000.0,41.5929203539823
Italy,ITA,1987,806000000000.0,640000000000.0,25.937499999999993
Italy,ITA,1988,892000000000.0,806000000000.0,10.66997518610422
Italy,ITA,1989,929000000000.0,892000000000.0,4.147982062780264
Italy,ITA,1990,1180000000000.0,929000000000.0,27.01829924650161
Italy,ITA,1991,1250000000000.0,1180000000000.0,5.932203389830515
Italy,ITA,1992,1320000000000.0,1250000000000.0,5.600000000000005
Italy,ITA,1993,1060000000000.0,1320000000000.0,-19.696969696969703
Italy,ITA,1994,1100000000000.0,1060000000000.0,3.7735849056603765
Italy,ITA,1995,1170000000000.0,1100000000000.0,6.363636363636371
Italy,ITA,1996,1310000000000.0,1170000000000.0,11.965811965811968
Italy,ITA,1997,1240000000000.0,1310000000000.0,-5.343511450381677
Italy,ITA,1998,1270000000000.0,1240000000000.0,2.4193548387096753
Italy,ITA,1999,1250000000000.0,1270000000000.0,-1.5748031496062964
Italy,ITA,2000,1150000000000.0,1250000000000.0,-7.9999999999999964
Italy,ITA,2001,1170000000000.0,1150000000000.0,1.7391304347825987
Italy,ITA,2002,1280000000000.0,1170000000000.0,9.401709401709413
Italy,ITA,2003,1580000000000.0,1280000000000.0,23.4375
Italy,ITA,2004,1810000000000.0,1580000000000.0,14.556962025316466
Italy,ITA,2005,1860000000000.0,1810000000000.0,2.7624309392265234
Italy,ITA,2006,1950000000000.0,1860000000000.0,4.8387096774193505
Italy,ITA,2007,2210000000000.0,1950000000000.0,13.33333333333333
Italy,ITA,2008,2410000000000.0,2210000000000.0,9.049773755656098
Italy,ITA,2009,2200000000000.0,2410000000000.0,-8.713692946058094
Italy,ITA,2010,2140000000000.0,2200000000000.0,-2.7272727272727226
Italy,ITA,2011,2290000000000.0,2140000000000.0,7.009345794392519
Italy,ITA,2012,2090000000000.0,2290000000000.0,-8.733624454148469
Italy,ITA,2013,2140000000000.0,2090000000000.0,2.392344497607657
Italy,ITA,2014,2160000000000.0,2140000000000.0,0.9345794392523255
Italy,ITA,2015,1840000000000.0,2160000000000.0,-14.814814814814813
Italy,ITA,2016,1880000000000.0,1840000000000.0,2.1739130434782705
Italy,ITA,2017,1960000000000.0,1880000000000.0,4.255319148936176
Italy,ITA,2018,2090000000000.0,1960000000000.0,6.632653061224492
Italy,ITA,2019,2010000000000.0,2090000000000.0,-3.8277511961722466
Italy,ITA,2020,1900000000000.0,2010000000000.0,-5.472636815920396
Italy,ITA,2021,2110000000000.0,1900000000000.0,11.05263157894736
Italy,ITA,2022,2010000000000.0,2110000000000.0,-4.739336492891
Jamaica,JAM,1960,699064380.8,,
Jamaica,JAM,1961,748043501.2,699064380.8,7.006381922069749
Jamaica,JAM,1962,777727689.4,748043501.2,3.968243578398978
Jamaica,JAM,1963,826706669.8,777727689.4,6.297703047937797
Jamaica,JAM,1964,897949001.4,826706669.8,8.617606970225022
Jamaica,JAM,1965,972159611.7,897949001.4,8.264457133344738
Jamaica,JAM,1966,1096759562.0,972159611.7,12.816820283462915
Jamaica,JAM,1967,1148014312.0,1096759562.0,4.67328955003905
Jamaica,JAM,1968,1083839133.0,1148014312.0,-5.5901026955141315
Jamaica,JAM,1969,1191239405.0,1083839133.0,9.909244714455244
Jamaica,JAM,1970,1404720442.0,1191239405.0,17.920918003883536
Jamaica,JAM,1971,1539862278.0,1404720442.0,9.62055025038213
Jamaica,JAM,1972,1875146587.0,1539862278.0,21.77365559181521
Jamaica,JAM,1973,1905917553.0,1875146587.0,1.6409898945143109
Jamaica,JAM,1974,2375122375.0,1905917553.0,24.618316844894505
Jamaica,JAM,1975,2860442750.0,2375122375.0,20.433489242843763
Jamaica,JAM,1976,2966042856.0,2860442750.0,3.691739888868595
Jamaica,JAM,1977,3249733140.0,2966042856.0,9.56460502336045
Jamaica,JAM,1978,2644527198.0,3249733140.0,-18.62325046172868
Jamaica,JAM,1979,2425063772.0,2644527198.0,-8.298777421006509
Jamaica,JAM,1980,2679379373.0,2425063772.0,10.48696549494288
Jamaica,JAM,1981,2979027968.0,2679379373.0,11.183507569683758
Jamaica,JAM,1982,3293496314.0,2979027968.0,10.55607229532396
Jamaica,JAM,1983,3619261343.0,3293496314.0,9.891161183792363
Jamaica,JAM,1984,2373564449.0,3619261343.0,-34.41853947378787
Jamaica,JAM,1985,2100238893.0,2373564449.0,-11.515404863565182
Jamaica,JAM,1986,2754549414.0,2100238893.0,31.154099811254188
Jamaica,JAM,1987,3287007521.0,2754549414.0,19.330134514697072
Jamaica,JAM,1988,3828342704.0,3287007521.0,16.468936549171964
Jamaica,JAM,1989,4404938109.0,3828342704.0,15.061227522748965
Jamaica,JAM,1990,4592208087.0,4404938109.0,4.251364567810323
Jamaica,JAM,1991,4106207649.0,4592208087.0,-10.583153654901
Jamaica,JAM,1992,3535460090.0,4106207649.0,-13.899627290865247
Jamaica,JAM,1993,5440075676.0,3535460090.0,53.87178860785839
Jamaica,JAM,1994,5452558892.0,5440075676.0,0.22946769022116342
Jamaica,JAM,1995,6577520705.0,5452558892.0,20.631814076332944
Jamaica,JAM,1996,7393891854.0,6577520705.0,12.411532940966996
Jamaica,JAM,1997,8400041803.0,7393891854.0,13.607853196496045
Jamaica,JAM,1998,8787195622.0,8400041803.0,4.608951099049663
Jamaica,JAM,1999,8887058073.0,8787195622.0,1.1364541691774699
Jamaica,JAM,2000,9005064475.0,8887058073.0,1.3278455145749435
Jamaica,JAM,2001,9194727831.0,9005064475.0,2.106185430726737
Jamaica,JAM,2002,9719009562.0,9194727831.0,5.701982055764443
Jamaica,JAM,2003,9430234852.0,9719009562.0,-2.9712359902295926
Jamaica,JAM,2004,10174664854.0,9430234852.0,7.894077015930501
Jamaica,JAM,2005,11243865788.0,10174664854.0,10.50846341714795
Jamaica,JAM,2006,11930179173.0,11243865788.0,6.103891650258464
Jamaica,JAM,2007,12799600075.0,11930179173.0,7.2875762332861305
Jamaica,JAM,2008,13709401444.0,12799600075.0,7.108045280078801
Jamaica,JAM,2009,12120458141.0,13709401444.0,-11.590172696382817
Jamaica,JAM,2010,13220549858.0,12120458141.0,9.07632124299582
Jamaica,JAM,2011,14444661488.0,13220549858.0,9.259158228273435
Jamaica,JAM,2012,14807086491.0,14444661488.0,2.509058473271164
Jamaica,JAM,2013,14264205124.0,14807086491.0,-3.666361828371656
Jamaica,JAM,2014,13899225340.0,14264205124.0,-2.5587109889909643
Jamaica,JAM,2015,14188938781.0,13899225340.0,2.084385524466925
Jamaica,JAM,2016,14077105503.0,14188938781.0,-0.7881722497087185
Jamaica,JAM,2017,14808984881.0,14077105503.0,5.199075746388537
Jamaica,JAM,2018,15730791526.0,14808984881.0,6.224644379120692
Jamaica,JAM,2019,15830766372.0,15730791526.0,0.6355360175917424
Jamaica,JAM,2020,13812421859.0,15830766372.0,-12.749506028778635
Jamaica,JAM,2021,14657586359.0,13812421859.0,6.118872625145766
Jamaica,JAM,2022,17097760745.0,14657586359.0,16.647859519529227
Japan,JPN,1960,44307342906.0,,
Japan,JPN,1961,53508617686.0,44307342906.0,20.766929760425757
Japan,JPN,1962,60723018623.0,53508617686.0,13.482689796502779
Japan,JPN,1963,69498131728.0,60723018623.0,14.451048883917416
Japan,JPN,1964,81749006300.0,69498131728.0,17.62763151669624
Japan,JPN,1965,90950278167.0,81749006300.0,11.255515245327219
Japan,JPN,1966,106000000000.0,90950278167.0,16.547197145858284
Japan,JPN,1967,124000000000.0,106000000000.0,16.981132075471695
Japan,JPN,1968,147000000000.0,124000000000.0,18.5483870967742
Japan,JPN,1969,172000000000.0,147000000000.0,17.006802721088434
Japan,JPN,1970,213000000000.0,172000000000.0,23.83720930232558
Japan,JPN,1971,240000000000.0,213000000000.0,12.676056338028175
Japan,JPN,1972,318000000000.0,240000000000.0,32.49999999999999
Japan,JPN,1973,432000000000.0,318000000000.0,35.849056603773576
Japan,JPN,1974,480000000000.0,432000000000.0,11.111111111111116
Japan,JPN,1975,522000000000.0,480000000000.0,8.749999999999991
Japan,JPN,1976,586000000000.0,522000000000.0,12.260536398467426
Japan,JPN,1977,721000000000.0,586000000000.0,23.03754266211604
Japan,JPN,1978,1010000000000.0,721000000000.0,40.08321775312067
Japan,JPN,1979,1060000000000.0,1010000000000.0,4.950495049504955
Japan,JPN,1980,1110000000000.0,1060000000000.0,4.716981132075482
Japan,JPN,1981,1220000000000.0,1110000000000.0,9.90990990990992
Japan,JPN,1982,1130000000000.0,1220000000000.0,-7.377049180327866
Japan,JPN,1983,1240000000000.0,1130000000000.0,9.734513274336276
Japan,JPN,1984,1320000000000.0,1240000000000.0,6.451612903225801
Japan,JPN,1985,1400000000000.0,1320000000000.0,6.060606060606055
Japan,JPN,1986,2080000000000.0,1400000000000.0,48.57142857142858
Japan,JPN,1987,2530000000000.0,2080000000000.0,21.634615384615373
Japan,JPN,1988,3070000000000.0,2530000000000.0,21.34387351778657
Japan,JPN,1989,3050000000000.0,3070000000000.0,-0.6514657980456029
Japan,JPN,1990,3130000000000.0,3050000000000.0,2.6229508196721207
Japan,JPN,1991,3580000000000.0,3130000000000.0,14.376996805111819
Japan,JPN,1992,3910000000000.0,3580000000000.0,9.21787709497206
Japan,JPN,1993,4450000000000.0,3910000000000.0,13.810741687979533
Japan,JPN,1994,5000000000000.0,4450000000000.0,12.35955056179776
Japan,JPN,1995,5550000000000.0,5000000000000.0,11.00000000000001
Japan,JPN,1996,4920000000000.0,5550000000000.0,-11.351351351351347
Japan,JPN,1997,4490000000000.0,4920000000000.0,-8.739837398373984
Japan,JPN,1998,4100000000000.0,4490000000000.0,-8.685968819599111
Japan,JPN,1999,4640000000000.0,4100000000000.0,13.170731707317064
Japan,JPN,2000,4970000000000.0,4640000000000.0,7.1120689655172376
Japan,JPN,2001,4370000000000.0,4970000000000.0,-12.072434607645876
Japan,JPN,2002,4180000000000.0,4370000000000.0,-4.347826086956519
Japan,JPN,2003,4520000000000.0,4180000000000.0,8.133971291866038
Japan,JPN,2004,4890000000000.0,4520000000000.0,8.185840707964598
Japan,JPN,2005,4830000000000.0,4890000000000.0,-1.2269938650306789
Japan,JPN,2006,4600000000000.0,4830000000000.0,-4.761904761904767
Japan,JPN,2007,4580000000000.0,4600000000000.0,-0.43478260869564966
Japan,JPN,2008,5110000000000.0,4580000000000.0,11.572052401746724
Japan,JPN,2009,5290000000000.0,5110000000000.0,3.522504892367917
Japan,JPN,2010,5760000000000.0,5290000000000.0,8.884688090737235
Japan,JPN,2011,6230000000000.0,5760000000000.0,8.159722222222232
Japan,JPN,2012,6270000000000.0,6230000000000.0,0.6420545746388395
Japan,JPN,2013,5210000000000.0,6270000000000.0,-16.905901116427437
Japan,JPN,2014,4900000000000.0,5210000000000.0,-5.950095969289826
Japan,JPN,2015,4440000000000.0,4900000000000.0,-9.387755102040817
Japan,JPN,2016,5000000000000.0,4440000000000.0,12.612612612612617
Japan,JPN,2017,4930000000000.0,5000000000000.0,-1.4000000000000012
Japan,JPN,2018,5040000000000.0,4930000000000.0,2.2312373225152227
Japan,JPN,2019,5120000000000.0,5040000000000.0,1.5873015873015817
Japan,JPN,2020,5050000000000.0,5120000000000.0,-1.3671875
Japan,JPN,2021,5010000000000.0,5050000000000.0,-0.7920792079207928
Japan,JPN,2022,4230000000000.0,5010000000000.0,-15.568862275449103
Jordan,JOR,1965,599759761.2,,
Jordan,JOR,1966,657999738.0,599759761.2,9.710550885153314
Jordan,JOR,1967,631679748.5,657999738.0,-3.9999999969604905
Jordan,JOR,1968,561119776.6,631679748.5,-11.170212764862764
Jordan,JOR,1969,698879721.7,561119776.6,24.550898194095126
Jordan,JOR,1970,639519745.3,698879721.7,-8.493589748978414
Jordan,JOR,1971,678159730.0,639519745.3,6.042031537567927
Jordan,JOR,1972,788479129.8,678159730.0,16.2674654538983
Jordan,JOR,1973,943784219.0,788479129.8,19.69679137092615
Jordan,JOR,1974,1197485192.0,943784219.0,26.88124762976143
Jordan,JOR,1975,1363074923.0,1197485192.0,13.828123479626298
Jordan,JOR,1976,1708519509.0,1363074923.0,25.34303728805376
Jordan,JOR,1977,2096780731.0,1708519509.0,22.72500957435657
Jordan,JOR,1978,2602208597.0,2096780731.0,24.104946145653994
Jordan,JOR,1979,3271365161.0,2602208597.0,25.714947094227902
Jordan,JOR,1980,3910044487.0,3271365161.0,19.523327252307322
Jordan,JOR,1981,4383940294.0,3910044487.0,12.119959467867814
Jordan,JOR,1982,4681245433.0,4383940294.0,6.781687684179949
Jordan,JOR,1983,4920689946.0,4681245433.0,5.114974560232599
Jordan,JOR,1984,4967162168.0,4920689946.0,0.9444249182531284
Jordan,JOR,1985,4993601524.0,4967162168.0,0.5322829234432946
Jordan,JOR,1986,6402053537.0,4993601524.0,28.205134234895745
Jordan,JOR,1987,6756214753.0,6402053537.0,5.5319939758885495
Jordan,JOR,1988,6277443443.0,6756214753.0,-7.086383833305598
Jordan,JOR,1989,4221374898.0,6277443443.0,-32.75327868214774
Jordan,JOR,1990,4160089597.0,4221374898.0,-1.4517853183102947
Jordan,JOR,1991,4344468257.0,4160089597.0,4.432083869851322
Jordan,JOR,1992,5310830590.0,4344468257.0,22.243512343379514
Jordan,JOR,1993,5606401570.0,5310830590.0,5.565437928985051
Jordan,JOR,1994,6236295978.0,5606401570.0,11.235270969004096
Jordan,JOR,1995,6727597032.0,6236295978.0,7.878090708542063
Jordan,JOR,1996,6927503526.0,6727597032.0,2.971439773356499
Jordan,JOR,1997,7245839210.0,6927503526.0,4.595243911536628
Jordan,JOR,1998,7912270804.0,7245839210.0,9.197438346137421
Jordan,JOR,1999,8149929478.0,7912270804.0,3.003672142766556
Jordan,JOR,2000,8460789845.0,8149929478.0,3.8142706368090584
Jordan,JOR,2001,8975812449.0,8460789845.0,6.087169323846964
Jordan,JOR,2002,9582512831.0,8975812449.0,6.759280961442027
Jordan,JOR,2003,10195627645.0,9582512831.0,6.398267602799734
Jordan,JOR,2004,11411706629.0,10195627645.0,11.927455830503696
Jordan,JOR,2005,12588998590.0,11411706629.0,10.316528449900787
Jordan,JOR,2006,15056981664.0,12588998590.0,19.604284299153306
Jordan,JOR,2007,17110442867.0,15056981664.0,13.637933875616358
Jordan,JOR,2008,22658730357.0,17110442867.0,32.42632311230638
Jordan,JOR,2009,24537876056.0,22658730357.0,8.293252399375817
Jordan,JOR,2010,27133804225.0,24537876056.0,10.579270035742327
Jordan,JOR,2011,29524149155.0,27133804225.0,8.809472163131593
Jordan,JOR,2012,31634561690.0,29524149155.0,7.14808926049133
Jordan,JOR,2013,34454440141.0,31634561690.0,8.91391661636769
Jordan,JOR,2014,36847643521.0,34454440141.0,6.945994101793995
Jordan,JOR,2015,38587017887.0,36847643521.0,4.720449395925974
Jordan,JOR,2016,39892551127.0,38587017887.0,3.383348368156325
Jordan,JOR,2017,41608435915.0,39892551127.0,4.301266124939951
Jordan,JOR,2018,43370860704.0,41608435915.0,4.23573910011994
Jordan,JOR,2019,44503005775.0,43370860704.0,2.6103818384576982
Jordan,JOR,2020,43579916197.0,44503005775.0,-2.07421849810997
Jordan,JOR,2021,45116317042.0,43579916197.0,3.5254791176164924
Jordan,JOR,2022,47451499859.0,45116317042.0,5.175916320532359
Kazakhstan,KAZ,1990,26932729103.0,,
Kazakhstan,KAZ,1991,24923076923.0,26932729103.0,-7.461747275273889
Kazakhstan,KAZ,1992,24917355372.0,24923076923.0,-0.022956840432164505
Kazakhstan,KAZ,1993,23409260880.0,24917355372.0,-6.052385855100284
Kazakhstan,KAZ,1994,21250792886.0,23409260880.0,-9.220573024772916
Kazakhstan,KAZ,1995,20374302652.0,21250792886.0,-4.124506029972331
Kazakhstan,KAZ,1996,21035357833.0,20374302652.0,3.2445536531534147
Kazakhstan,KAZ,1997,22165932063.0,21035357833.0,5.374637498328494
Kazakhstan,KAZ,1998,22135245413.0,22165932063.0,-0.13844060296125393
Kazakhstan,KAZ,1999,16870817135.0,22135245413.0,-23.783012927013715
Kazakhstan,KAZ,2000,18291990619.0,16870817135.0,8.423856844797694
Kazakhstan,KAZ,2001,22152689130.0,18291990619.0,21.105950639346325
Kazakhstan,KAZ,2002,24636598581.0,22152689130.0,11.212676873780513
Kazakhstan,KAZ,2003,30833692831.0,24636598581.0,25.154017222082214
Kazakhstan,KAZ,2004,43151647003.0,30833692831.0,39.94965585054933
Kazakhstan,KAZ,2005,57123671734.0,43151647003.0,32.37889096105331
Kazakhstan,KAZ,2006,81003864916.0,57123671734.0,41.80437366351315
Kazakhstan,KAZ,2007,105000000000.0,81003864916.0,29.62344464536808
Kazakhstan,KAZ,2008,133000000000.0,105000000000.0,26.66666666666666
Kazakhstan,KAZ,2009,115000000000.0,133000000000.0,-13.533834586466165
Kazakhstan,KAZ,2010,148000000000.0,115000000000.0,28.695652173913032
Kazakhstan,KAZ,2011,193000000000.0,148000000000.0,30.405405405405396
Kazakhstan,KAZ,2012,208000000000.0,193000000000.0,7.772020725388606
Kazakhstan,KAZ,2013,237000000000.0,208000000000.0,13.942307692307686
Kazakhstan,KAZ,2014,221000000000.0,237000000000.0,-6.751054852320671
Kazakhstan,KAZ,2015,184000000000.0,221000000000.0,-16.7420814479638
Kazakhstan,KAZ,2016,137000000000.0,184000000000.0,-25.543478260869566
Kazakhstan,KAZ,2017,167000000000.0,137000000000.0,21.897810218978098
Kazakhstan,KAZ,2018,179000000000.0,167000000000.0,7.18562874251496
Kazakhstan,KAZ,2019,182000000000.0,179000000000.0,1.6759776536312776
Kazakhstan,KAZ,2020,171000000000.0,182000000000.0,-6.043956043956045
Kazakhstan,KAZ,2021,197000000000.0,171000000000.0,15.204678362573109
Kazakhstan,KAZ,2022,221000000000.0,197000000000.0,12.182741116751261
Kenya,KEN,1960,791265458.8,,
Kenya,KEN,1961,792959472.1,791265458.8,0.21408912535738622
Kenya,KEN,1962,868111400.0,792959472.1,9.477398346850507
Kenya,KEN,1963,926589348.6,868111400.0,6.736226318419503
Kenya,KEN,1964,998759333.6,926589348.6,7.788777748097675
Kenya,KEN,1965,997919320.0,998759333.6,-0.08410570712488186
Kenya,KEN,1966,1164519673.0,997919320.0,16.694771777742524
Kenya,KEN,1967,1232559506.0,1164519673.0,5.842737961198874
Kenya,KEN,1968,1353295458.0,1232559506.0,9.795547510060754
Kenya,KEN,1969,1458379415.0,1353295458.0,7.765041726756472
Kenya,KEN,1970,1603447357.0,1458379415.0,9.947201702651576
Kenya,KEN,1971,1778391289.0,1603447357.0,10.910488032941391
Kenya,KEN,1972,2107279157.0,1778391289.0,18.493560446134193
Kenya,KEN,1973,2509001444.0,2107279157.0,19.063553381883523
Kenya,KEN,1974,2969958812.0,2509001444.0,18.372144388450984
Kenya,KEN,1975,3259344936.0,2969958812.0,9.743775665532706
Kenya,KEN,1976,3474542392.0,3259344936.0,6.602475657703755
Kenya,KEN,1977,4494378855.0,3474542392.0,29.351677082660842
Kenya,KEN,1978,5303734883.0,4494378855.0,18.008184314493004
Kenya,KEN,1979,6234390975.0,5303734883.0,17.547183494842876
Kenya,KEN,1980,7265315332.0,6234390975.0,16.536087664922228
Kenya,KEN,1981,6854491454.0,7265315332.0,-5.654591152988653
Kenya,KEN,1982,6431579357.0,6854491454.0,-6.169853735147712
Kenya,KEN,1983,5979198464.0,6431579357.0,-7.033745024192816
Kenya,KEN,1984,6191437070.0,5979198464.0,3.549616345365725
Kenya,KEN,1985,6135034338.0,6191437070.0,-0.9109796540336945
Kenya,KEN,1986,7239126717.0,6135034338.0,17.99651506693816
Kenya,KEN,1987,7970820531.0,7239126717.0,10.107487306192976
Kenya,KEN,1988,8355380879.0,7970820531.0,4.824601764703806
Kenya,KEN,1989,8283114648.0,8355380879.0,-0.8649064841751319
Kenya,KEN,1990,8572359163.0,8283114648.0,3.491977683416936
Kenya,KEN,1991,8151488882.0,8572359163.0,-4.909620245691048
Kenya,KEN,1992,8209120678.0,8151488882.0,0.7070094412722883
Kenya,KEN,1993,5751786610.0,8209120678.0,-29.9341934951148
Kenya,KEN,1994,7148148564.0,5751786610.0,24.27701249507934
Kenya,KEN,1995,9046320197.0,7148148564.0,26.55473114478486
Kenya,KEN,1996,12045865466.0,9046320197.0,33.15762877810504
Kenya,KEN,1997,13115764433.0,12045865466.0,8.881877105632952
Kenya,KEN,1998,14093998844.0,13115764433.0,7.458462798696708
Kenya,KEN,1999,12896010520.0,14093998844.0,-8.499988805590108
Kenya,KEN,2000,12705350153.0,12896010520.0,-1.4784445678321267
Kenya,KEN,2001,12986007426.0,12705350153.0,2.2089692107677195
Kenya,KEN,2002,13147736954.0,12986007426.0,1.2454137957459643
Kenya,KEN,2003,14904517650.0,13147736954.0,13.361848523030616
Kenya,KEN,2004,16095337094.0,14904517650.0,7.98965435825425
Kenya,KEN,2005,18737895401.0,16095337094.0,16.418160685712447
Kenya,KEN,2006,25825512278.0,18737895401.0,37.825042382410516
Kenya,KEN,2007,31958195182.0,25825512278.0,23.74660699073239
Kenya,KEN,2008,35895153328.0,31958195182.0,12.319087869572298
Kenya,KEN,2009,42347217913.0,35895153328.0,17.97475142686484
Kenya,KEN,2010,45405615233.0,42347217913.0,7.222191848076798
Kenya,KEN,2011,46869473166.0,45405615233.0,3.2239579300669785
Kenya,KEN,2012,56396704833.0,46869473166.0,20.327157579213484
Kenya,KEN,2013,61671440481.0,56396704833.0,9.352914613751583
Kenya,KEN,2014,68285796663.0,61671440481.0,10.72515272938659
Kenya,KEN,2015,70120446664.0,68285796663.0,2.686722701727051
Kenya,KEN,2016,74815143796.0,70120446664.0,6.695189998568951
Kenya,KEN,2017,82036511259.0,74815143796.0,9.652280402869584
Kenya,KEN,2018,92202979941.0,82036511259.0,12.392614612660857
Kenya,KEN,2019,100000000000.0,92202979941.0,8.45636449493201
Kenya,KEN,2020,101000000000.0,100000000000.0,1.0000000000000009
Kenya,KEN,2021,110000000000.0,101000000000.0,8.910891089108919
Kenya,KEN,2022,113000000000.0,110000000000.0,2.7272727272727337
Kiribati,KIR,1970,14295279.54,,
Kiribati,KIR,1971,15278632.48,14295279.54,6.878864713687172
Kiribati,KIR,1972,18936526.95,15278632.48,23.941242613095426
Kiribati,KIR,1973,31710657.73,18936526.95,67.45762205355193
Kiribati,KIR,1974,85637174.37,31710657.73,170.05801992237645
Kiribati,KIR,1975,55083890.19,85637174.37,-35.67759492856795
Kiribati,KIR,1976,41110417.18,55083890.19,-25.367621934110897
Kiribati,KIR,1977,38746985.32,41110417.18,-5.7489853475624635
Kiribati,KIR,1978,45212135.1,38746985.32,16.68555560285845
Kiribati,KIR,1979,42618216.24,45212135.1,-5.7372182363491175
Kiribati,KIR,1980,42129506.15,42618216.24,-1.1467164351691372
Kiribati,KIR,1981,43667390.52,42129506.15,3.650373599264234
Kiribati,KIR,1982,40573595.73,43667390.52,-7.084908791568445
Kiribati,KIR,1983,37837326.55,40573595.73,-6.743965208823754
Kiribati,KIR,1984,42123029.99,37837326.55,11.326655001210707
Kiribati,KIR,1985,32125260.59,42123029.99,-23.734687182696668
Kiribati,KIR,1986,31417654.83,32125260.59,-2.202645977042339
Kiribati,KIR,1987,35709784.48,31417654.83,13.661521438263247
Kiribati,KIR,1988,44534439.32,35709784.48,24.712148136717072
Kiribati,KIR,1989,44282893.89,44534439.32,-0.5648334947983336
Kiribati,KIR,1990,42933307.66,44282893.89,-3.0476468709394133
Kiribati,KIR,1991,47516824.01,42933307.66,10.675898503553594
Kiribati,KIR,1992,47736260.83,47516824.01,0.4618086847593572
Kiribati,KIR,1993,46920900.88,47736260.83,-1.708051564624391
Kiribati,KIR,1994,54834548.93,46920900.88,16.865933734390826
Kiribati,KIR,1995,56336670.91,54834548.93,2.7393714534199143
Kiribati,KIR,1996,66517285.36,56336670.91,18.071026004117165
Kiribati,KIR,1997,67538482.09,66517285.36,1.5352351264384279
Kiribati,KIR,1998,65333678.15,67538482.09,-3.2645150909106024
Kiribati,KIR,1999,69034484.98,65333678.15,5.664470354023687
Kiribati,KIR,2000,67253134.61,69034484.98,-2.580377575810233
Kiribati,KIR,2001,63099885.31,67253134.61,-6.175547540028625
Kiribati,KIR,2002,72197928.62,63099885.31,14.418478362207354
Kiribati,KIR,2003,90231027.78,72197928.62,24.97730822017592
Kiribati,KIR,2004,102370615.2,90231027.78,13.453894650960386
Kiribati,KIR,2005,112136227.8,102370615.2,9.539468509514236
Kiribati,KIR,2006,110237144.5,112136227.8,-1.6935501909223327
Kiribati,KIR,2007,132674795.9,110237144.5,20.353984586384133
Kiribati,KIR,2008,141045173.6,132674795.9,6.308943340157036
Kiribati,KIR,2009,132421058.9,141045173.6,-6.11443446087544
Kiribati,KIR,2010,155305532.9,132421058.9,17.281597194658893
Kiribati,KIR,2011,180672664.8,155305532.9,16.333694895682637
Kiribati,KIR,2012,189629948.8,180672664.8,4.957741676039085
Kiribati,KIR,2013,184543103.7,189629948.8,-2.682511455701042
Kiribati,KIR,2014,177868153.1,184543103.7,-3.6170143810147715
Kiribati,KIR,2015,170292283.2,177868153.1,-4.259261575477624
Kiribati,KIR,2016,178507958.1,170292283.2,4.824455192929156
Kiribati,KIR,2017,188540699.1,178507958.1,5.62033262090178
Kiribati,KIR,2018,196501504.2,188540699.1,4.222327135732984
Kiribati,KIR,2019,175181684.8,196501504.2,-10.84969781111731
Kiribati,KIR,2020,177553260.1,175181684.8,1.3537803924579928
Kiribati,KIR,2021,227610034.8,177553260.1,28.192540464651273
Kiribati,KIR,2022,223352943.2,227610034.8,-1.870344426483972
"Korea, Rep.",KOR,1960,3958824424.0,,
"Korea, Rep.",KOR,1961,2417638423.0,3958824424.0,-38.930395388507385
"Korea, Rep.",KOR,1962,2814626210.0,2417638423.0,16.42047806749305
"Korea, Rep.",KOR,1963,3988476879.0,2814626210.0,41.70538399839601
"Korea, Rep.",KOR,1964,3459032883.0,3988476879.0,-13.274340357533765
"Korea, Rep.",KOR,1965,3120870871.0,3459032883.0,-9.776201135928897
"Korea, Rep.",KOR,1966,3929018943.0,3120870871.0,25.89495385757663
"Korea, Rep.",KOR,1967,4855833210.0,3929018943.0,23.58894880492308
"Korea, Rep.",KOR,1968,6119284294.0,4855833210.0,26.019243852899955
"Korea, Rep.",KOR,1969,7678720155.0,6119284294.0,25.483958353251168
"Korea, Rep.",KOR,1970,9005023184.0,7678720155.0,17.27244908302039
"Korea, Rep.",KOR,1971,9903499928.0,9005023184.0,9.977506172292827
"Korea, Rep.",KOR,1972,10862327878.0,9903499928.0,9.681708052414084
"Korea, Rep.",KOR,1973,13876531432.0,10862327878.0,27.749149057678622
"Korea, Rep.",KOR,1974,19544094741.0,13876531432.0,40.84279516659548
"Korea, Rep.",KOR,1975,21784297521.0,19544094741.0,11.46230004350346
"Korea, Rep.",KOR,1976,29902479339.0,21784297521.0,37.26620888359653
"Korea, Rep.",KOR,1977,38446487603.0,29902479339.0,28.57290917966313
"Korea, Rep.",KOR,1978,51972107438.0,38446487603.0,35.18037843837936
"Korea, Rep.",KOR,1979,66946900826.0,51972107438.0,28.813134825952822
"Korea, Rep.",KOR,1980,65398646758.0,66946900826.0,-2.3126598078438754
"Korea, Rep.",KOR,1981,72933350954.0,65398646758.0,11.521192822049198
"Korea, Rep.",KOR,1982,78358866335.0,72933350954.0,7.439004666633164
"Korea, Rep.",KOR,1983,87760360941.0,78358866335.0,11.997997221918343
"Korea, Rep.",KOR,1984,97510235986.0,87760360941.0,11.109656957261937
"Korea, Rep.",KOR,1985,101000000000.0,97510235986.0,3.578869416848751
"Korea, Rep.",KOR,1986,117000000000.0,101000000000.0,15.841584158415834
"Korea, Rep.",KOR,1987,148000000000.0,117000000000.0,26.49572649572649
"Korea, Rep.",KOR,1988,200000000000.0,148000000000.0,35.13513513513513
"Korea, Rep.",KOR,1989,247000000000.0,200000000000.0,23.50000000000001
"Korea, Rep.",KOR,1990,283000000000.0,247000000000.0,14.574898785425106
"Korea, Rep.",KOR,1991,331000000000.0,283000000000.0,16.96113074204948
"Korea, Rep.",KOR,1992,356000000000.0,331000000000.0,7.552870090634434
"Korea, Rep.",KOR,1993,393000000000.0,356000000000.0,10.393258426966302
"Korea, Rep.",KOR,1994,464000000000.0,393000000000.0,18.06615776081424
"Korea, Rep.",KOR,1995,567000000000.0,464000000000.0,22.19827586206897
"Korea, Rep.",KOR,1996,610000000000.0,567000000000.0,7.583774250440922
"Korea, Rep.",KOR,1997,570000000000.0,610000000000.0,-6.5573770491803245
"Korea, Rep.",KOR,1998,383000000000.0,570000000000.0,-32.80701754385965
"Korea, Rep.",KOR,1999,498000000000.0,383000000000.0,30.02610966057442
"Korea, Rep.",KOR,2000,576000000000.0,498000000000.0,15.662650602409634
"Korea, Rep.",KOR,2001,548000000000.0,576000000000.0,-4.861111111111116
"Korea, Rep.",KOR,2002,627000000000.0,548000000000.0,14.41605839416058
"Korea, Rep.",KOR,2003,703000000000.0,627000000000.0,12.12121212121211
"Korea, Rep.",KOR,2004,793000000000.0,703000000000.0,12.802275960170695
"Korea, Rep.",KOR,2005,935000000000.0,793000000000.0,17.906683480453967
"Korea, Rep.",KOR,2006,1050000000000.0,935000000000.0,12.299465240641716
"Korea, Rep.",KOR,2007,1170000000000.0,1050000000000.0,11.428571428571432
"Korea, Rep.",KOR,2008,1050000000000.0,1170000000000.0,-10.256410256410254
"Korea, Rep.",KOR,2009,944000000000.0,1050000000000.0,-10.095238095238091
"Korea, Rep.",KOR,2010,1140000000000.0,944000000000.0,20.762711864406768
"Korea, Rep.",KOR,2011,1250000000000.0,1140000000000.0,9.649122807017552
"Korea, Rep.",KOR,2012,1280000000000.0,1250000000000.0,2.400000000000002
"Korea, Rep.",KOR,2013,1370000000000.0,1280000000000.0,7.03125
"Korea, Rep.",KOR,2014,1480000000000.0,1370000000000.0,8.029197080291972
"Korea, Rep.",KOR,2015,1470000000000.0,1480000000000.0,-0.6756756756756799
"Korea, Rep.",KOR,2016,1500000000000.0,1470000000000.0,2.0408163265306145
"Korea, Rep.",KOR,2017,1620000000000.0,1500000000000.0,8.000000000000007
"Korea, Rep.",KOR,2018,1720000000000.0,1620000000000.0,6.172839506172845
"Korea, Rep.",KOR,2019,1650000000000.0,1720000000000.0,-4.069767441860462
"Korea, Rep.",KOR,2020,1640000000000.0,1650000000000.0,-0.60606060606061
"Korea, Rep.",KOR,2021,1810000000000.0,1640000000000.0,10.365853658536594
"Korea, Rep.",KOR,2022,1670000000000.0,1810000000000.0,-7.734806629834257
Kosovo,XKX,2008,5181776769.0,,
Kosovo,XKX,2009,5015894693.0,5181776769.0,-3.201258629904513
Kosovo,XKX,2010,5343950626.0,5015894693.0,6.5403273608958035
Kosovo,XKX,2011,6341614505.0,5343950626.0,18.669032497157655
Kosovo,XKX,2012,6163483291.0,6341614505.0,-2.808925295909326
Kosovo,XKX,2013,6735327512.0,6163483291.0,9.27793901599465
Kosovo,XKX,2014,7074392884.0,6735327512.0,5.0341334017670825
Kosovo,XKX,2015,6295845465.0,7074392884.0,-11.005148169828448
Kosovo,XKX,2016,6682674063.0,6295845465.0,6.144188261139294
Kosovo,XKX,2017,7180768692.0,6682674063.0,7.453522711182381
Kosovo,XKX,2018,7878762812.0,7180768692.0,9.720325914099215
Kosovo,XKX,2019,7899741279.0,7878762812.0,0.2662660052165533
Kosovo,XKX,2020,7717143395.0,7899741279.0,-2.3114413187860006
Kosovo,XKX,2021,9412034299.0,7717143395.0,21.96267216050609
Kosovo,XKX,2022,9429156202.0,9412034299.0,0.18191500855260223
Kuwait,KWT,1965,2097199165.0,,
Kuwait,KWT,1966,2391199048.0,2097199165.0,14.018691591458833
Kuwait,KWT,1967,2441599028.0,2391199048.0,2.1077283399788316
Kuwait,KWT,1968,2662798940.0,2441599028.0,9.059633029965308
Kuwait,KWT,1969,2769198897.0,2662798940.0,3.995793876949638
Kuwait,KWT,1970,2873638856.0,2769198897.0,3.7714863714970015
Kuwait,KWT,1971,3880395313.0,2873638856.0,35.03420253724465
Kuwait,KWT,1972,4450540660.0,3880395313.0,14.692970715893662
Kuwait,KWT,1973,5408798852.0,4450540660.0,21.531275977602228
Kuwait,KWT,1974,13006929853.0,5408798852.0,140.4772336503225
Kuwait,KWT,1975,12022797844.0,13006929853.0,-7.566212935122529
Kuwait,KWT,1976,13132234133.0,12022797844.0,9.22777130078476
Kuwait,KWT,1977,14137406790.0,13132234133.0,7.654239536242358
Kuwait,KWT,1978,15503571644.0,14137406790.0,9.663475588509973
Kuwait,KWT,1979,24749056549.0,15503571644.0,59.634548201530535
Kuwait,KWT,1980,28638824315.0,24749056549.0,15.7168325115697
Kuwait,KWT,1981,25057990467.0,28638824315.0,-12.503424751708426
Kuwait,KWT,1982,21577153431.0,25057990467.0,-13.891126028577872
Kuwait,KWT,1983,20871105020.0,21577153431.0,-3.2722036910838193
Kuwait,KWT,1984,21700088898.0,20871105020.0,3.9719213582875224
Kuwait,KWT,1985,21445952793.0,21700088898.0,-1.1711293266794987
Kuwait,KWT,1986,17904010287.0,21445952793.0,-16.51566866805795
Kuwait,KWT,1987,22368684066.0,17904010287.0,24.93672483109426
Kuwait,KWT,1988,20690303615.0,22368684066.0,-7.5032596734249
Kuwait,KWT,1989,24313821169.0,20690303615.0,17.513119292135638
Kuwait,KWT,1990,18427777778.0,24313821169.0,-24.2086315848398
Kuwait,KWT,1991,11010010088.0,18427777778.0,-40.25318613759116
Kuwait,KWT,1992,19858555215.0,11010010088.0,80.36818364630003
Kuwait,KWT,1993,23941391391.0,19858555215.0,20.559583171066052
Kuwait,KWT,1994,24848483838.0,23941391391.0,3.7888042185425963
Kuwait,KWT,1995,27187006077.0,24848483838.0,9.411126466491982
Kuwait,KWT,1996,31492419238.0,27187006077.0,15.836290133625063
Kuwait,KWT,1997,30350207213.0,31492419238.0,-3.626942777459796
Kuwait,KWT,1998,25943736431.0,30350207213.0,-14.518750238095778
Kuwait,KWT,1999,30122398833.0,25943736431.0,16.10663295594903
Kuwait,KWT,2000,37718794714.0,30122398833.0,25.218429392409213
Kuwait,KWT,2001,34889597791.0,37718794714.0,-7.500761740803696
Kuwait,KWT,2002,38135756834.0,34889597791.0,9.304088463402604
Kuwait,KWT,2003,47874659168.0,38135756834.0,25.537456556564962
Kuwait,KWT,2004,59439090601.0,47874659168.0,24.155642325135986
Kuwait,KWT,2005,80798630137.0,59439090601.0,35.93517215695869
Kuwait,KWT,2006,102000000000.0,80798630137.0,26.239763999775146
Kuwait,KWT,2007,115000000000.0,102000000000.0,12.745098039215685
Kuwait,KWT,2008,147000000000.0,115000000000.0,27.826086956521735
Kuwait,KWT,2009,106000000000.0,147000000000.0,-27.89115646258503
Kuwait,KWT,2010,115000000000.0,106000000000.0,8.490566037735858
Kuwait,KWT,2011,154000000000.0,115000000000.0,33.913043478260875
Kuwait,KWT,2012,174000000000.0,154000000000.0,12.987012987012992
Kuwait,KWT,2013,174000000000.0,174000000000.0,0.0
Kuwait,KWT,2014,163000000000.0,174000000000.0,-6.3218390804597675
Kuwait,KWT,2015,115000000000.0,163000000000.0,-29.447852760736193
Kuwait,KWT,2016,109000000000.0,115000000000.0,-5.21739130434783
Kuwait,KWT,2017,121000000000.0,109000000000.0,11.009174311926607
Kuwait,KWT,2018,138000000000.0,121000000000.0,14.049586776859503
Kuwait,KWT,2019,136000000000.0,138000000000.0,-1.449275362318836
Kuwait,KWT,2020,106000000000.0,136000000000.0,-22.058823529411764
Kuwait,KWT,2021,137000000000.0,106000000000.0,29.24528301886793
Kuwait,KWT,2022,185000000000.0,137000000000.0,35.03649635036496
Kyrgyz Republic,KGZ,1990,2675000000.0,,
Kyrgyz Republic,KGZ,1991,2569444444.0,2675000000.0,-3.9460020934579454
Kyrgyz Republic,KGZ,1992,2316562500.0,2569444444.0,-9.841891876296971
Kyrgyz Republic,KGZ,1993,2028295455.0,2316562500.0,-12.443741319303925
Kyrgyz Republic,KGZ,1994,1681006993.0,2028295455.0,-17.122183119026914
Kyrgyz Republic,KGZ,1995,1661018519.0,1681006993.0,-1.189077385355053
Kyrgyz Republic,KGZ,1996,1827570586.0,1661018519.0,10.027104761015604
Kyrgyz Republic,KGZ,1997,1767864036.0,1827570586.0,-3.2669900937002727
Kyrgyz Republic,KGZ,1998,1645963750.0,1767864036.0,-6.895342827144879
Kyrgyz Republic,KGZ,1999,1249061487.0,1645963750.0,-24.113669757307843
Kyrgyz Republic,KGZ,2000,1369688498.0,1249061487.0,9.657411765190393
Kyrgyz Republic,KGZ,2001,1525116370.0,1369688498.0,11.347680310300735
Kyrgyz Republic,KGZ,2002,1605643105.0,1525116370.0,5.280038729110226
Kyrgyz Republic,KGZ,2003,1919008090.0,1605643105.0,19.516478103021527
Kyrgyz Republic,KGZ,2004,2211534585.0,1919008090.0,15.243630108927775
Kyrgyz Republic,KGZ,2005,2460246796.0,2211534585.0,11.246137079967934
Kyrgyz Republic,KGZ,2006,2834168893.0,2460246796.0,15.198560469947253
Kyrgyz Republic,KGZ,2007,3802570572.0,2834168893.0,34.16880629068424
Kyrgyz Republic,KGZ,2008,5139958956.0,3802570572.0,35.170639405032446
Kyrgyz Republic,KGZ,2009,4690061344.0,5139958956.0,-8.752941722906627
Kyrgyz Republic,KGZ,2010,4794361821.0,4690061344.0,2.223861680048844
Kyrgyz Republic,KGZ,2011,6197765942.0,4794361821.0,29.271969313056157
Kyrgyz Republic,KGZ,2012,6605142864.0,6197765942.0,6.572963964956391
Kyrgyz Republic,KGZ,2013,7335033799.0,6605142864.0,11.05034289232596
Kyrgyz Republic,KGZ,2014,7468102369.0,7335033799.0,1.814150740766074
Kyrgyz Republic,KGZ,2015,6678177483.0,7468102369.0,-10.5773173286827
Kyrgyz Republic,KGZ,2016,6813095396.0,6678177483.0,2.020280433448307
Kyrgyz Republic,KGZ,2017,7702938395.0,6813095396.0,13.060774101628336
Kyrgyz Republic,KGZ,2018,8271106196.0,7702938395.0,7.375987861577604
Kyrgyz Republic,KGZ,2019,8871019823.0,8271106196.0,7.253124464658978
Kyrgyz Republic,KGZ,2020,7780873259.0,8871019823.0,-12.288852755954437
Kyrgyz Republic,KGZ,2021,8740681889.0,7780873259.0,12.335487265388956
Kyrgyz Republic,KGZ,2022,10930644915.0,8740681889.0,25.054830433264375
Lao PDR,LAO,1984,1757142853.0,,
Lao PDR,LAO,1985,2366666616.0,1757142853.0,34.68834431755789
Lao PDR,LAO,1986,1776842089.0,2366666616.0,-24.922163646220962
Lao PDR,LAO,1987,1087273104.0,1776842089.0,-38.80868138305339
Lao PDR,LAO,1988,598961269.3,1087273104.0,-44.911608031462904
Lao PDR,LAO,1989,714046821.1,598961269.3,19.214189247077606
Lao PDR,LAO,1990,865559879.3,714046821.1,21.21892482716914
Lao PDR,LAO,1991,1028087972.0,865559879.3,18.777221147477462
Lao PDR,LAO,1992,1127806945.0,1028087972.0,9.699459162625047
Lao PDR,LAO,1993,1327748690.0,1127806945.0,17.728366178841014
Lao PDR,LAO,1994,1543606345.0,1327748690.0,16.25741803593872
Lao PDR,LAO,1995,1763536305.0,1543606345.0,14.247800983222824
Lao PDR,LAO,1996,1873671550.0,1763536305.0,6.245136246287819
Lao PDR,LAO,1997,1747011857.0,1873671550.0,-6.759973112683493
Lao PDR,LAO,1998,1280177839.0,1747011857.0,-26.7218574464432
Lao PDR,LAO,1999,1454430642.0,1280177839.0,13.61160908207224
Lao PDR,LAO,2000,1731198022.0,1454430642.0,19.029259423427348
Lao PDR,LAO,2001,1768619058.0,1731198022.0,2.161568782106671
Lao PDR,LAO,2002,1758176653.0,1768619058.0,-0.5904270313477511
Lao PDR,LAO,2003,2023324407.0,1758176653.0,15.080836931122633
Lao PDR,LAO,2004,2366398120.0,2023324407.0,16.95594200381729
Lao PDR,LAO,2005,2735558735.0,2366398120.0,15.60010599568935
Lao PDR,LAO,2006,3455031448.0,2735558735.0,26.300759102509264
Lao PDR,LAO,2007,4223152219.0,3455031448.0,22.231947308168177
Lao PDR,LAO,2008,5446434032.0,4223152219.0,28.966083853109637
Lao PDR,LAO,2009,5836138127.0,5446434032.0,7.155215554073191
Lao PDR,LAO,2010,7131773633.0,5836138127.0,22.200220039445952
Lao PDR,LAO,2011,8750107402.0,7131773633.0,22.691883566125526
Lao PDR,LAO,2012,10192848926.0,8750107402.0,16.488272174467646
Lao PDR,LAO,2013,11983252627.0,10192848926.0,17.565292235746032
Lao PDR,LAO,2014,13279248479.0,11983252627.0,10.815059085710455
Lao PDR,LAO,2015,14426381187.0,13279248479.0,8.638536358545391
Lao PDR,LAO,2016,15912495369.0,14426381187.0,10.30136499747545
Lao PDR,LAO,2017,17071162084.0,15912495369.0,7.281489723209988
Lao PDR,LAO,2018,18141651381.0,17071162084.0,6.270746488918411
Lao PDR,LAO,2019,18740559554.0,18141651381.0,3.301288071422448
Lao PDR,LAO,2020,18981800705.0,18740559554.0,1.2872675989469506
Lao PDR,LAO,2021,18827148530.0,18981800705.0,-0.8147392199690628
Lao PDR,LAO,2022,15724383783.0,18827148530.0,-16.480269128678295
Late-demographic dividend,LTE,1960,188000000000.0,,
Late-demographic dividend,LTE,1961,174000000000.0,188000000000.0,-7.446808510638303
Late-demographic dividend,LTE,1962,178000000000.0,174000000000.0,2.298850574712641
Late-demographic dividend,LTE,1963,194000000000.0,178000000000.0,8.98876404494382
Late-demographic dividend,LTE,1964,213000000000.0,194000000000.0,9.7938144329897
Late-demographic dividend,LTE,1965,240000000000.0,213000000000.0,12.676056338028175
Late-demographic dividend,LTE,1966,267000000000.0,240000000000.0,11.250000000000004
Late-demographic dividend,LTE,1967,268000000000.0,267000000000.0,0.3745318352059934
Late-demographic dividend,LTE,1968,273000000000.0,268000000000.0,1.8656716417910557
Late-demographic dividend,LTE,1969,304000000000.0,273000000000.0,11.35531135531136
Late-demographic dividend,LTE,1970,346000000000.0,304000000000.0,13.815789473684204
Late-demographic dividend,LTE,1971,385000000000.0,346000000000.0,11.271676300578036
Late-demographic dividend,LTE,1972,442000000000.0,385000000000.0,14.805194805194798
Late-demographic dividend,LTE,1973,570000000000.0,442000000000.0,28.959276018099555
Late-demographic dividend,LTE,1974,671000000000.0,570000000000.0,17.719298245614045
Late-demographic dividend,LTE,1975,738000000000.0,671000000000.0,9.985096870342769
Late-demographic dividend,LTE,1976,795000000000.0,738000000000.0,7.72357723577235
Late-demographic dividend,LTE,1977,922000000000.0,795000000000.0,15.974842767295595
Late-demographic dividend,LTE,1978,960000000000.0,922000000000.0,4.121475054229928
Late-demographic dividend,LTE,1979,1140000000000.0,960000000000.0,18.75
Late-demographic dividend,LTE,1980,1310000000000.0,1140000000000.0,14.912280701754387
Late-demographic dividend,LTE,1981,1370000000000.0,1310000000000.0,4.580152671755733
Late-demographic dividend,LTE,1982,1390000000000.0,1370000000000.0,1.4598540145985384
Late-demographic dividend,LTE,1983,1280000000000.0,1390000000000.0,-7.913669064748197
Late-demographic dividend,LTE,1984,1340000000000.0,1280000000000.0,4.6875
Late-demographic dividend,LTE,1985,1450000000000.0,1340000000000.0,8.208955223880587
Late-demographic dividend,LTE,1986,1540000000000.0,1450000000000.0,6.206896551724128
Late-demographic dividend,LTE,1987,1630000000000.0,1540000000000.0,5.844155844155852
Late-demographic dividend,LTE,1988,1770000000000.0,1630000000000.0,8.588957055214719
Late-demographic dividend,LTE,1989,1890000000000.0,1770000000000.0,6.779661016949157
Late-demographic dividend,LTE,1990,2040000000000.0,1890000000000.0,7.9365079365079305
Late-demographic dividend,LTE,1991,2040000000000.0,2040000000000.0,0.0
Late-demographic dividend,LTE,1992,2080000000000.0,2040000000000.0,1.9607843137254832
Late-demographic dividend,LTE,1993,2170000000000.0,2080000000000.0,4.326923076923084
Late-demographic dividend,LTE,1994,2460000000000.0,2170000000000.0,13.364055299539167
Late-demographic dividend,LTE,1995,3020000000000.0,2460000000000.0,22.764227642276413
Late-demographic dividend,LTE,1996,3330000000000.0,3020000000000.0,10.264900662251652
Late-demographic dividend,LTE,1997,3490000000000.0,3330000000000.0,4.8048048048048075
Late-demographic dividend,LTE,1998,3360000000000.0,3490000000000.0,-3.7249283667621813
Late-demographic dividend,LTE,1999,3110000000000.0,3360000000000.0,-7.440476190476186
Late-demographic dividend,LTE,2000,3410000000000.0,3110000000000.0,9.646302250803851
Late-demographic dividend,LTE,2001,3520000000000.0,3410000000000.0,3.2258064516129004
Late-demographic dividend,LTE,2002,3740000000000.0,3520000000000.0,6.25
Late-demographic dividend,LTE,2003,4260000000000.0,3740000000000.0,13.90374331550801
Late-demographic dividend,LTE,2004,5120000000000.0,4260000000000.0,20.187793427230048
Late-demographic dividend,LTE,2005,6170000000000.0,5120000000000.0,20.5078125
Late-demographic dividend,LTE,2006,7450000000000.0,6170000000000.0,20.745542949756878
Late-demographic dividend,LTE,2007,9380000000000.0,7450000000000.0,25.906040268456376
Late-demographic dividend,LTE,2008,11700000000000.0,9380000000000.0,24.733475479744136
Late-demographic dividend,LTE,2009,11300000000000.0,11700000000000.0,-3.4188034188034178
Late-demographic dividend,LTE,2010,13600000000000.0,11300000000000.0,20.353982300884965
Late-demographic dividend,LTE,2011,16500000000000.0,13600000000000.0,21.323529411764696
Late-demographic dividend,LTE,2012,17700000000000.0,16500000000000.0,7.272727272727275
Late-demographic dividend,LTE,2013,19000000000000.0,17700000000000.0,7.344632768361592
Late-demographic dividend,LTE,2014,19800000000000.0,19000000000000.0,4.210526315789465
Late-demographic dividend,LTE,2015,18500000000000.0,19800000000000.0,-6.565656565656564
Late-demographic dividend,LTE,2016,18600000000000.0,18500000000000.0,0.540540540540535
Late-demographic dividend,LTE,2017,20600000000000.0,18600000000000.0,10.752688172043001
Late-demographic dividend,LTE,2018,22600000000000.0,20600000000000.0,9.708737864077666
Late-demographic dividend,LTE,2019,23000000000000.0,22600000000000.0,1.7699115044247815
Late-demographic dividend,LTE,2020,22500000000000.0,23000000000000.0,-2.1739130434782594
Late-demographic dividend,LTE,2021,26800000000000.0,22500000000000.0,19.1111111111111
Late-demographic dividend,LTE,2022,28100000000000.0,26800000000000.0,4.850746268656714
Latin America & Caribbean,LCN,1960,84318575228.0,,
Latin America & Caribbean,LCN,1961,89675894613.0,84318575228.0,6.353664504545575
Latin America & Caribbean,LCN,1962,98223077655.0,89675894613.0,9.53119350399092
Latin America & Caribbean,LCN,1963,99825291121.0,98223077655.0,1.6311985983860522
Latin America & Caribbean,LCN,1964,111000000000.0,99825291121.0,11.19426625608828
Latin America & Caribbean,LCN,1965,119000000000.0,111000000000.0,7.2072072072072
Latin America & Caribbean,LCN,1966,131000000000.0,119000000000.0,10.084033613445387
Latin America & Caribbean,LCN,1967,134000000000.0,131000000000.0,2.2900763358778553
Latin America & Caribbean,LCN,1968,144000000000.0,134000000000.0,7.462686567164178
Latin America & Caribbean,LCN,1969,161000000000.0,144000000000.0,11.805555555555557
Latin America & Caribbean,LCN,1970,175000000000.0,161000000000.0,8.695652173913038
Latin America & Caribbean,LCN,1971,195000000000.0,175000000000.0,11.428571428571432
Latin America & Caribbean,LCN,1972,220000000000.0,195000000000.0,12.82051282051282
Latin America & Caribbean,LCN,1973,292000000000.0,220000000000.0,32.72727272727274
Latin America & Caribbean,LCN,1974,379000000000.0,292000000000.0,29.794520547945204
Latin America & Caribbean,LCN,1975,398000000000.0,379000000000.0,5.013192612137196
Latin America & Caribbean,LCN,1976,436000000000.0,398000000000.0,9.547738693467345
Latin America & Caribbean,LCN,1977,479000000000.0,436000000000.0,9.86238532110091
Latin America & Caribbean,LCN,1978,574000000000.0,479000000000.0,19.832985386221292
Latin America & Caribbean,LCN,1979,644000000000.0,574000000000.0,12.195121951219523
Latin America & Caribbean,LCN,1980,783000000000.0,644000000000.0,21.583850931677027
Latin America & Caribbean,LCN,1981,894000000000.0,783000000000.0,14.176245210727977
Latin America & Caribbean,LCN,1982,829000000000.0,894000000000.0,-7.270693512304249
Latin America & Caribbean,LCN,1983,726000000000.0,829000000000.0,-12.424607961399282
Latin America & Caribbean,LCN,1984,764000000000.0,726000000000.0,5.234159779614322
Latin America & Caribbean,LCN,1985,756000000000.0,764000000000.0,-1.0471204188481686
Latin America & Caribbean,LCN,1986,765000000000.0,756000000000.0,1.1904761904761862
Latin America & Caribbean,LCN,1987,821000000000.0,765000000000.0,7.320261437908493
Latin America & Caribbean,LCN,1988,901000000000.0,821000000000.0,9.744214372716197
Latin America & Caribbean,LCN,1989,995000000000.0,901000000000.0,10.432852386237524
Latin America & Caribbean,LCN,1990,1180000000000.0,995000000000.0,18.592964824120607
Latin America & Caribbean,LCN,1991,1260000000000.0,1180000000000.0,6.779661016949157
Latin America & Caribbean,LCN,1992,1360000000000.0,1260000000000.0,7.9365079365079305
Latin America & Caribbean,LCN,1993,1580000000000.0,1360000000000.0,16.176470588235304
Latin America & Caribbean,LCN,1994,1790000000000.0,1580000000000.0,13.291139240506332
Latin America & Caribbean,LCN,1995,1920000000000.0,1790000000000.0,7.2625698324022325
Latin America & Caribbean,LCN,1996,2080000000000.0,1920000000000.0,8.333333333333325
Latin America & Caribbean,LCN,1997,2280000000000.0,2080000000000.0,9.615384615384626
Latin America & Caribbean,LCN,1998,2300000000000.0,2280000000000.0,0.8771929824561431
Latin America & Caribbean,LCN,1999,2080000000000.0,2300000000000.0,-9.565217391304348
Latin America & Caribbean,LCN,2000,2290000000000.0,2080000000000.0,10.096153846153854
Latin America & Caribbean,LCN,2001,2240000000000.0,2290000000000.0,-2.183406113537123
Latin America & Caribbean,LCN,2002,2010000000000.0,2240000000000.0,-10.267857142857139
Latin America & Caribbean,LCN,2003,2060000000000.0,2010000000000.0,2.487562189054726
Latin America & Caribbean,LCN,2004,2370000000000.0,2060000000000.0,15.048543689320383
Latin America & Caribbean,LCN,2005,2860000000000.0,2370000000000.0,20.67510548523206
Latin America & Caribbean,LCN,2006,3350000000000.0,2860000000000.0,17.132867132867126
Latin America & Caribbean,LCN,2007,3950000000000.0,3350000000000.0,17.910447761194035
Latin America & Caribbean,LCN,2008,4590000000000.0,3950000000000.0,16.202531645569618
Latin America & Caribbean,LCN,2009,4310000000000.0,4590000000000.0,-6.100217864923751
Latin America & Caribbean,LCN,2010,5350000000000.0,4310000000000.0,24.129930394431565
Latin America & Caribbean,LCN,2011,6090000000000.0,5350000000000.0,13.831775700934589
Latin America & Caribbean,LCN,2012,6160000000000.0,6090000000000.0,1.1494252873563315
Latin America & Caribbean,LCN,2013,6310000000000.0,6160000000000.0,2.4350649350649345
Latin America & Caribbean,LCN,2014,6430000000000.0,6310000000000.0,1.9017432646592614
Latin America & Caribbean,LCN,2015,5380000000000.0,6430000000000.0,-16.32970451010887
Latin America & Caribbean,LCN,2016,5250000000000.0,5380000000000.0,-2.4163568773234223
Latin America & Caribbean,LCN,2017,5830000000000.0,5250000000000.0,11.04761904761904
Latin America & Caribbean,LCN,2018,5710000000000.0,5830000000000.0,-2.0583190394511175
Latin America & Caribbean,LCN,2019,5620000000000.0,5710000000000.0,-1.5761821366024553
Latin America & Caribbean,LCN,2020,4780000000000.0,5620000000000.0,-14.946619217081846
Latin America & Caribbean,LCN,2021,5510000000000.0,4780000000000.0,15.271966527196646
Latin America & Caribbean,LCN,2022,6250000000000.0,5510000000000.0,13.43012704174229
Latin America & Caribbean (excluding high income),LAC,1960,68172083255.0,,
Latin America & Caribbean (excluding high income),LAC,1961,71358741143.0,68172083255.0,4.674432312828403
Latin America & Caribbean (excluding high income),LAC,1962,77592630260.0,71358741143.0,8.735985272648715
Latin America & Caribbean (excluding high income),LAC,1963,78189337826.0,77592630260.0,0.7690260840501617
Latin America & Caribbean (excluding high income),LAC,1964,89672295454.0,78189337826.0,14.686091412557811
Latin America & Caribbean (excluding high income),LAC,1965,97220145030.0,89672295454.0,8.417147724150631
Latin America & Caribbean (excluding high income),LAC,1966,107000000000.0,97220145030.0,10.059494322891771
Latin America & Caribbean (excluding high income),LAC,1967,109000000000.0,107000000000.0,1.869158878504673
Latin America & Caribbean (excluding high income),LAC,1968,118000000000.0,109000000000.0,8.25688073394495
Latin America & Caribbean (excluding high income),LAC,1969,132000000000.0,118000000000.0,11.864406779661007
Latin America & Caribbean (excluding high income),LAC,1970,143000000000.0,132000000000.0,8.333333333333325
Latin America & Caribbean (excluding high income),LAC,1971,159000000000.0,143000000000.0,11.188811188811187
Latin America & Caribbean (excluding high income),LAC,1972,181000000000.0,159000000000.0,13.83647798742138
Latin America & Caribbean (excluding high income),LAC,1973,242000000000.0,181000000000.0,33.70165745856353
Latin America & Caribbean (excluding high income),LAC,1974,318000000000.0,242000000000.0,31.404958677685958
Latin America & Caribbean (excluding high income),LAC,1975,342000000000.0,318000000000.0,7.547169811320753
Latin America & Caribbean (excluding high income),LAC,1976,373000000000.0,342000000000.0,9.064327485380108
Latin America & Caribbean (excluding high income),LAC,1977,405000000000.0,373000000000.0,8.579088471849872
Latin America & Caribbean (excluding high income),LAC,1978,491000000000.0,405000000000.0,21.23456790123457
Latin America & Caribbean (excluding high income),LAC,1979,540000000000.0,491000000000.0,9.979633401221989
Latin America & Caribbean (excluding high income),LAC,1980,653000000000.0,540000000000.0,20.925925925925924
Latin America & Caribbean (excluding high income),LAC,1981,747000000000.0,653000000000.0,14.395099540581935
Latin America & Caribbean (excluding high income),LAC,1982,689000000000.0,747000000000.0,-7.7643908969210145
Latin America & Caribbean (excluding high income),LAC,1983,595000000000.0,689000000000.0,-13.642960812772131
Latin America & Caribbean (excluding high income),LAC,1984,639000000000.0,595000000000.0,7.394957983193273
Latin America & Caribbean (excluding high income),LAC,1985,629000000000.0,639000000000.0,-1.5649452269170583
Latin America & Caribbean (excluding high income),LAC,1986,638000000000.0,629000000000.0,1.4308426073131875
Latin America & Caribbean (excluding high income),LAC,1987,699000000000.0,638000000000.0,9.561128526645767
Latin America & Caribbean (excluding high income),LAC,1988,760000000000.0,699000000000.0,8.72675250357653
Latin America & Caribbean (excluding high income),LAC,1989,864000000000.0,760000000000.0,13.684210526315788
Latin America & Caribbean (excluding high income),LAC,1990,1040000000000.0,864000000000.0,20.370370370370374
Latin America & Caribbean (excluding high income),LAC,1991,1100000000000.0,1040000000000.0,5.769230769230771
Latin America & Caribbean (excluding high income),LAC,1992,1180000000000.0,1100000000000.0,7.272727272727275
Latin America & Caribbean (excluding high income),LAC,1993,1390000000000.0,1180000000000.0,17.796610169491522
Latin America & Caribbean (excluding high income),LAC,1994,1590000000000.0,1390000000000.0,14.388489208633093
Latin America & Caribbean (excluding high income),LAC,1995,1680000000000.0,1590000000000.0,5.660377358490565
Latin America & Caribbean (excluding high income),LAC,1996,1830000000000.0,1680000000000.0,8.92857142857142
Latin America & Caribbean (excluding high income),LAC,1997,2000000000000.0,1830000000000.0,9.289617486338809
Latin America & Caribbean (excluding high income),LAC,1998,2010000000000.0,2000000000000.0,0.49999999999998934
Latin America & Caribbean (excluding high income),LAC,1999,1780000000000.0,2010000000000.0,-11.442786069651746
Latin America & Caribbean (excluding high income),LAC,2000,1970000000000.0,1780000000000.0,10.67415730337078
Latin America & Caribbean (excluding high income),LAC,2001,1910000000000.0,1970000000000.0,-3.0456852791878153
Latin America & Caribbean (excluding high income),LAC,2002,1720000000000.0,1910000000000.0,-9.947643979057597
Latin America & Caribbean (excluding high income),LAC,2003,1760000000000.0,1720000000000.0,2.3255813953488413
Latin America & Caribbean (excluding high income),LAC,2004,2010000000000.0,1760000000000.0,14.204545454545459
Latin America & Caribbean (excluding high income),LAC,2005,2430000000000.0,2010000000000.0,20.895522388059696
Latin America & Caribbean (excluding high income),LAC,2006,2840000000000.0,2430000000000.0,16.872427983539097
Latin America & Caribbean (excluding high income),LAC,2007,3350000000000.0,2840000000000.0,17.957746478873247
Latin America & Caribbean (excluding high income),LAC,2008,3880000000000.0,3350000000000.0,15.820895522388057
Latin America & Caribbean (excluding high income),LAC,2009,3600000000000.0,3880000000000.0,-7.216494845360821
Latin America & Caribbean (excluding high income),LAC,2010,4510000000000.0,3600000000000.0,25.27777777777778
Latin America & Caribbean (excluding high income),LAC,2011,5270000000000.0,4510000000000.0,16.851441241685137
Latin America & Caribbean (excluding high income),LAC,2012,5240000000000.0,5270000000000.0,-0.5692599620493399
Latin America & Caribbean (excluding high income),LAC,2013,5380000000000.0,5240000000000.0,2.6717557251908497
Latin America & Caribbean (excluding high income),LAC,2014,5410000000000.0,5380000000000.0,0.5576208178438735
Latin America & Caribbean (excluding high income),LAC,2015,4600000000000.0,5410000000000.0,-14.972273567467653
Latin America & Caribbean (excluding high income),LAC,2016,4470000000000.0,4600000000000.0,-2.826086956521734
Latin America & Caribbean (excluding high income),LAC,2017,4980000000000.0,4470000000000.0,11.409395973154357
Latin America & Caribbean (excluding high income),LAC,2018,4840000000000.0,4980000000000.0,-2.8112449799196804
Latin America & Caribbean (excluding high income),LAC,2019,4770000000000.0,4840000000000.0,-1.446280991735538
Latin America & Caribbean (excluding high income),LAC,2020,4020000000000.0,4770000000000.0,-15.723270440251568
Latin America & Caribbean (excluding high income),LAC,2021,4620000000000.0,4020000000000.0,14.925373134328357
Latin America & Caribbean (excluding high income),LAC,2022,5300000000000.0,4620000000000.0,14.71861471861471
Latin America & the Caribbean (IDA & IBRD countries),TLA,1960,79315282447.0,,
Latin America & the Caribbean (IDA & IBRD countries),TLA,1961,84250590001.0,79315282447.0,6.222391702756491
Latin America & the Caribbean (IDA & IBRD countries),TLA,1962,92203741567.0,84250590001.0,9.439876404314319
Latin America & the Caribbean (IDA & IBRD countries),TLA,1963,93477829840.0,92203741567.0,1.3818184070916173
Latin America & the Caribbean (IDA & IBRD countries),TLA,1964,104000000000.0,93477829840.0,11.25632695796439
Latin America & the Caribbean (IDA & IBRD countries),TLA,1965,112000000000.0,104000000000.0,7.692307692307687
Latin America & the Caribbean (IDA & IBRD countries),TLA,1966,123000000000.0,112000000000.0,9.82142857142858
Latin America & the Caribbean (IDA & IBRD countries),TLA,1967,125000000000.0,123000000000.0,1.6260162601626105
Latin America & the Caribbean (IDA & IBRD countries),TLA,1968,134000000000.0,125000000000.0,7.200000000000006
Latin America & the Caribbean (IDA & IBRD countries),TLA,1969,150000000000.0,134000000000.0,11.940298507462677
Latin America & the Caribbean (IDA & IBRD countries),TLA,1970,163000000000.0,150000000000.0,8.666666666666668
Latin America & the Caribbean (IDA & IBRD countries),TLA,1971,181000000000.0,163000000000.0,11.042944785276077
Latin America & the Caribbean (IDA & IBRD countries),TLA,1972,204000000000.0,181000000000.0,12.70718232044199
Latin America & the Caribbean (IDA & IBRD countries),TLA,1973,273000000000.0,204000000000.0,33.823529411764696
Latin America & the Caribbean (IDA & IBRD countries),TLA,1974,357000000000.0,273000000000.0,30.76923076923077
Latin America & the Caribbean (IDA & IBRD countries),TLA,1975,374000000000.0,357000000000.0,4.761904761904767
Latin America & the Caribbean (IDA & IBRD countries),TLA,1976,410000000000.0,374000000000.0,9.625668449197855
Latin America & the Caribbean (IDA & IBRD countries),TLA,1977,451000000000.0,410000000000.0,10.000000000000009
Latin America & the Caribbean (IDA & IBRD countries),TLA,1978,541000000000.0,451000000000.0,19.955654101995556
Latin America & the Caribbean (IDA & IBRD countries),TLA,1979,607000000000.0,541000000000.0,12.199630314232902
Latin America & the Caribbean (IDA & IBRD countries),TLA,1980,743000000000.0,607000000000.0,22.405271828665562
Latin America & the Caribbean (IDA & IBRD countries),TLA,1981,852000000000.0,743000000000.0,14.670255720053827
Latin America & the Caribbean (IDA & IBRD countries),TLA,1982,785000000000.0,852000000000.0,-7.863849765258212
Latin America & the Caribbean (IDA & IBRD countries),TLA,1983,681000000000.0,785000000000.0,-13.248407643312099
Latin America & the Caribbean (IDA & IBRD countries),TLA,1984,714000000000.0,681000000000.0,4.8458149779735615
Latin America & the Caribbean (IDA & IBRD countries),TLA,1985,706000000000.0,714000000000.0,-1.1204481792717047
Latin America & the Caribbean (IDA & IBRD countries),TLA,1986,712000000000.0,706000000000.0,0.8498583569405138
Latin America & the Caribbean (IDA & IBRD countries),TLA,1987,764000000000.0,712000000000.0,7.303370786516861
Latin America & the Caribbean (IDA & IBRD countries),TLA,1988,838000000000.0,764000000000.0,9.685863874345557
Latin America & the Caribbean (IDA & IBRD countries),TLA,1989,930000000000.0,838000000000.0,10.978520286396186
Latin America & the Caribbean (IDA & IBRD countries),TLA,1990,1110000000000.0,930000000000.0,19.354838709677423
Latin America & the Caribbean (IDA & IBRD countries),TLA,1991,1190000000000.0,1110000000000.0,7.2072072072072
Latin America & the Caribbean (IDA & IBRD countries),TLA,1992,1290000000000.0,1190000000000.0,8.403361344537807
Latin America & the Caribbean (IDA & IBRD countries),TLA,1993,1510000000000.0,1290000000000.0,17.054263565891482
Latin America & the Caribbean (IDA & IBRD countries),TLA,1994,1710000000000.0,1510000000000.0,13.245033112582782
Latin America & the Caribbean (IDA & IBRD countries),TLA,1995,1830000000000.0,1710000000000.0,7.017543859649122
Latin America & the Caribbean (IDA & IBRD countries),TLA,1996,1990000000000.0,1830000000000.0,8.743169398907114
Latin America & the Caribbean (IDA & IBRD countries),TLA,1997,2190000000000.0,1990000000000.0,10.050251256281406
Latin America & the Caribbean (IDA & IBRD countries),TLA,1998,2200000000000.0,2190000000000.0,0.45662100456620447
Latin America & the Caribbean (IDA & IBRD countries),TLA,1999,1970000000000.0,2200000000000.0,-10.45454545454545
Latin America & the Caribbean (IDA & IBRD countries),TLA,2000,2180000000000.0,1970000000000.0,10.659898477157359
Latin America & the Caribbean (IDA & IBRD countries),TLA,2001,2120000000000.0,2180000000000.0,-2.752293577981646
Latin America & the Caribbean (IDA & IBRD countries),TLA,2002,1890000000000.0,2120000000000.0,-10.849056603773588
Latin America & the Caribbean (IDA & IBRD countries),TLA,2003,1920000000000.0,1890000000000.0,1.5873015873015817
Latin America & the Caribbean (IDA & IBRD countries),TLA,2004,2230000000000.0,1920000000000.0,16.145833333333325
Latin America & the Caribbean (IDA & IBRD countries),TLA,2005,2710000000000.0,2230000000000.0,21.52466367713004
Latin America & the Caribbean (IDA & IBRD countries),TLA,2006,3190000000000.0,2710000000000.0,17.712177121771223
Latin America & the Caribbean (IDA & IBRD countries),TLA,2007,3770000000000.0,3190000000000.0,18.181818181818187
Latin America & the Caribbean (IDA & IBRD countries),TLA,2008,4410000000000.0,3770000000000.0,16.9761273209549
Latin America & the Caribbean (IDA & IBRD countries),TLA,2009,4130000000000.0,4410000000000.0,-6.349206349206349
Latin America & the Caribbean (IDA & IBRD countries),TLA,2010,5160000000000.0,4130000000000.0,24.93946731234866
Latin America & the Caribbean (IDA & IBRD countries),TLA,2011,5890000000000.0,5160000000000.0,14.147286821705428
Latin America & the Caribbean (IDA & IBRD countries),TLA,2012,5950000000000.0,5890000000000.0,1.018675721561979
Latin America & the Caribbean (IDA & IBRD countries),TLA,2013,6100000000000.0,5950000000000.0,2.5210084033613356
Latin America & the Caribbean (IDA & IBRD countries),TLA,2014,6220000000000.0,6100000000000.0,1.967213114754096
Latin America & the Caribbean (IDA & IBRD countries),TLA,2015,5150000000000.0,6220000000000.0,-17.202572347266877
Latin America & the Caribbean (IDA & IBRD countries),TLA,2016,5020000000000.0,5150000000000.0,-2.5242718446601975
Latin America & the Caribbean (IDA & IBRD countries),TLA,2017,5590000000000.0,5020000000000.0,11.354581673306763
Latin America & the Caribbean (IDA & IBRD countries),TLA,2018,5460000000000.0,5590000000000.0,-2.3255813953488413
Latin America & the Caribbean (IDA & IBRD countries),TLA,2019,5370000000000.0,5460000000000.0,-1.6483516483516536
Latin America & the Caribbean (IDA & IBRD countries),TLA,2020,4530000000000.0,5370000000000.0,-15.642458100558654
Latin America & the Caribbean (IDA & IBRD countries),TLA,2021,5240000000000.0,4530000000000.0,15.673289183222948
Latin America & the Caribbean (IDA & IBRD countries),TLA,2022,5950000000000.0,5240000000000.0,13.54961832061068
Latvia,LVA,1995,5789128637.0,,
Latvia,LVA,1996,5975248851.0,5789128637.0,3.2149953070735426
Latvia,LVA,1997,6527926446.0,5975248851.0,9.249448998387845
Latvia,LVA,1998,7166275468.0,6527926446.0,9.77874103332077
Latvia,LVA,1999,7533788134.0,7166275468.0,5.128363647770406
Latvia,LVA,2000,7958852839.0,7533788134.0,5.642111212043277
Latvia,LVA,2001,8362398702.0,7958852839.0,5.07040237033336
Latvia,LVA,2002,9557031605.0,8362398702.0,14.28576830131627
Latvia,LVA,2003,11771975157.0,9557031605.0,23.176061810250758
Latvia,LVA,2004,14435700533.0,11771975157.0,22.627684313588304
Latvia,LVA,2005,17003459863.0,14435700533.0,17.78756302217619
Latvia,LVA,2006,21570076499.0,17003459863.0,26.85698483011145
Latvia,LVA,2007,31054350978.0,21570076499.0,43.969591296719315
Latvia,LVA,2008,35854274229.0,31054350978.0,15.456524125718918
Latvia,LVA,2009,26410909091.0,35854274229.0,-26.338185170575635
Latvia,LVA,2010,23956163077.0,26410909091.0,-9.294439678475507
Latvia,LVA,2011,27474380566.0,23956163077.0,14.686064198560222
Latvia,LVA,2012,28169902669.0,27474380566.0,2.5315296966539114
Latvia,LVA,2013,30204783462.0,28169902669.0,7.223598948530685
Latvia,LVA,2014,31386896487.0,30204783462.0,3.9136616439816363
Latvia,LVA,2015,27263090547.0,31386896487.0,-13.138622806202015
Latvia,LVA,2016,28083597512.0,27263090547.0,3.009588966392096
Latvia,LVA,2017,30483806018.0,28083597512.0,8.54665612186758
Latvia,LVA,2018,34429023435.0,30483806018.0,12.942010635648437
Latvia,LVA,2019,34343961073.0,34429023435.0,-0.2470658575622786
Latvia,LVA,2020,34601740323.0,34343961073.0,0.7505810103036081
Latvia,LVA,2021,39725383601.0,34601740323.0,14.807472774987218
Latvia,LVA,2022,41153912663.0,39725383601.0,3.5960107430253796
Least developed countries: UN classification,LDC,1980,114000000000.0,,
Least developed countries: UN classification,LDC,1981,115000000000.0,114000000000.0,0.8771929824561431
Least developed countries: UN classification,LDC,1982,113000000000.0,115000000000.0,-1.7391304347826098
Least developed countries: UN classification,LDC,1983,107000000000.0,113000000000.0,-5.309734513274334
Least developed countries: UN classification,LDC,1984,107000000000.0,107000000000.0,0.0
Least developed countries: UN classification,LDC,1985,112000000000.0,107000000000.0,4.672897196261672
Least developed countries: UN classification,LDC,1986,121000000000.0,112000000000.0,8.03571428571428
Least developed countries: UN classification,LDC,1987,133000000000.0,121000000000.0,9.917355371900815
Least developed countries: UN classification,LDC,1988,146000000000.0,133000000000.0,9.774436090225569
Least developed countries: UN classification,LDC,1989,158000000000.0,146000000000.0,8.219178082191792
Least developed countries: UN classification,LDC,1990,183000000000.0,158000000000.0,15.822784810126578
Least developed countries: UN classification,LDC,1991,199000000000.0,183000000000.0,8.743169398907114
Least developed countries: UN classification,LDC,1992,156000000000.0,199000000000.0,-21.60804020100503
Least developed countries: UN classification,LDC,1993,155000000000.0,156000000000.0,-0.6410256410256387
Least developed countries: UN classification,LDC,1994,136000000000.0,155000000000.0,-12.25806451612903
Least developed countries: UN classification,LDC,1995,157000000000.0,136000000000.0,15.441176470588225
Least developed countries: UN classification,LDC,1996,174000000000.0,157000000000.0,10.828025477707005
Least developed countries: UN classification,LDC,1997,183000000000.0,174000000000.0,5.1724137931034475
Least developed countries: UN classification,LDC,1998,186000000000.0,183000000000.0,1.6393442622950838
Least developed countries: UN classification,LDC,1999,191000000000.0,186000000000.0,2.6881720430107503
Least developed countries: UN classification,LDC,2000,219000000000.0,191000000000.0,14.659685863874339
Least developed countries: UN classification,LDC,2001,214000000000.0,219000000000.0,-2.2831050228310557
Least developed countries: UN classification,LDC,2002,233000000000.0,214000000000.0,8.878504672897192
Least developed countries: UN classification,LDC,2003,261000000000.0,233000000000.0,12.017167381974247
Least developed countries: UN classification,LDC,2004,301000000000.0,261000000000.0,15.325670498084287
Least developed countries: UN classification,LDC,2005,356000000000.0,301000000000.0,18.272425249169434
Least developed countries: UN classification,LDC,2006,412000000000.0,356000000000.0,15.73033707865168
Least developed countries: UN classification,LDC,2007,494000000000.0,412000000000.0,19.902912621359214
Least developed countries: UN classification,LDC,2008,604000000000.0,494000000000.0,22.267206477732792
Least developed countries: UN classification,LDC,2009,608000000000.0,604000000000.0,0.6622516556291425
Least developed countries: UN classification,LDC,2010,690000000000.0,608000000000.0,13.486842105263165
Least developed countries: UN classification,LDC,2011,802000000000.0,690000000000.0,16.231884057971023
Least developed countries: UN classification,LDC,2012,842000000000.0,802000000000.0,4.987531172069826
Least developed countries: UN classification,LDC,2013,917000000000.0,842000000000.0,8.90736342042755
Least developed countries: UN classification,LDC,2014,986000000000.0,917000000000.0,7.524536532170112
Least developed countries: UN classification,LDC,2015,955000000000.0,986000000000.0,-3.144016227180524
Least developed countries: UN classification,LDC,2016,991000000000.0,955000000000.0,3.7696335078533982
Least developed countries: UN classification,LDC,2017,1100000000000.0,991000000000.0,10.998990918264372
Least developed countries: UN classification,LDC,2018,1090000000000.0,1100000000000.0,-0.9090909090909038
Least developed countries: UN classification,LDC,2019,1140000000000.0,1090000000000.0,4.587155963302747
Least developed countries: UN classification,LDC,2020,1160000000000.0,1140000000000.0,1.7543859649122862
Least developed countries: UN classification,LDC,2021,1270000000000.0,1160000000000.0,9.482758620689658
Least developed countries: UN classification,LDC,2022,1420000000000.0,1270000000000.0,11.811023622047244
Lebanon,LBN,1988,3313540068.0,,
Lebanon,LBN,1989,2717998688.0,3313540068.0,-17.97296449653193
Lebanon,LBN,1990,2838485354.0,2717998688.0,4.432918475345482
Lebanon,LBN,1991,4690415093.0,2838485354.0,65.2435897331743
Lebanon,LBN,1992,5843579161.0,4690415093.0,24.585544032573758
Lebanon,LBN,1993,7941744492.0,5843579161.0,35.90548314983286
Lebanon,LBN,1994,9599127050.0,7941744492.0,20.869250574222576
Lebanon,LBN,1995,11718795528.0,9599127050.0,22.081887935841003
Lebanon,LBN,1996,13690217333.0,11718795528.0,16.82273404540282
Lebanon,LBN,1997,15751867489.0,13690217333.0,15.059294574019887
Lebanon,LBN,1998,17247179006.0,15751867489.0,9.492915795820522
Lebanon,LBN,1999,17391056369.0,17247179006.0,0.8342080925231254
Lebanon,LBN,2000,17260364842.0,17391056369.0,-0.7514869955396186
Lebanon,LBN,2001,17649751244.0,17260364842.0,2.255956960147776
Lebanon,LBN,2002,19152238806.0,17649751244.0,8.512797382970305
Lebanon,LBN,2003,20082918740.0,19152238806.0,4.859379331195668
Lebanon,LBN,2004,21159827992.0,20082918740.0,5.362314442148652
Lebanon,LBN,2005,21497336499.0,21159827992.0,1.5950437174045318
Lebanon,LBN,2006,22022709852.0,21497336499.0,2.44389975020598
Lebanon,LBN,2007,24827355015.0,22022709852.0,12.73524094831271
Lebanon,LBN,2008,29118916106.0,24827355015.0,17.28561535615516
Lebanon,LBN,2009,35399582929.0,29118916106.0,21.56902681451751
Lebanon,LBN,2010,38443907042.0,35399582929.0,8.599886950944935
Lebanon,LBN,2011,39927125961.0,38443907042.0,3.8581378250123866
Lebanon,LBN,2012,44016799516.0,39927125961.0,10.242844824329978
Lebanon,LBN,2013,46880103081.0,44016799516.0,6.5050244372246935
Lebanon,LBN,2014,48095213746.0,46880103081.0,2.5919539103839373
Lebanon,LBN,2015,49929337837.0,48095213746.0,3.8135272684021393
Lebanon,LBN,2016,51147308774.0,49929337837.0,2.4393893245213905
Lebanon,LBN,2017,53027680686.0,51147308774.0,3.676384852052772
Lebanon,LBN,2018,54901519156.0,53027680686.0,3.5336987131227016
Lebanon,LBN,2019,51605959131.0,54901519156.0,-6.002675473579933
Lebanon,LBN,2020,31712128254.0,51605959131.0,-38.54948384255425
Lebanon,LBN,2021,23131941557.0,31712128254.0,-27.05648333746803
Lesotho,LSO,1960,34579986.18,,
Lesotho,LSO,1961,35699985.73,34579986.18,3.2388663898534675
Lesotho,LSO,1962,41859983.27,35699985.73,17.25490196715551
Lesotho,LSO,1963,47039981.2,41859983.27,12.3745819404385
Lesotho,LSO,1964,51939979.24,47039981.2,10.416666663123575
Lesotho,LSO,1965,54879978.07,51939979.24,5.660377368298697
Lesotho,LSO,1966,56699977.34,54879978.07,3.3163265256385133
Lesotho,LSO,1967,59261976.32,56699977.34,4.5185185253902915
Lesotho,LSO,1968,61445975.45,59261976.32,3.6853295580406398
Lesotho,LSO,1969,65967973.64,61445975.45,7.359307353952982
Lesotho,LSO,1970,68739972.53,65967973.64,4.202037347891463
Lesotho,LSO,1971,76480293.95,68739972.53,11.26029169799554
Lesotho,LSO,1972,80913175.46,76480293.95,5.7961094042055405
Lesotho,LSO,1973,121188698.6,80913175.46,49.77622360144609
Lesotho,LSO,1974,150851315.7,121188698.6,24.47638884043597
Lesotho,LSO,1975,149558945.4,150851315.7,-0.8567179503890632
Lesotho,LSO,1976,147659999.9,149558945.4,-1.2696970381284811
Lesotho,LSO,1977,193314999.8,147659999.9,30.919003068480965
Lesotho,LSO,1978,266569999.8,193314999.8,37.89411068762807
Lesotho,LSO,1979,290134729.7,266569999.8,8.839978211231546
Lesotho,LSO,1980,431542682.2,290134729.7,48.73871964456518
Lesotho,LSO,1981,434188034.2,431542682.2,0.6129989243506717
Lesotho,LSO,1982,348741737.3,434188034.2,-19.67956050595371
Lesotho,LSO,1983,386699308.9,348741737.3,10.884149369063767
Lesotho,LSO,1984,333163557.4,386699308.9,-13.844284245629279
Lesotho,LSO,1985,268629925.9,333163557.4,-19.36995510662055
Lesotho,LSO,1986,318858469.5,268629925.9,18.698044691676706
Lesotho,LSO,1987,402768258.5,318858469.5,26.315684551700457
Lesotho,LSO,1988,470395904.1,402768258.5,16.79070884380529
Lesotho,LSO,1989,495409138.2,470395904.1,5.317485522723109
Lesotho,LSO,1990,596410302.2,495409138.2,20.38742449664406
Lesotho,LSO,1991,704325366.7,596410302.2,18.09409798957695
Lesotho,LSO,1992,831029813.1,704325366.7,17.98947651050149
Lesotho,LSO,1993,835582169.0,831029813.1,0.5477969416064932
Lesotho,LSO,1994,878250862.8,835582169.0,5.1064629408098305
Lesotho,LSO,1995,1001894000.0,878250862.8,14.078339394487639
Lesotho,LSO,1996,946112456.2,1001894000.0,-5.567609327932887
Lesotho,LSO,1997,998004330.9,946112456.2,5.484747015002878
Lesotho,LSO,1998,928460865.1,998004330.9,-6.9682529070075
Lesotho,LSO,1999,912773656.2,928460865.1,-1.6895929047381464
Lesotho,LSO,2000,887291645.3,912773656.2,-2.7917119131247836
Lesotho,LSO,2001,825706961.2,887291645.3,-6.9407487860632
Lesotho,LSO,2002,775777263.1,825706961.2,-6.046902890032224
Lesotho,LSO,2003,1157825409.0,775777263.1,49.24714400282093
Lesotho,LSO,2004,1511236656.0,1157825409.0,30.523708000607552
Lesotho,LSO,2005,1682343439.0,1511236656.0,11.322302322449751
Lesotho,LSO,2006,1800092519.0,1682343439.0,6.999110720816382
Lesotho,LSO,2007,1682025303.0,1800092519.0,-6.5589526512553675
Lesotho,LSO,2008,1766820422.0,1682025303.0,5.041251094663224
Lesotho,LSO,2009,1740835820.0,1766820422.0,-1.4706985314662635
Lesotho,LSO,2010,2234731974.0,1740835820.0,28.371208147589712
Lesotho,LSO,2011,2579421686.0,2234731974.0,15.42420818291832
Lesotho,LSO,2012,2477702253.0,2579421686.0,-3.943497627863235
Lesotho,LSO,2013,2367113170.0,2477702253.0,-4.463372581031432
Lesotho,LSO,2014,2441063169.0,2367113170.0,3.124058449643119
Lesotho,LSO,2015,2359754088.0,2441063169.0,-3.3308880340572666
Lesotho,LSO,2016,2114426469.0,2359754088.0,-10.396321389909168
Lesotho,LSO,2017,2306741599.0,2114426469.0,9.095380370023175
Lesotho,LSO,2018,2556247156.0,2306741599.0,10.816363528024286
Lesotho,LSO,2019,2436029588.0,2556247156.0,-4.702892978005924
Lesotho,LSO,2020,2117736528.0,2436029588.0,-13.066058867590403
Lesotho,LSO,2021,2373416269.0,2117736528.0,12.07325546022786
Lesotho,LSO,2022,2553459763.0,2373416269.0,7.585837189691902
Liberia,LBR,2000,874000000.0,,
Liberia,LBR,2001,906000000.0,874000000.0,3.661327231121292
Liberia,LBR,2002,927000000.0,906000000.0,2.3178807947019875
Liberia,LBR,2003,748000000.0,927000000.0,-19.30960086299892
Liberia,LBR,2004,897000000.0,748000000.0,19.919786096256686
Liberia,LBR,2005,949000000.0,897000000.0,5.797101449275366
Liberia,LBR,2006,1119000000.0,949000000.0,17.913593256059013
Liberia,LBR,2007,1373000000.0,1119000000.0,22.698838248436104
Liberia,LBR,2008,1726000000.0,1373000000.0,25.710123816460296
Liberia,LBR,2009,1768000000.0,1726000000.0,2.4333719582850577
Liberia,LBR,2010,1998000000.0,1768000000.0,13.009049773755654
Liberia,LBR,2011,2398000000.0,1998000000.0,20.020020020020013
Liberia,LBR,2012,2791614000.0,2398000000.0,16.414261884904093
Liberia,LBR,2013,3177198100.0,2791614000.0,13.812228338158494
Liberia,LBR,2014,3225652000.0,3177198100.0,1.5250512708036679
Liberia,LBR,2015,3227075700.0,3225652000.0,0.04413681327062324
Liberia,LBR,2016,3398419600.0,3227075700.0,5.309571758728815
Liberia,LBR,2017,3390703400.0,3398419600.0,-0.22705259821359514
Liberia,LBR,2018,3422754800.0,3390703400.0,0.9452728893951656
Liberia,LBR,2019,3319596500.0,3422754800.0,-3.0138968762822294
Liberia,LBR,2020,3039982500.0,3319596500.0,-8.423132148741574
Liberia,LBR,2021,3509000000.0,3039982500.0,15.428296051046342
Liberia,LBR,2022,4001047150.0,3509000000.0,14.02243231689939
Libya,LBY,1990,28904164239.0,,
Libya,LBY,1991,31991785108.0,28904164239.0,10.68227001296207
Libya,LBY,1992,33887005288.0,31991785108.0,5.924083865911167
Libya,LBY,1993,30660029871.0,33887005288.0,-9.522751832374897
Libya,LBY,1994,28610532505.0,30660029871.0,-6.684590245420896
Libya,LBY,1995,25541383197.0,28610532505.0,-10.727340735317082
Libya,LBY,1996,27884630118.0,25541383197.0,9.17431488704663
Libya,LBY,1997,30700890193.0,27884630118.0,10.099685967080685
Libya,LBY,1998,27251275903.0,30700890193.0,-11.236202821202024
Libya,LBY,1999,35975878804.0,27251275903.0,32.01539235100379
Libya,LBY,2000,38270983032.0,35975878804.0,6.379564042073715
Libya,LBY,2001,34112079629.0,38270983032.0,-10.86698870400733
Libya,LBY,2002,20481889764.0,34112079629.0,-39.95707682803498
Libya,LBY,2003,26265625000.0,20481889764.0,28.23828905751551
Libya,LBY,2004,33122307692.0,26265625000.0,26.105157185484828
Libya,LBY,2005,47334697612.0,33122307692.0,42.90881556973369
Libya,LBY,2006,60094248772.0,47334697612.0,26.95602127764576
Libya,LBY,2007,68032985520.0,60094248772.0,13.210476726516518
Libya,LBY,2008,86710739535.0,68032985520.0,27.45396791312238
Libya,LBY,2009,60808538330.0,86710739535.0,-29.87196435401731
Libya,LBY,2010,75380800664.0,60808538330.0,23.964171371655475
Libya,LBY,2011,48169243832.0,75380800664.0,-36.09878986731905
Libya,LBY,2012,92540964666.0,48169243832.0,92.1162910274352
Libya,LBY,2013,75351117628.0,92540964666.0,-18.575392098020384
Libya,LBY,2014,57372352562.0,75351117628.0,-23.859984605350036
Libya,LBY,2015,48717506273.0,57372352562.0,-15.085395495412278
Libya,LBY,2016,49912085228.0,48717506273.0,2.4520527555451865
Libya,LBY,2017,67157451660.0,49912085228.0,34.55148458178539
Libya,LBY,2018,76686048499.0,67157451660.0,14.188443133966299
Libya,LBY,2019,69254143968.0,76686048499.0,-9.691338485248613
Libya,LBY,2020,46808208747.0,69254143968.0,-32.41096335169706
Libya,LBY,2021,39798423941.0,46808208747.0,-14.975545942995028
Libya,LBY,2022,45752336036.0,39798423941.0,14.96017054300065
Liechtenstein,LIE,1970,90099360.77,,
Liechtenstein,LIE,1971,104889791.1,90099360.77,16.41568841731973
Liechtenstein,LIE,1972,124940289.4,104889791.1,19.11577674979277
Liechtenstein,LIE,1973,165928864.1,124940289.4,32.80653094117132
Liechtenstein,LIE,1974,193980464.9,165928864.1,16.90579933283591
Liechtenstein,LIE,1975,246389070.1,193980464.9,27.01746550974473
Liechtenstein,LIE,1976,272489336.9,246389070.1,10.59311063977264
Liechtenstein,LIE,1977,303493119.6,272489336.9,11.377980163450596
Liechtenstein,LIE,1978,436912068.0,303493119.6,43.96111140043122
Liechtenstein,LIE,1979,503173104.7,436912068.0,15.165760241715276
Liechtenstein,LIE,1980,534699256.8,503173104.7,6.265468445257305
Liechtenstein,LIE,1981,511647837.1,534699256.8,-4.311100007498647
Liechtenstein,LIE,1982,522096760.5,511647837.1,2.0422100207095673
Liechtenstein,LIE,1983,524023708.3,522096760.5,0.3690786738754337
Liechtenstein,LIE,1984,502620920.7,524023708.3,-4.084316656098141
Liechtenstein,LIE,1985,529073612.5,502620920.7,5.262950806575928
Liechtenstein,LIE,1986,779357947.0,529073612.5,47.30614579648878
Liechtenstein,LIE,1987,1052849231.0,779357947.0,35.0918708217137
Liechtenstein,LIE,1988,1161757671.0,1052849231.0,10.344162943117553
Liechtenstein,LIE,1989,1119983801.0,1161757671.0,-3.5957472924661227
Liechtenstein,LIE,1990,1421508875.0,1119983801.0,26.922270994524865
Liechtenstein,LIE,1991,1484160644.0,1421508875.0,4.407413144008676
Liechtenstein,LIE,1992,1631176647.0,1484160644.0,9.905666451562368
Liechtenstein,LIE,1993,1673085618.0,1631176647.0,2.5692478541228247
Liechtenstein,LIE,1994,1948128911.0,1673085618.0,16.43928380239057
Liechtenstein,LIE,1995,2428524712.0,1948128911.0,24.659343552034585
Liechtenstein,LIE,1996,2504012993.0,2428524712.0,3.1084007762816723
Liechtenstein,LIE,1997,2298390595.0,2504012993.0,-8.211714498879196
Liechtenstein,LIE,1998,2479698576.0,2298390595.0,7.888475587849331
Liechtenstein,LIE,1999,2664105901.0,2479698576.0,7.436683102728847
Liechtenstein,LIE,2000,2483890594.0,2664105901.0,-6.764569941921394
Liechtenstein,LIE,2001,2491800559.0,2483890594.0,0.3184506201322712
Liechtenstein,LIE,2002,2688617885.0,2491800559.0,7.898598677535662
Liechtenstein,LIE,2003,3070803439.0,2688617885.0,14.214945014397241
Liechtenstein,LIE,2004,3454374270.0,3070803439.0,12.490894927645035
Liechtenstein,LIE,2005,3659320087.0,3454374270.0,5.932936068331696
Liechtenstein,LIE,2006,4000101033.0,3659320087.0,9.31268481296974
Liechtenstein,LIE,2007,4601430549.0,4000101033.0,15.032858196309462
Liechtenstein,LIE,2008,5081479840.0,4601430549.0,10.43260972621496
Liechtenstein,LIE,2009,4504376590.0,5081479840.0,-11.356991824649254
Liechtenstein,LIE,2010,5082338965.0,4504376590.0,12.831129090829418
Liechtenstein,LIE,2011,5739705822.0,5082338965.0,12.934337153169405
Liechtenstein,LIE,2012,5456099685.0,5739705822.0,-4.941126702224919
Liechtenstein,LIE,2013,6391711429.0,5456099685.0,17.147995784831416
Liechtenstein,LIE,2014,6657526636.0,6391711429.0,4.158748559798298
Liechtenstein,LIE,2015,6268513140.0,6657526636.0,-5.843213512604562
Liechtenstein,LIE,2016,6237299538.0,6268513140.0,-0.4979426748078941
Liechtenstein,LIE,2017,6474310910.0,6237299538.0,3.799903637079427
Liechtenstein,LIE,2018,6692618411.0,6474310910.0,3.371903265609477
Liechtenstein,LIE,2019,6436467007.0,6692618411.0,-3.8273720130074795
Liechtenstein,LIE,2020,6405765970.0,6436467007.0,-0.47698585212370137
Liechtenstein,LIE,2021,7186428783.0,6405765970.0,12.186876895847632
Lithuania,LTU,1995,7867140395.0,,
Lithuania,LTU,1996,8382519637.0,7867140395.0,6.551036540895483
Lithuania,LTU,1997,10118631852.0,8382519637.0,20.711102272124627
Lithuania,LTU,1998,11239547691.0,10118631852.0,11.077741095783079
Lithuania,LTU,1999,10971583945.0,11239547691.0,-2.3841150317336246
Lithuania,LTU,2000,11524776867.0,10971583945.0,5.042051583190976
Lithuania,LTU,2001,12237388002.0,11524776867.0,6.183296589806342
Lithuania,LTU,2002,14259781159.0,12237388002.0,16.526346608193453
Lithuania,LTU,2003,18781721376.0,14259781159.0,31.711147363197757
Lithuania,LTU,2004,22627507452.0,18781721376.0,20.476217270022403
Lithuania,LTU,2005,26097677572.0,22627507452.0,15.336068841702133
Lithuania,LTU,2006,30183575104.0,26097677572.0,15.656172932352153
Lithuania,LTU,2007,39697891352.0,30183575104.0,31.52150205937381
Lithuania,LTU,2008,47797551588.0,39697891352.0,20.403250550968966
Lithuania,LTU,2009,37388122046.0,47797551588.0,-21.778164772384244
Lithuania,LTU,2010,37128694028.0,37388122046.0,-0.6938781725405074
Lithuania,LTU,2011,43535051482.0,37128694028.0,17.254464832963823
Lithuania,LTU,2012,42927454291.0,43535051482.0,-1.3956505627453208
Lithuania,LTU,2013,46523420074.0,42927454291.0,8.376843776067844
Lithuania,LTU,2014,48533659592.0,46523420074.0,4.320919474111151
Lithuania,LTU,2015,41435533340.0,48533659592.0,-14.625161818974009
Lithuania,LTU,2016,43047309306.0,41435533340.0,3.889840038438863
Lithuania,LTU,2017,47758736932.0,43047309306.0,10.944766820404528
Lithuania,LTU,2018,53751411409.0,47758736932.0,12.547807714287984
Lithuania,LTU,2019,54760617013.0,53751411409.0,1.8775425194342388
Lithuania,LTU,2020,56914826861.0,54760617013.0,3.9338670115579566
Lithuania,LTU,2021,66414994992.0,56914826861.0,16.691903770878103
Lithuania,LTU,2022,70334299008.0,66414994992.0,5.901233624232138
Low & middle income,LMY,1960,328000000000.0,,
Low & middle income,LMY,1961,326000000000.0,328000000000.0,-0.6097560975609762
Low & middle income,LMY,1962,334000000000.0,326000000000.0,2.4539877300613577
Low & middle income,LMY,1963,361000000000.0,334000000000.0,8.083832335329344
Low & middle income,LMY,1964,405000000000.0,361000000000.0,12.188365650969523
Low & middle income,LMY,1965,448000000000.0,405000000000.0,10.617283950617274
Low & middle income,LMY,1966,464000000000.0,448000000000.0,3.571428571428581
Low & middle income,LMY,1967,476000000000.0,464000000000.0,2.586206896551735
Low & middle income,LMY,1968,502000000000.0,476000000000.0,5.462184873949583
Low & middle income,LMY,1969,562000000000.0,502000000000.0,11.95219123505975
Low & middle income,LMY,1970,616000000000.0,562000000000.0,9.608540925266906
Low & middle income,LMY,1971,663000000000.0,616000000000.0,7.629870129870131
Low & middle income,LMY,1972,742000000000.0,663000000000.0,11.915535444947212
Low & middle income,LMY,1973,946000000000.0,742000000000.0,27.493261455525598
Low & middle income,LMY,1974,1200000000000.0,946000000000.0,26.84989429175475
Low & middle income,LMY,1975,1330000000000.0,1200000000000.0,10.83333333333334
Low & middle income,LMY,1976,1430000000000.0,1330000000000.0,7.518796992481214
Low & middle income,LMY,1977,1600000000000.0,1430000000000.0,11.888111888111897
Low & middle income,LMY,1978,1780000000000.0,1600000000000.0,11.250000000000004
Low & middle income,LMY,1979,2060000000000.0,1780000000000.0,15.73033707865168
Low & middle income,LMY,1980,2430000000000.0,2060000000000.0,17.96116504854368
Low & middle income,LMY,1981,2730000000000.0,2430000000000.0,12.34567901234569
Low & middle income,LMY,1982,2690000000000.0,2730000000000.0,-1.46520146520146
Low & middle income,LMY,1983,2600000000000.0,2690000000000.0,-3.3457249070631967
Low & middle income,LMY,1984,2680000000000.0,2600000000000.0,3.076923076923066
Low & middle income,LMY,1985,2780000000000.0,2680000000000.0,3.731343283582089
Low & middle income,LMY,1986,2890000000000.0,2780000000000.0,3.9568345323740983
Low & middle income,LMY,1987,3010000000000.0,2890000000000.0,4.152249134948094
Low & middle income,LMY,1988,3180000000000.0,3010000000000.0,5.6478405315614655
Low & middle income,LMY,1989,3320000000000.0,3180000000000.0,4.402515723270439
Low & middle income,LMY,1990,3830000000000.0,3320000000000.0,15.36144578313252
Low & middle income,LMY,1991,3700000000000.0,3830000000000.0,-3.394255874673624
Low & middle income,LMY,1992,3820000000000.0,3700000000000.0,3.2432432432432323
Low & middle income,LMY,1993,4080000000000.0,3820000000000.0,6.806282722513091
Low & middle income,LMY,1994,4410000000000.0,4080000000000.0,8.088235294117641
Low & middle income,LMY,1995,4950000000000.0,4410000000000.0,12.244897959183664
Low & middle income,LMY,1996,5430000000000.0,4950000000000.0,9.696969696969692
Low & middle income,LMY,1997,5750000000000.0,5430000000000.0,5.893186003683248
Low & middle income,LMY,1998,5570000000000.0,5750000000000.0,-3.130434782608693
Low & middle income,LMY,1999,5450000000000.0,5570000000000.0,-2.1543985637342944
Low & middle income,LMY,2000,5960000000000.0,5450000000000.0,9.35779816513762
Low & middle income,LMY,2001,6010000000000.0,5960000000000.0,0.8389261744966348
Low & middle income,LMY,2002,6160000000000.0,6010000000000.0,2.4958402662229595
Low & middle income,LMY,2003,6950000000000.0,6160000000000.0,12.824675324675328
Low & middle income,LMY,2004,8240000000000.0,6950000000000.0,18.561151079136696
Low & middle income,LMY,2005,9810000000000.0,8240000000000.0,19.053398058252434
Low & middle income,LMY,2006,11600000000000.0,9810000000000.0,18.246687054026502
Low & middle income,LMY,2007,14400000000000.0,11600000000000.0,24.13793103448276
Low & middle income,LMY,2008,17200000000000.0,14400000000000.0,19.444444444444443
Low & middle income,LMY,2009,16800000000000.0,17200000000000.0,-2.3255813953488413
Low & middle income,LMY,2010,20500000000000.0,16800000000000.0,22.023809523809533
Low & middle income,LMY,2011,24200000000000.0,20500000000000.0,18.048780487804873
Low & middle income,LMY,2012,25700000000000.0,24200000000000.0,6.198347107438007
Low & middle income,LMY,2013,27200000000000.0,25700000000000.0,5.836575875486383
Low & middle income,LMY,2014,28100000000000.0,27200000000000.0,3.308823529411775
Low & middle income,LMY,2015,26700000000000.0,28100000000000.0,-4.982206405693946
Low & middle income,LMY,2016,26900000000000.0,26700000000000.0,0.7490636704119868
Low & middle income,LMY,2017,29600000000000.0,26900000000000.0,10.03717472118959
Low & middle income,LMY,2018,31400000000000.0,29600000000000.0,6.0810810810810745
Low & middle income,LMY,2019,32100000000000.0,31400000000000.0,2.2292993630573354
Low & middle income,LMY,2020,31000000000000.0,32100000000000.0,-3.4267912772585674
Low & middle income,LMY,2021,36500000000000.0,31000000000000.0,17.741935483870975
Low & middle income,LMY,2022,38700000000000.0,36500000000000.0,6.02739726027397
Low income,LIC,1980,79273100613.0,,
Low income,LIC,1981,82152079439.0,79273100613.0,3.6317222408831507
Low income,LIC,1982,83082665445.0,82152079439.0,1.1327601350504812
Low income,LIC,1983,80808247585.0,83082665445.0,-2.7375359803612054
Low income,LIC,1984,79897230355.0,80808247585.0,-1.1273814953624894
Low income,LIC,1985,80959127303.0,79897230355.0,1.3290785466301802
Low income,LIC,1986,93711044718.0,80959127303.0,15.751055921433421
Low income,LIC,1987,109000000000.0,93711044718.0,16.314998224604473
Low income,LIC,1988,96499580055.0,109000000000.0,-11.468275178899079
Low income,LIC,1989,107000000000.0,96499580055.0,10.881311544584204
Low income,LIC,1990,133000000000.0,107000000000.0,24.29906542056075
Low income,LIC,1991,150000000000.0,133000000000.0,12.781954887218049
Low income,LIC,1992,109000000000.0,150000000000.0,-27.333333333333332
Low income,LIC,1993,114000000000.0,109000000000.0,4.587155963302747
Low income,LIC,1994,112000000000.0,114000000000.0,-1.7543859649122862
Low income,LIC,1995,127000000000.0,112000000000.0,13.392857142857139
Low income,LIC,1996,141000000000.0,127000000000.0,11.023622047244096
Low income,LIC,1997,152000000000.0,141000000000.0,7.801418439716312
Low income,LIC,1998,156000000000.0,152000000000.0,2.6315789473684292
Low income,LIC,1999,159000000000.0,156000000000.0,1.9230769230769162
Low income,LIC,2000,187000000000.0,159000000000.0,17.610062893081757
Low income,LIC,2001,186000000000.0,187000000000.0,-0.5347593582887722
Low income,LIC,2002,201000000000.0,186000000000.0,8.064516129032251
Low income,LIC,2003,219000000000.0,201000000000.0,8.955223880597018
Low income,LIC,2004,257000000000.0,219000000000.0,17.351598173515992
Low income,LIC,2005,308000000000.0,257000000000.0,19.844357976653693
Low income,LIC,2006,356000000000.0,308000000000.0,15.58441558441559
Low income,LIC,2007,427000000000.0,356000000000.0,19.9438202247191
Low income,LIC,2008,513000000000.0,427000000000.0,20.140515222482435
Low income,LIC,2009,526000000000.0,513000000000.0,2.5341130604288553
Low income,LIC,2010,592000000000.0,526000000000.0,12.547528517110273
Low income,LIC,2011,431000000000.0,592000000000.0,-27.195945945945944
Low income,LIC,2012,409000000000.0,431000000000.0,-5.1044083526682105
Low income,LIC,2013,417000000000.0,409000000000.0,1.9559902200489088
Low income,LIC,2014,449000000000.0,417000000000.0,7.67386091127098
Low income,LIC,2015,450000000000.0,449000000000.0,0.22271714922048602
Low income,LIC,2016,444000000000.0,450000000000.0,-1.3333333333333308
Low income,LIC,2017,491000000000.0,444000000000.0,10.585585585585576
Low income,LIC,2018,416000000000.0,491000000000.0,-15.274949083503053
Low income,LIC,2019,442000000000.0,416000000000.0,6.25
Low income,LIC,2020,436000000000.0,442000000000.0,-1.3574660633484115
Low income,LIC,2021,468000000000.0,436000000000.0,7.339449541284404
Low income,LIC,2022,522000000000.0,468000000000.0,11.538461538461542
Lower middle income,LMC,1960,88132926256.0,,
Lower middle income,LMC,1961,93268101023.0,88132926256.0,5.826624605750452
Lower middle income,LMC,1962,94753315348.0,93268101023.0,1.5924140287082222
Lower middle income,LMC,1963,105000000000.0,94753315348.0,10.814064515175058
Lower middle income,LMC,1964,118000000000.0,105000000000.0,12.380952380952381
Lower middle income,LMC,1965,128000000000.0,118000000000.0,8.47457627118644
Lower middle income,LMC,1966,118000000000.0,128000000000.0,-7.8125
Lower middle income,LMC,1967,126000000000.0,118000000000.0,6.779661016949157
Lower middle income,LMC,1968,134000000000.0,126000000000.0,6.349206349206349
Lower middle income,LMC,1969,149000000000.0,134000000000.0,11.194029850746269
Lower middle income,LMC,1970,165000000000.0,149000000000.0,10.738255033557053
Lower middle income,LMC,1971,174000000000.0,165000000000.0,5.454545454545445
Lower middle income,LMC,1972,188000000000.0,174000000000.0,8.045977011494255
Lower middle income,LMC,1973,230000000000.0,188000000000.0,22.34042553191489
Lower middle income,LMC,1974,301000000000.0,230000000000.0,30.869565217391305
Lower middle income,LMC,1975,333000000000.0,301000000000.0,10.6312292358804
Lower middle income,LMC,1976,367000000000.0,333000000000.0,10.210210210210203
Lower middle income,LMC,1977,418000000000.0,367000000000.0,13.89645776566757
Lower middle income,LMC,1978,461000000000.0,418000000000.0,10.287081339712923
Lower middle income,LMC,1979,539000000000.0,461000000000.0,16.919739696312377
Lower middle income,LMC,1980,643000000000.0,539000000000.0,19.294990723562154
Lower middle income,LMC,1981,776000000000.0,643000000000.0,20.684292379471223
Lower middle income,LMC,1982,797000000000.0,776000000000.0,2.7061855670102997
Lower middle income,LMC,1983,796000000000.0,797000000000.0,-0.12547051442910462
Lower middle income,LMC,1984,781000000000.0,796000000000.0,-1.8844221105527637
Lower middle income,LMC,1985,837000000000.0,781000000000.0,7.170294494238161
Lower middle income,LMC,1986,902000000000.0,837000000000.0,7.765830346475511
Lower middle income,LMC,1987,887000000000.0,902000000000.0,-1.6629711751662946
Lower middle income,LMC,1988,897000000000.0,887000000000.0,1.1273957158962844
Lower middle income,LMC,1989,885000000000.0,897000000000.0,-1.3377926421404673
Lower middle income,LMC,1990,948000000000.0,885000000000.0,7.118644067796609
Lower middle income,LMC,1991,881000000000.0,948000000000.0,-7.067510548523204
Lower middle income,LMC,1992,923000000000.0,881000000000.0,4.76730987514189
Lower middle income,LMC,1993,897000000000.0,923000000000.0,-2.8169014084507005
Lower middle income,LMC,1994,953000000000.0,897000000000.0,6.243032329988862
Lower middle income,LMC,1995,1080000000000.0,953000000000.0,13.326337880377759
Lower middle income,LMC,1996,1210000000000.0,1080000000000.0,12.037037037037045
Lower middle income,LMC,1997,1250000000000.0,1210000000000.0,3.305785123966931
Lower middle income,LMC,1998,1250000000000.0,1250000000000.0,0.0
Lower middle income,LMC,1999,1310000000000.0,1250000000000.0,4.800000000000004
Lower middle income,LMC,2000,1360000000000.0,1310000000000.0,3.8167938931297662
Lower middle income,LMC,2001,1400000000000.0,1360000000000.0,2.941176470588225
Lower middle income,LMC,2002,1470000000000.0,1400000000000.0,5.000000000000004
Lower middle income,LMC,2003,1680000000000.0,1470000000000.0,14.28571428571428
Lower middle income,LMC,2004,1960000000000.0,1680000000000.0,16.666666666666675
Lower middle income,LMC,2005,2290000000000.0,1960000000000.0,16.836734693877542
Lower middle income,LMC,2006,2690000000000.0,2290000000000.0,17.467248908296938
Lower middle income,LMC,2007,3320000000000.0,2690000000000.0,23.420074349442377
Lower middle income,LMC,2008,3740000000000.0,3320000000000.0,12.650602409638555
Lower middle income,LMC,2009,3790000000000.0,3740000000000.0,1.3368983957219305
Lower middle income,LMC,2010,4530000000000.0,3790000000000.0,19.525065963060694
Lower middle income,LMC,2011,5190000000000.0,4530000000000.0,14.569536423841068
Lower middle income,LMC,2012,5460000000000.0,5190000000000.0,5.202312138728327
Lower middle income,LMC,2013,5580000000000.0,5460000000000.0,2.19780219780219
Lower middle income,LMC,2014,5870000000000.0,5580000000000.0,5.197132616487465
Lower middle income,LMC,2015,5720000000000.0,5870000000000.0,-2.555366269165249
Lower middle income,LMC,2016,6000000000000.0,5720000000000.0,4.895104895104896
Lower middle income,LMC,2017,6450000000000.0,6000000000000.0,7.499999999999996
Lower middle income,LMC,2018,6610000000000.0,6450000000000.0,2.4806201550387597
Lower middle income,LMC,2019,6870000000000.0,6610000000000.0,3.9334341906202663
Lower middle income,LMC,2020,6620000000000.0,6870000000000.0,-3.639010189228531
Lower middle income,LMC,2021,7590000000000.0,6620000000000.0,14.65256797583081
Lower middle income,LMC,2022,8110000000000.0,7590000000000.0,6.8511198945981455
Luxembourg,LUX,1960,703925705.9,,
Luxembourg,LUX,1961,704145671.4,703925705.9,0.031248397118655014
Luxembourg,LUX,1962,741509480.8,704145671.4,5.306261320290773
Luxembourg,LUX,1963,791140595.8,741509480.8,6.693254271874438
Luxembourg,LUX,1964,903158753.9,791140595.8,14.159070928060192
Luxembourg,LUX,1965,921600736.3,903158753.9,2.0419424957532906
Luxembourg,LUX,1966,968440149.5,921600736.3,5.082397545389217
Luxembourg,LUX,1967,974721762.5,968440149.5,0.6486320298929371
Luxembourg,LUX,1968,1066447131.0,974721762.5,9.410415569745734
Luxembourg,LUX,1969,1234878981.0,1066447131.0,15.793736520446423
Luxembourg,LUX,1970,1457768455.0,1234878981.0,18.04949937843343
Luxembourg,LUX,1971,1518773421.0,1457768455.0,4.184818637744492
Luxembourg,LUX,1972,1901697370.0,1518773421.0,25.212710711507768
Luxembourg,LUX,1973,2609875802.0,1901697370.0,37.23928124273528
Luxembourg,LUX,1974,3183637117.0,2609875802.0,21.98423827525875
Luxembourg,LUX,1975,3123333333.0,3183637117.0,-1.8941789464003156
Luxembourg,LUX,1976,3423586207.0,3123333333.0,9.613219019168962
Luxembourg,LUX,1977,3789321328.0,3423586207.0,10.682807409733197
Luxembourg,LUX,1978,4718539772.0,3789321328.0,24.522028183089994
Luxembourg,LUX,1979,5516982664.0,4718539772.0,16.921397944719917
Luxembourg,LUX,1980,6019805490.0,5516982664.0,9.114091100576992
Luxembourg,LUX,1981,5053665797.0,6019805490.0,-16.049350674285655
Luxembourg,LUX,1982,4602316793.0,5053665797.0,-8.931120935379887
Luxembourg,LUX,1983,4524217751.0,4602316793.0,-1.696950590597901
Luxembourg,LUX,1984,4438435493.0,4524217751.0,-1.896068286745023
Luxembourg,LUX,1985,4577211767.0,4438435493.0,3.126693498618338
Luxembourg,LUX,1986,6685595088.0,4577211767.0,46.0626125319493
Luxembourg,LUX,1987,8320902215.0,6685595088.0,24.460158078302086
Luxembourg,LUX,1988,9418167855.0,8320902215.0,13.186858968513903
Luxembourg,LUX,1989,10037674038.0,9418167855.0,6.577778104380583
Luxembourg,LUX,1990,12778792854.0,10037674038.0,27.30830674141085
Luxembourg,LUX,1991,13834219728.0,12778792854.0,8.259206374643057
Luxembourg,LUX,1992,15518702635.0,13834219728.0,12.17620465858773
Luxembourg,LUX,1993,15925521222.0,15518702635.0,2.621472919279255
Luxembourg,LUX,1994,17701798891.0,15925521222.0,11.153654842682293
Luxembourg,LUX,1995,20853093870.0,17701798891.0,17.802117165629937
Luxembourg,LUX,1996,20895314658.0,20853093870.0,0.20246774058183536
Luxembourg,LUX,1997,19563836265.0,20895314658.0,-6.372138514268455
Luxembourg,LUX,1998,20150053345.0,19563836265.0,2.9964321519535098
Luxembourg,LUX,1999,21899317599.0,20150053345.0,8.681189196127171
Luxembourg,LUX,2000,21230182989.0,21899317599.0,-3.05550438718033
Luxembourg,LUX,2001,21387533703.0,21230182989.0,0.7411651330632818
Luxembourg,LUX,2002,23649833332.0,21387533703.0,10.577655471713744
Luxembourg,LUX,2003,29667268248.0,23649833332.0,25.443878743356542
Luxembourg,LUX,2004,35064843793.0,29667268248.0,18.193705938408655
Luxembourg,LUX,2005,37672280120.0,35064843793.0,7.436041473313293
Luxembourg,LUX,2006,42910146296.0,37672280120.0,13.903767330555738
Luxembourg,LUX,2007,51587401416.0,42910146296.0,20.22191921729448
Luxembourg,LUX,2008,58844277702.0,51587401416.0,14.067148347870173
Luxembourg,LUX,2009,54467289898.0,58844277702.0,-7.438255638323921
Luxembourg,LUX,2010,56213985987.0,54467289898.0,3.206871669714073
Luxembourg,LUX,2011,61696281326.0,56213985987.0,9.75254688444942
Luxembourg,LUX,2012,59776383527.0,61696281326.0,-3.111853352806404
Luxembourg,LUX,2013,65203276467.0,59776383527.0,9.07865718833385
Luxembourg,LUX,2014,68804811898.0,65203276467.0,5.523549775635539
Luxembourg,LUX,2015,60071584216.0,68804811898.0,-12.692757150396128
Luxembourg,LUX,2016,62216885436.0,60071584216.0,3.5712412915333225
Luxembourg,LUX,2017,65712180343.0,62216885436.0,5.617920091155115
Luxembourg,LUX,2018,71000359760.0,65712180343.0,8.047487375091066
Luxembourg,LUX,2019,69825641851.0,71000359760.0,-1.654523882654757
Luxembourg,LUX,2020,73992591285.0,69825641851.0,5.967649309822032
Luxembourg,LUX,2021,85506243834.0,73992591285.0,15.560547818432857
Luxembourg,LUX,2022,82274812251.0,85506243834.0,-3.7791761608350294
"Macao SAR, China",MAC,1982,1142497658.0,,
"Macao SAR, China",MAC,1983,1133013286.0,1142497658.0,-0.8301436710691279
"Macao SAR, China",MAC,1984,1304361353.0,1133013286.0,15.123217804879307
"Macao SAR, China",MAC,1985,1362072217.0,1304361353.0,4.424453688946417
"Macao SAR, China",MAC,1986,1532105006.0,1362072217.0,12.483390151992202
"Macao SAR, China",MAC,1987,1957724748.0,1532105006.0,27.78006339860495
"Macao SAR, China",MAC,1988,2288761917.0,1957724748.0,16.909280497076296
"Macao SAR, China",MAC,1989,2705665380.0,2288761917.0,18.21523942282548
"Macao SAR, China",MAC,1990,3246481368.0,2705665380.0,19.988280590706296
"Macao SAR, China",MAC,1991,3765249711.0,3246481368.0,15.979403058135766
"Macao SAR, China",MAC,1992,4914365395.0,3765249711.0,30.518976753199457
"Macao SAR, China",MAC,1993,5665606115.0,4914365395.0,15.286627257393825
"Macao SAR, China",MAC,1994,6311207516.0,5665606115.0,11.395098563077566
"Macao SAR, China",MAC,1995,7046147442.0,6311207516.0,11.644997001553193
"Macao SAR, China",MAC,1996,7176892950.0,7046147442.0,1.8555602061442134
"Macao SAR, China",MAC,1997,7267571196.0,7176892950.0,1.2634749693458902
"Macao SAR, China",MAC,1998,6797792474.0,7267571196.0,-6.464040176979092
"Macao SAR, China",MAC,1999,6547670439.0,6797792474.0,-3.6794597063187773
"Macao SAR, China",MAC,2000,6774193548.0,6547670439.0,3.4595985108040406
"Macao SAR, China",MAC,2001,6860272608.0,6774193548.0,1.270690885786907
"Macao SAR, China",MAC,2002,7371692469.0,6860272608.0,7.454803769803786
"Macao SAR, China",MAC,2003,8246479395.0,7371692469.0,11.866839666450012
"Macao SAR, China",MAC,2004,10643253443.0,8246479395.0,29.064209503187644
"Macao SAR, China",MAC,2005,12160056755.0,10643253443.0,14.2513125344919
"Macao SAR, China",MAC,2006,14874098382.0,12160056755.0,22.31931710256232
"Macao SAR, China",MAC,2007,18439981804.0,14874098382.0,23.973778648091226
"Macao SAR, China",MAC,2008,21027018551.0,18439981804.0,14.029497287458392
"Macao SAR, China",MAC,2009,21587786005.0,21027018551.0,2.6668899950788916
"Macao SAR, China",MAC,2010,28241799668.0,21587786005.0,30.82304809515366
"Macao SAR, China",MAC,2011,36845887225.0,28241799668.0,30.465790630010915
"Macao SAR, China",MAC,2012,43189724080.0,36845887225.0,17.21721834586656
"Macao SAR, China",MAC,2013,51536592939.0,43189724080.0,19.326052751666477
"Macao SAR, China",MAC,2014,54902831794.0,51536592939.0,6.5317450437291535
"Macao SAR, China",MAC,2015,45048188248.0,54902831794.0,-17.949244554407397
"Macao SAR, China",MAC,2016,45070807280.0,45048188248.0,0.050210747378964804
"Macao SAR, China",MAC,2017,50440935654.0,45070807280.0,11.914870618221606
"Macao SAR, China",MAC,2018,55284309690.0,50440935654.0,9.60207017019503
"Macao SAR, China",MAC,2019,55204961000.0,55284309690.0,-0.1435284087744626
"Macao SAR, China",MAC,2020,25459685020.0,55204961000.0,-53.881527024355655
"Macao SAR, China",MAC,2021,30123795337.0,25459685020.0,18.319591594853122
"Macao SAR, China",MAC,2022,21979475561.0,30123795337.0,-27.036167537616407
Madagascar,MDG,1960,673081724.1,,
Madagascar,MDG,1961,699161943.9,673081724.1,3.8747478747655384
Madagascar,MDG,1962,739286906.9,699161943.9,5.739008444335325
Madagascar,MDG,1963,759345863.0,739286906.9,2.7132843707609933
Madagascar,MDG,1964,802482182.9,759345863.0,5.680720999727096
Madagascar,MDG,1965,833563472.2,802482182.9,3.873143848213423
Madagascar,MDG,1966,900264583.7,833563472.2,8.00192351566913
Madagascar,MDG,1967,956436931.1,900264583.7,6.239537622277336
Madagascar,MDG,1968,1031669636.0,956436931.1,7.865934747362235
Madagascar,MDG,1969,1056391055.0,1031669636.0,2.3962534262276236
Madagascar,MDG,1970,1111859570.0,1056391055.0,5.2507558387078435
Madagascar,MDG,1971,1199507630.0,1111859570.0,7.883015298415796
Madagascar,MDG,1972,1341590682.0,1199507630.0,11.845114482514795
Madagascar,MDG,1973,1653062347.0,1341590682.0,23.216594239881584
Madagascar,MDG,1974,1917508190.0,1653062347.0,15.997330256775854
Madagascar,MDG,1975,2283049233.0,1917508190.0,19.063336725565684
Madagascar,MDG,1976,2181844194.0,2283049233.0,-4.432889030036957
Madagascar,MDG,1977,2358930406.0,2181844194.0,8.116354618124477
Madagascar,MDG,1978,2669755116.0,2358930406.0,13.176510388327234
Madagascar,MDG,1979,3463565881.0,2669755116.0,29.733467322251595
Madagascar,MDG,1980,5201818349.0,3463565881.0,50.18678805953974
Madagascar,MDG,1981,4759333970.0,5201818349.0,-8.506340462370499
Madagascar,MDG,1982,4784977349.0,4759333970.0,0.5388018399557604
Madagascar,MDG,1983,4686457013.0,4784977349.0,-2.058950937784265
Madagascar,MDG,1984,3905938481.0,4686457013.0,-16.65476776667064
Madagascar,MDG,1985,3802557895.0,3905938481.0,-2.6467540772309506
Madagascar,MDG,1986,4347989799.0,3802557895.0,14.343815901322387
Madagascar,MDG,1987,3212900561.0,4347989799.0,-26.10606948206412
Madagascar,MDG,1988,3189456961.0,3212900561.0,-0.7296708863191004
Madagascar,MDG,1989,3175638333.0,3189456961.0,-0.43325958522003605
Madagascar,MDG,1990,3931334871.0,3175638333.0,23.796681446595947
Madagascar,MDG,1991,3254713056.0,3931334871.0,-17.210994158528404
Madagascar,MDG,1992,3714966675.0,3254713056.0,14.141142739189604
Madagascar,MDG,1993,4063298919.0,3714966675.0,9.376456761890072
Madagascar,MDG,1994,3522227094.0,4063298919.0,-13.31607237828224
Madagascar,MDG,1995,3838100902.0,3522227094.0,8.968013690488075
Madagascar,MDG,1996,4931861037.0,3838100902.0,28.497430446136818
Madagascar,MDG,1997,4262965421.0,4931861037.0,-13.562742562732112
Madagascar,MDG,1998,4401967634.0,4262965421.0,3.2606929513257166
Madagascar,MDG,1999,4277903780.0,4401967634.0,-2.818372698648519
Madagascar,MDG,2000,4629247205.0,4277903780.0,8.212981008189013
Madagascar,MDG,2001,5438332601.0,4629247205.0,17.47768827566858
Madagascar,MDG,2002,5351701665.0,5438332601.0,-1.5929686975024393
Madagascar,MDG,2003,6372498891.0,5351701665.0,19.074255066869462
Madagascar,MDG,2004,5064732625.0,6372498891.0,-20.522032068879337
Madagascar,MDG,2005,5859269752.0,5064732625.0,15.687642089497267
Madagascar,MDG,2006,6395712492.0,5859269752.0,9.155453882574548
Madagascar,MDG,2007,8524620891.0,6395712492.0,33.28649312587017
Madagascar,MDG,2008,10725137722.0,8524620891.0,25.81366208699356
Madagascar,MDG,2009,9616879408.0,10725137722.0,-10.333278161330073
Madagascar,MDG,2010,9982711338.0,9616879408.0,3.8040606986885495
Madagascar,MDG,2011,11551819618.0,9982711338.0,15.718257564225691
Madagascar,MDG,2012,11578975064.0,11551819618.0,0.2350750522254197
Madagascar,MDG,2013,12423555457.0,11578975064.0,7.294085947433038
Madagascar,MDG,2014,12522957401.0,12423555457.0,0.8001086673138591
Madagascar,MDG,2015,11323020700.0,12522957401.0,-9.58189557447653
Madagascar,MDG,2016,11848613860.0,11323020700.0,4.641810466706997
Madagascar,MDG,2017,13176313594.0,11848613860.0,11.20552791818299
Madagascar,MDG,2018,13760033283.0,13176313594.0,4.430068279991484
Madagascar,MDG,2019,14104664678.0,13760033283.0,2.5045825683123857
Madagascar,MDG,2020,13051441203.0,14104664678.0,-7.467199675032221
Madagascar,MDG,2021,14554754115.0,13051441203.0,11.518367118371952
Madagascar,MDG,2022,14954967604.0,14554754115.0,2.7497097225953393
Malawi,MWI,1980,1801157516.0,,
Malawi,MWI,1981,1801193744.0,1801157516.0,0.0020113732240645277
Malawi,MWI,1982,1717379360.0,1801193744.0,-4.653268660253573
Malawi,MWI,1983,1780147546.0,1717379360.0,3.6548818194717336
Malawi,MWI,1984,1758028657.0,1780147546.0,-1.2425312188139248
Malawi,MWI,1985,1646442593.0,1758028657.0,-6.347226682323647
Malawi,MWI,1986,1722585991.0,1646442593.0,4.624722314870278
Malawi,MWI,1987,1721712198.0,1722585991.0,-0.05072565343996471
Malawi,MWI,1988,2008189639.0,1721712198.0,16.639101548608526
Malawi,MWI,1989,2314204990.0,2008189639.0,15.238369178738708
Malawi,MWI,1990,2737088196.0,2314204990.0,18.27336851434238
Malawi,MWI,1991,3206784402.0,2737088196.0,17.160433729772294
Malawi,MWI,1992,2618837532.0,3206784402.0,-18.334468311412223
Malawi,MWI,1993,3013392430.0,2618837532.0,15.066031900752531
Malawi,MWI,1994,1719864761.0,3013392430.0,-42.925961322601445
Malawi,MWI,1995,2033701542.0,1719864761.0,18.247759249251814
Malawi,MWI,1996,3319573822.0,2033701542.0,63.228170576860386
Malawi,MWI,1997,3875785863.0,3319573822.0,16.7555255832476
Malawi,MWI,1998,2547609563.0,3875785863.0,-34.26856763887216
Malawi,MWI,1999,2584478944.0,2547609563.0,1.4472147355493403
Malawi,MWI,2000,2537307566.0,2584478944.0,-1.825179427733814
Malawi,MWI,2001,2498008653.0,2537307566.0,-1.5488430936243858
Malawi,MWI,2002,5087328438.0,2498008653.0,103.65535691360952
Malawi,MWI,2003,4669789300.0,5087328438.0,-8.207434276921754
Malawi,MWI,2004,5058726350.0,4669789300.0,8.328792264781626
Malawi,MWI,2005,5320409651.0,5058726350.0,5.17290880934882
Malawi,MWI,2006,5818279739.0,5320409651.0,9.357739735443538
Malawi,MWI,2007,6451210219.0,5818279739.0,10.878309541520647
Malawi,MWI,2008,7743617352.0,6451210219.0,20.03356097734381
Malawi,MWI,2009,9009887947.0,7743617352.0,16.352442759493414
Malawi,MWI,2010,10128323011.0,9009887947.0,12.413418131047926
Malawi,MWI,2011,11648142958.0,10128323011.0,15.005642546642516
Malawi,MWI,2012,8773203178.0,11648142958.0,-24.681528981626023
Malawi,MWI,2013,8031571928.0,8773203178.0,-8.453369139560586
Malawi,MWI,2014,8801326169.0,8031571928.0,9.584104430621498
Malawi,MWI,2015,9219474373.0,8801326169.0,4.7509681606028975
Malawi,MWI,2016,7909868618.0,9219474373.0,-14.204776780282502
Malawi,MWI,2017,8943543677.0,7909868618.0,13.068169762614378
Malawi,MWI,2018,9880675786.0,8943543677.0,10.478308630727785
Malawi,MWI,2019,11025371147.0,9880675786.0,11.585193015055983
Malawi,MWI,2020,12056108780.0,11025371147.0,9.348779458371915
Malawi,MWI,2021,12602334124.0,12056108780.0,4.5306935593193876
Malawi,MWI,2022,13164667627.0,12602334124.0,4.462137707721037
Malaysia,MYS,1960,1916229476.0,,
Malaysia,MYS,1961,1901856121.0,1916229476.0,-0.7500852679713232
Malaysia,MYS,1962,2001489601.0,1901856121.0,5.238749603603687
Malaysia,MYS,1963,2510110346.0,2001489601.0,25.41211029754433
Malaysia,MYS,1964,2674423921.0,2510110346.0,6.546069787802078
Malaysia,MYS,1965,2956337667.0,2674423921.0,10.541101722369772
Malaysia,MYS,1966,3143517942.0,2956337667.0,6.331491733484729
Malaysia,MYS,1967,3188924675.0,3143517942.0,1.4444559833213688
Malaysia,MYS,1968,3330371549.0,3188924675.0,4.435566481356279
Malaysia,MYS,1969,3664552039.0,3330371549.0,10.034330556911675
Malaysia,MYS,1970,3864145665.0,3664552039.0,5.446603674223338
Malaysia,MYS,1971,4244395358.0,3864145665.0,9.840459598719598
Malaysia,MYS,1972,5043347486.0,4244395358.0,18.823697149091068
Malaysia,MYS,1973,7662903760.0,5043347486.0,51.94082464616439
Malaysia,MYS,1974,9496205620.0,7662903760.0,23.924375372815597
Malaysia,MYS,1975,9298800799.0,9496205620.0,-2.0787757647564464
Malaysia,MYS,1976,11050234602.0,9298800799.0,18.835050248504626
Malaysia,MYS,1977,13139486858.0,11050234602.0,18.906858824715478
Malaysia,MYS,1978,16358082223.0,13139486858.0,24.495594080527972
Malaysia,MYS,1979,21213268200.0,16358082223.0,29.68065516979399
Malaysia,MYS,1980,24488220938.0,21213268200.0,15.438228127432051
Malaysia,MYS,1981,25004285801.0,24488220938.0,2.107400387748015
Malaysia,MYS,1982,26804497471.0,25004285801.0,7.199612435752933
Malaysia,MYS,1983,30347442122.0,26804497471.0,13.217724580858636
Malaysia,MYS,1984,33942902257.0,30347442122.0,11.847654641026617
Malaysia,MYS,1985,31199637541.0,33942902257.0,-8.081998101486032
Malaysia,MYS,1986,27734114981.0,31199637541.0,-11.107573142302996
Malaysia,MYS,1987,32181205901.0,27734114981.0,16.034731676300474
Malaysia,MYS,1988,35272104731.0,32181205901.0,9.604670625173672
Malaysia,MYS,1989,38847970073.0,35272104731.0,10.137941495896152
Malaysia,MYS,1990,44024585240.0,38847970073.0,13.325317017266336
Malaysia,MYS,1991,49143148094.0,44024585240.0,11.626600968745437
Malaysia,MYS,1992,59167550163.0,49143148094.0,20.398371813351336
Malaysia,MYS,1993,66894966969.0,59167550163.0,13.060227751042298
Malaysia,MYS,1994,74478356958.0,66894966969.0,11.336263896376897
Malaysia,MYS,1995,88705342903.0,74478356958.0,19.102174814386565
Malaysia,MYS,1996,101000000000.0,88705342903.0,13.86010886677289
Malaysia,MYS,1997,100000000000.0,101000000000.0,-0.990099009900991
Malaysia,MYS,1998,72167498981.0,100000000000.0,-27.832501019
Malaysia,MYS,1999,79148421053.0,72167498981.0,9.67322156174195
Malaysia,MYS,2000,93789736842.0,79148421053.0,18.498557007467987
Malaysia,MYS,2001,92783947368.0,93789736842.0,-1.0723875637846936
Malaysia,MYS,2002,101000000000.0,92783947368.0,8.855036744032319
Malaysia,MYS,2003,110000000000.0,101000000000.0,8.910891089108919
Malaysia,MYS,2004,125000000000.0,110000000000.0,13.636363636363647
Malaysia,MYS,2005,144000000000.0,125000000000.0,15.199999999999992
Malaysia,MYS,2006,163000000000.0,144000000000.0,13.194444444444443
Malaysia,MYS,2007,194000000000.0,163000000000.0,19.018404907975462
Malaysia,MYS,2008,231000000000.0,194000000000.0,19.072164948453608
Malaysia,MYS,2009,202000000000.0,231000000000.0,-12.554112554112551
Malaysia,MYS,2010,255000000000.0,202000000000.0,26.237623762376238
Malaysia,MYS,2011,298000000000.0,255000000000.0,16.862745098039223
Malaysia,MYS,2012,314000000000.0,298000000000.0,5.369127516778516
Malaysia,MYS,2013,323000000000.0,314000000000.0,2.866242038216571
Malaysia,MYS,2014,338000000000.0,323000000000.0,4.643962848297223
Malaysia,MYS,2015,301000000000.0,338000000000.0,-10.946745562130179
Malaysia,MYS,2016,301000000000.0,301000000000.0,0.0
Malaysia,MYS,2017,319000000000.0,301000000000.0,5.980066445182719
Malaysia,MYS,2018,359000000000.0,319000000000.0,12.539184952978054
Malaysia,MYS,2019,365000000000.0,359000000000.0,1.671309192200554
Malaysia,MYS,2020,337000000000.0,365000000000.0,-7.671232876712331
Malaysia,MYS,2021,373000000000.0,337000000000.0,10.682492581602364
Malaysia,MYS,2022,406000000000.0,373000000000.0,8.847184986595181
Maldives,MDV,1980,42463576.16,,
Maldives,MDV,1981,44781456.96,42463576.16,5.458515296183197
Maldives,MDV,1982,47911342.42,44781456.96,6.9892443713827745
Maldives,MDV,1983,57829787.24,47911342.42,20.701663361992683
Maldives,MDV,1984,109503546.1,57829787.24,89.35491781345863
Maldives,MDV,1985,127190758.0,109503546.1,16.15218185157934
Maldives,MDV,1986,141882254.2,127190758.0,11.550757642312327
Maldives,MDV,1987,141223029.4,141882254.2,-0.46462808454588167
Maldives,MDV,1988,168514513.4,141223029.4,19.325094579793788
Maldives,MDV,1989,189514434.2,168514513.4,12.461787638523948
Maldives,MDV,1990,215043969.8,189514434.2,13.471024361689498
Maldives,MDV,1991,244396761.9,215043969.8,13.649669938338338
Maldives,MDV,1992,284875818.0,244396761.9,16.562844689637423
Maldives,MDV,1993,322417837.2,284875818.0,13.17838048296538
Maldives,MDV,1994,356014932.1,322417837.2,10.420358622764203
Maldives,MDV,1995,398988955.0,356014932.1,12.070848446303128
Maldives,MDV,1996,450382328.0,398988955.0,12.880901176825809
Maldives,MDV,1997,508223602.4,450382328.0,12.842705142729315
Maldives,MDV,1998,540096397.6,508223602.4,6.271411845000152
Maldives,MDV,1999,589239753.6,540096397.6,9.098997182424462
Maldives,MDV,2000,624337145.3,589239753.6,5.956385577444512
Maldives,MDV,2001,870031653.1,624337145.3,39.35285761060101
Maldives,MDV,2002,897031250.0,870031653.1,3.103289035956114
Maldives,MDV,2003,1052121055.0,897031250.0,17.289231005051377
Maldives,MDV,2004,1226829563.0,1052121055.0,16.605361823122156
Maldives,MDV,2005,1163362438.0,1226829563.0,-5.173263419313279
Maldives,MDV,2006,1575200391.0,1163362438.0,35.40065757220192
Maldives,MDV,2007,1868383461.0,1575200391.0,18.61242999145498
Maldives,MDV,2008,2271646188.0,1868383461.0,21.58350977824246
Maldives,MDV,2009,2345294875.0,2271646188.0,3.2420844138955296
Maldives,MDV,2010,2588176055.0,2345294875.0,10.35610415513315
Maldives,MDV,2011,2774350163.0,2588176055.0,7.193255174443691
Maldives,MDV,2012,2886163938.0,2774350163.0,4.030269015468901
Maldives,MDV,2013,3295009231.0,2886163938.0,14.165698892465329
Maldives,MDV,2014,3697353155.0,3295009231.0,12.210707035800716
Maldives,MDV,2015,4109416450.0,3697353155.0,11.144818407264111
Maldives,MDV,2016,4379134273.0,4109416450.0,6.563409337595849
Maldives,MDV,2017,4754185599.0,4379134273.0,8.564508476308141
Maldives,MDV,2018,5300949823.0,4754185599.0,11.500691603521052
Maldives,MDV,2019,5609385434.0,5300949823.0,5.8184970863475405
Maldives,MDV,2020,3746329358.0,5609385434.0,-33.2131941711032
Maldives,MDV,2021,5405557162.0,3746329358.0,44.28942694151665
Maldives,MDV,2022,6189865408.0,5405557162.0,14.50929520297246
Mali,MLI,1967,275494477.8,,
Mali,MLI,1968,343771973.3,275494477.8,24.78361673353293
Mali,MLI,1969,339913866.6,343771973.3,-1.1222865735576182
Mali,MLI,1970,359772315.1,339913866.6,5.842200172247991
Mali,MLI,1971,395218629.4,359772315.1,9.852429665175189
Mali,MLI,1972,486617279.4,395218629.4,23.126098620086964
Mali,MLI,1973,563683703.2,486617279.4,15.837173701481188
Mali,MLI,1974,538747340.8,563683703.2,-4.423821774239311
Mali,MLI,1975,830710613.9,538747340.8,54.192986394411925
Mali,MLI,1976,939228016.2,830710613.9,13.063201611272923
Mali,MLI,1977,1049838550.0,939228016.2,11.776749829877996
Mali,MLI,1978,1222702572.0,1049838550.0,16.465771998942124
Mali,MLI,1979,1595422954.0,1222702572.0,30.48332362549411
Mali,MLI,1980,1759691183.0,1595422954.0,10.296218227784127
Mali,MLI,1981,1538972427.0,1759691183.0,-12.543039263497857
Mali,MLI,1982,1333754226.0,1538972427.0,-13.334754892265522
Mali,MLI,1983,1297765326.0,1333754226.0,-2.698315724024558
Mali,MLI,1984,1232932105.0,1297765326.0,-4.995758455022859
Mali,MLI,1985,1392196049.0,1232932105.0,12.91749507974731
Mali,MLI,1986,1852163456.0,1392196049.0,33.03898235671547
Mali,MLI,1987,2090629984.0,1852163456.0,12.875026079771645
Mali,MLI,1988,2169040605.0,2090629984.0,3.7505738270326106
Mali,MLI,1989,2181821906.0,2169040605.0,0.5892605684991281
Mali,MLI,1990,2681912149.0,2181821906.0,22.920763680333135
Mali,MLI,1991,2724131460.0,2681912149.0,1.5742242345910595
Mali,MLI,1992,2830673381.0,2724131460.0,3.911041833495066
Mali,MLI,1993,2818281080.0,2830673381.0,-0.43778632615050217
Mali,MLI,1994,2081846499.0,2818281080.0,-26.130629277048545
Mali,MLI,1995,2706425158.0,2081846499.0,30.001186893462695
Mali,MLI,1996,2780422048.0,2706425158.0,2.734119204489005
Mali,MLI,1997,2697105822.0,2780422048.0,-2.996531625834664
Mali,MLI,1998,2920358713.0,2697105822.0,8.277498390272653
Mali,MLI,1999,3440724708.0,2920358713.0,17.818564297720908
Mali,MLI,2000,2961484954.0,3440724708.0,-13.928453877339376
Mali,MLI,2001,3468337941.0,2961484954.0,17.114825665935165
Mali,MLI,2002,3908121310.0,3468337941.0,12.679945740039411
Mali,MLI,2003,4714071978.0,3908121310.0,20.622457801853656
Mali,MLI,2004,5454249123.0,4714071978.0,15.701439190031818
Mali,MLI,2005,6247515892.0,5454249123.0,14.544014237539615
Mali,MLI,2006,6905934219.0,6247515892.0,10.538881987368942
Mali,MLI,2007,8156468818.0,6905934219.0,18.108116285838015
Mali,MLI,2008,9838403091.0,8156468818.0,20.620863152057222
Mali,MLI,2009,10231962383.0,9838403091.0,4.000235489029924
Mali,MLI,2010,10689168011.0,10231962383.0,4.468406068024922
Mali,MLI,2011,12995112698.0,10689168011.0,21.572723757611456
Mali,MLI,2012,12442035328.0,12995112698.0,-4.256041350723494
Mali,MLI,2013,13242690790.0,12442035328.0,6.435084300059635
Mali,MLI,2014,14364937128.0,13242690790.0,8.474458520525484
Mali,MLI,2015,13104764379.0,14364937128.0,-8.772560142596674
Mali,MLI,2016,14026048334.0,13104764379.0,7.030145131615884
Mali,MLI,2017,15365713059.0,14026048334.0,9.551262715618702
Mali,MLI,2018,17070867578.0,15365713059.0,11.097138886120606
Mali,MLI,2019,17280250805.0,17070867578.0,1.226552933196201
Mali,MLI,2020,17465392779.0,17280250805.0,1.0714079100427654
Mali,MLI,2021,19309463506.0,17465392779.0,10.558426886438355
Mali,MLI,2022,18827176532.0,19309463506.0,-2.497671537327484
Malta,MLT,1970,250721821.6,,
Malta,MLT,1971,264579879.8,250721821.6,5.527264484424932
Malta,MLT,1972,295118249.3,264579879.8,11.54221157069253
Malta,MLT,1973,345602025.4,295118249.3,17.106287469427595
Malta,MLT,1974,376094108.5,345602025.4,8.822889004978629
Malta,MLT,1975,474620439.6,376094108.5,26.197254589538453
Malta,MLT,1976,527936988.8,474620439.6,11.233513087833735
Malta,MLT,1977,625573345.5,527936988.8,18.493941279228654
Malta,MLT,1978,793675169.9,625573345.5,26.87164112876992
Malta,MLT,1979,1001300838.0,793675169.9,26.16003069948125
Malta,MLT,1980,1250242108.0,1001300838.0,24.86178584422596
Malta,MLT,1981,1243469361.0,1250242108.0,-0.5417148372033553
Malta,MLT,1982,1234518125.0,1243469361.0,-0.7198597955643593
Malta,MLT,1983,1165771369.0,1234518125.0,-5.568711759497258
Malta,MLT,1984,1101828569.0,1165771369.0,-5.485020622427039
Malta,MLT,1985,1117835286.0,1101828569.0,1.4527411477928354
Malta,MLT,1986,1435079200.0,1117835286.0,28.380202161555303
Malta,MLT,1987,1751247763.0,1435079200.0,22.031436522806548
Malta,MLT,1988,2019474244.0,1751247763.0,15.316306845155413
Malta,MLT,1989,2118574772.0,2019474244.0,4.907243966811392
Malta,MLT,1990,2547163582.0,2118574772.0,20.230053508821833
Malta,MLT,1991,2750041434.0,2547163582.0,7.964853668357774
Malta,MLT,1992,3021910217.0,2750041434.0,9.885988612344665
Malta,MLT,1993,2709178327.0,3021910217.0,-10.348814741109823
Malta,MLT,1994,2998570147.0,2709178327.0,10.681903701793495
Malta,MLT,1995,3461332685.0,2998570147.0,15.432773465812799
Malta,MLT,1996,3585755121.0,3461332685.0,3.59463961783264
Malta,MLT,1997,3722389056.0,3585755121.0,3.8104647525929014
Malta,MLT,1998,3958227428.0,3722389056.0,6.335672291424221
Malta,MLT,1999,4155187258.0,3958227428.0,4.975960416188596
Malta,MLT,2000,4323339212.0,4155187258.0,4.046796054167134
Malta,MLT,2001,4355146428.0,4323339212.0,0.7357094699327549
Malta,MLT,2002,4693495693.0,4355146428.0,7.7689526768765615
Malta,MLT,2003,5489359281.0,4693495693.0,16.956734171227026
Malta,MLT,2004,6116591928.0,5489359281.0,11.426336205957654
Malta,MLT,2005,6407287651.0,6116591928.0,4.752576703200995
Malta,MLT,2006,6778321415.0,6407287651.0,5.79080859499248
Malta,MLT,2007,7925403778.0,6778321415.0,16.922808653800026
Malta,MLT,2008,9090376446.0,7925403778.0,14.699221650180515
Malta,MLT,2009,8696304529.0,9090376446.0,-4.335045081366262
Malta,MLT,2010,9035819657.0,8696304529.0,3.9041310808263674
Malta,MLT,2011,9638733344.0,9035819657.0,6.672484731730188
Malta,MLT,2012,9461826174.0,9638733344.0,-1.8353777792817882
Malta,MLT,2013,10550968139.0,9461826174.0,11.510906509705654
Malta,MLT,2014,11625843214.0,10550968139.0,10.187454467110868
Malta,MLT,2015,11091467514.0,11625843214.0,-4.596446813909361
Malta,MLT,2016,11667976403.0,11091467514.0,5.197769260670992
Malta,MLT,2017,13489296992.0,11667976403.0,15.609566955686628
Malta,MLT,2018,15298004130.0,13489296992.0,13.408461086390755
Malta,MLT,2019,15881258056.0,15298004130.0,3.812614515224344
Malta,MLT,2020,15046136935.0,15881258056.0,-5.258532529697724
Malta,MLT,2021,17743376199.0,15046136935.0,17.926456974652005
Malta,MLT,2022,17765270015.0,17743376199.0,0.12339148848816706
Marshall Islands,MHL,1981,31020000.0,,
Marshall Islands,MHL,1982,34918000.0,31020000.0,12.566086395873622
Marshall Islands,MHL,1983,41749000.0,34918000.0,19.562976115470534
Marshall Islands,MHL,1984,45144000.0,41749000.0,8.131931303743812
Marshall Islands,MHL,1985,43879000.0,45144000.0,-2.8021442495126725
Marshall Islands,MHL,1986,55989000.0,43879000.0,27.598623487317386
Marshall Islands,MHL,1987,62983000.0,55989000.0,12.491739448820294
Marshall Islands,MHL,1988,70688000.0,62983000.0,12.233459822491778
Marshall Islands,MHL,1989,72798000.0,70688000.0,2.9849479402444645
Marshall Islands,MHL,1990,78476000.0,72798000.0,7.799664825956754
Marshall Islands,MHL,1991,82507000.0,78476000.0,5.136602273306479
Marshall Islands,MHL,1992,91063000.0,82507000.0,10.370029209642828
Marshall Islands,MHL,1993,99461000.0,91063000.0,9.222186837683811
Marshall Islands,MHL,1994,108071000.0,99461000.0,8.65665939413438
Marshall Islands,MHL,1995,120230000.0,108071000.0,11.250936884085473
Marshall Islands,MHL,1996,110858000.0,120230000.0,-7.795059469350408
Marshall Islands,MHL,1997,110705600.0,110858000.0,-0.13747316386728547
Marshall Islands,MHL,1998,112279400.0,110705600.0,1.4216083016577397
Marshall Islands,MHL,1999,114326300.0,112279400.0,1.8230414483867863
Marshall Islands,MHL,2000,115347500.0,114326300.0,0.8932327907052118
Marshall Islands,MHL,2001,122824000.0,115347500.0,6.481718286048688
Marshall Islands,MHL,2002,131738200.0,122824000.0,7.257702077769812
Marshall Islands,MHL,2003,131398500.0,131738200.0,-0.2578599069973597
Marshall Islands,MHL,2004,132934600.0,131398500.0,1.1690392203868472
Marshall Islands,MHL,2005,137666300.0,132934600.0,3.559419443846834
Marshall Islands,MHL,2006,142745200.0,137666300.0,3.6892834339268266
Marshall Islands,MHL,2007,149870000.0,142745200.0,4.9912711600810455
Marshall Islands,MHL,2008,145969100.0,149870000.0,-2.602855808367255
Marshall Islands,MHL,2009,150624900.0,145969100.0,3.189579164357381
Marshall Islands,MHL,2010,160318500.0,150624900.0,6.435589334831104
Marshall Islands,MHL,2011,171567100.0,160318500.0,7.016407962898863
Marshall Islands,MHL,2012,179855800.0,171567100.0,4.831171011225344
Marshall Islands,MHL,2013,185468000.0,179855800.0,3.120388666920948
Marshall Islands,MHL,2014,185172900.0,185468000.0,-0.1591110056721412
Marshall Islands,MHL,2015,182997300.0,185172900.0,-1.1749019429948993
Marshall Islands,MHL,2016,200716000.0,182997300.0,9.682492583223912
Marshall Islands,MHL,2017,212701200.0,200716000.0,5.971223021582728
Marshall Islands,MHL,2018,219330300.0,212701200.0,3.11662557616037
Marshall Islands,MHL,2019,232092300.0,219330300.0,5.818621503732047
Marshall Islands,MHL,2020,241722400.0,232092300.0,4.149254413007242
Marshall Islands,MHL,2021,259538700.0,241722400.0,7.370562264812852
Marshall Islands,MHL,2022,279667900.0,259538700.0,7.75576050893374
Mauritania,MRT,1961,159213426.5,,
Mauritania,MRT,1962,164271553.7,159213426.5,3.1769476426662946
Mauritania,MRT,1963,168186293.2,164271553.7,2.383090323203052
Mauritania,MRT,1964,224495738.5,168186293.2,33.48040094625262
Mauritania,MRT,1965,255340469.0,224495738.5,13.73956169773798
Mauritania,MRT,1966,266533598.9,255340469.0,4.383609830371227
Mauritania,MRT,1967,282615303.6,266533598.9,6.033650078778119
Mauritania,MRT,1968,311395929.9,282615303.6,10.183675807144056
Mauritania,MRT,1969,295062290.3,311395929.9,-5.245296431859359
Mauritania,MRT,1970,309405315.8,295062290.3,4.861016121516903
Mauritania,MRT,1971,335568937.1,309405315.8,8.456099479852575
Mauritania,MRT,1972,391669449.3,335568937.1,16.718028994227787
Mauritania,MRT,1973,493237913.2,391669449.3,25.932189523978778
Mauritania,MRT,1974,613010507.4,493237913.2,24.28292533778402
Mauritania,MRT,1975,703377837.5,613010507.4,14.741562992660718
Mauritania,MRT,1976,775045516.9,703377837.5,10.189072725795123
Mauritania,MRT,1977,799029958.7,775045516.9,3.0945849343058107
Mauritania,MRT,1978,804629876.8,799029958.7,0.700839566655409
Mauritania,MRT,1979,951900945.2,804629876.8,18.30295799923498
Mauritania,MRT,1980,1047925030.0,951900945.2,10.087613137081686
Mauritania,MRT,1981,1105494605.0,1047925030.0,5.493673054073334
Mauritania,MRT,1982,1108776724.0,1105494605.0,0.2968914533961087
Mauritania,MRT,1983,1165171334.0,1108776724.0,5.086200745317959
Mauritania,MRT,1984,1074373174.0,1165171334.0,-7.792687422912515
Mauritania,MRT,1985,1009723326.0,1074373174.0,-6.017448086431843
Mauritania,MRT,1986,1186628779.0,1009723326.0,17.5201907735268
Mauritania,MRT,1987,1344664664.0,1186628779.0,13.318055974774223
Mauritania,MRT,1988,1414951227.0,1344664664.0,5.227069981218757
Mauritania,MRT,1989,1450647019.0,1414951227.0,2.5227577685262403
Mauritania,MRT,1990,1506914408.0,1450647019.0,3.8787787975318677
Mauritania,MRT,1991,2133692610.0,1506914408.0,41.593483921350895
Mauritania,MRT,1992,2164298425.0,2133692610.0,1.4344060084643617
Mauritania,MRT,1993,1847353160.0,2164298425.0,-14.644249671807618
Mauritania,MRT,1994,1944876755.0,1847353160.0,5.27909861046818
Mauritania,MRT,1995,2091726048.0,1944876755.0,7.550570627288922
Mauritania,MRT,1996,2132087061.0,2091726048.0,1.9295554041883767
Mauritania,MRT,1997,2071996519.0,2132087061.0,-2.8183906323138608
Mauritania,MRT,1998,2032347629.0,2071996519.0,-1.9135596819986778
Mauritania,MRT,1999,1985922807.0,2032347629.0,-2.284295331052344
Mauritania,MRT,2000,1779520862.0,1985922807.0,-10.393251151176287
Mauritania,MRT,2001,1746063580.0,1779520862.0,-1.8801286747713308
Mauritania,MRT,2002,1777057503.0,1746063580.0,1.7750741356165278
Mauritania,MRT,2003,2051147607.0,1777057503.0,15.423817379982662
Mauritania,MRT,2004,2362501023.0,2051147607.0,15.179473916817932
Mauritania,MRT,2005,2936019526.0,2362501023.0,24.275904959047303
Mauritania,MRT,2006,3919577286.0,2936019526.0,33.49970091445502
Mauritania,MRT,2007,4346212411.0,3919577286.0,10.884722863454211
Mauritania,MRT,2008,5206437121.0,4346212411.0,19.792514231997128
Mauritania,MRT,2009,4714595488.0,5206437121.0,-9.446798675742619
Mauritania,MRT,2010,5628878866.0,4714595488.0,19.392615555822633
Mauritania,MRT,2011,6764627666.0,5628878866.0,20.17717607781968
Mauritania,MRT,2012,6728208836.0,6764627666.0,-0.5383715379199128
Mauritania,MRT,2013,7223071177.0,6728208836.0,7.3550383625458515
Mauritania,MRT,2014,6592537782.0,7223071177.0,-8.729436268159319
Mauritania,MRT,2015,6166863960.0,6592537782.0,-6.456903791469237
Mauritania,MRT,2016,6398741856.0,6166863960.0,3.760061799709291
Mauritania,MRT,2017,6800138755.0,6398741856.0,6.273059736323261
Mauritania,MRT,2018,7473550557.0,6800138755.0,9.902912664904884
Mauritania,MRT,2019,8066118984.0,7473550557.0,7.928874267733144
Mauritania,MRT,2020,8405498736.0,8066118984.0,4.207472672709089
Mauritania,MRT,2021,9996240419.0,8405498736.0,18.925012458653946
Mauritania,MRT,2022,10375460680.0,9996240419.0,3.7936288554966113
Mauritius,MUS,1976,704030891.3,,
Mauritius,MUS,1977,823633426.2,704030891.3,16.988250995514242
Mauritius,MUS,1978,1015369264.0,823633426.2,23.27926862859515
Mauritius,MUS,1979,1211139631.0,1015369264.0,19.2807064327289
Mauritius,MUS,1980,1131789419.0,1211139631.0,-6.551698084099766
Mauritius,MUS,1981,1142388228.0,1131789419.0,0.9364647541381554
Mauritius,MUS,1982,1078403870.0,1142388228.0,-5.600929389128828
Mauritius,MUS,1983,1090276947.0,1078403870.0,1.100986126839465
Mauritius,MUS,1984,1040554576.0,1090276947.0,-4.560526675063226
Mauritius,MUS,1985,1076122256.0,1040554576.0,3.418146517285603
Mauritius,MUS,1986,1462904782.0,1076122256.0,35.9422476250691
Mauritius,MUS,1987,1880850480.0,1462904782.0,28.56957630753032
Mauritius,MUS,1988,2134513097.0,1880850480.0,13.486591289276761
Mauritius,MUS,1989,2181935024.0,2134513097.0,2.2216742106970555
Mauritius,MUS,1990,2653485952.0,2181935024.0,21.611593508203384
Mauritius,MUS,1991,2856889160.0,2653485952.0,7.665509133247528
Mauritius,MUS,1992,3224265821.0,2856889160.0,12.859324965901031
Mauritius,MUS,1993,3263363787.0,3224265821.0,1.2126160859737611
Mauritius,MUS,1994,3558143644.0,3263363787.0,9.033006316191017
Mauritius,MUS,1995,4040342060.0,3558143644.0,13.551965975660307
Mauritius,MUS,1996,4421952123.0,4040342060.0,9.444993946873904
Mauritius,MUS,1997,4187375887.0,4421952123.0,-5.304811754516592
Mauritius,MUS,1998,4169672975.0,4187375887.0,-0.4227686378707962
Mauritius,MUS,1999,4343708896.0,4169672975.0,4.1738506123492725
Mauritius,MUS,2000,4663321022.0,4343708896.0,7.358046629098958
Mauritius,MUS,2001,4613637222.0,4663321022.0,-1.065416679778386
Mauritius,MUS,2002,4841310240.0,4613637222.0,4.934783708488122
Mauritius,MUS,2003,5816559039.0,4841310240.0,20.144315291804137
Mauritius,MUS,2004,6578840499.0,5816559039.0,13.105367879684637
Mauritius,MUS,2005,6488743120.0,6578840499.0,-1.3695024072052697
Mauritius,MUS,2006,7028810755.0,6488743120.0,8.323147102793605
Mauritius,MUS,2007,8150150144.0,7028810755.0,15.953472473310315
Mauritius,MUS,2008,9990356849.0,8150150144.0,22.57880741442204
Mauritius,MUS,2009,9128843109.0,9990356849.0,-8.623453126063607
Mauritius,MUS,2010,10003670690.0,9128843109.0,9.583115522464404
Mauritius,MUS,2011,11518413430.0,10003670690.0,15.141869289181887
Mauritius,MUS,2012,11668696526.0,11518413430.0,1.3047204540217683
Mauritius,MUS,2013,12292974008.0,11668696526.0,5.350019006913032
Mauritius,MUS,2014,13074130094.0,12292974008.0,6.354492293660097
Mauritius,MUS,2015,12007291046.0,13074130094.0,-8.15992376035477
Mauritius,MUS,2016,12594155346.0,12007291046.0,4.887566210827399
Mauritius,MUS,2017,13713505998.0,12594155346.0,8.887858067873644
Mauritius,MUS,2018,14735695931.0,13713505998.0,7.4538920473661285
Mauritius,MUS,2019,14436347115.0,14735695931.0,-2.031453535697958
Mauritius,MUS,2020,11401040996.0,14436347115.0,-21.02544428185842
Mauritius,MUS,2021,11476433604.0,11401040996.0,0.6612782817503327
Mauritius,MUS,2022,12898307089.0,11476433604.0,12.389506479647295
Mexico,MEX,1960,13039999987.0,,
Mexico,MEX,1961,14159999986.0,13039999987.0,8.588957056108626
Mexico,MEX,1962,15199999985.0,14159999986.0,7.344632768561077
Mexico,MEX,1963,16959999983.0,15199999985.0,11.57894736668974
Mexico,MEX,1964,20079999980.0,16959999983.0,18.396226415845284
Mexico,MEX,1965,21839999978.0,20079999980.0,8.76494023781369
Mexico,MEX,1966,24319999976.0,21839999978.0,11.355311357592356
Mexico,MEX,1967,26559999973.0,24319999976.0,9.210526312543287
Mexico,MEX,1968,29359999971.0,26559999973.0,10.542168677885488
Mexico,MEX,1969,32479999968.0,29359999971.0,10.626702997553616
Mexico,MEX,1970,35519999964.0,32479999968.0,9.359605908236057
Mexico,MEX,1971,39199999964.0,35519999964.0,10.360360370860722
Mexico,MEX,1972,45199916695.0,39199999964.0,15.305910042117677
Mexico,MEX,1973,55280212668.0,45199916695.0,22.301580865778625
Mexico,MEX,1974,72000179026.0,55280212668.0,30.245843044085596
Mexico,MEX,1975,88000000000.0,72000179026.0,22.22191832081737
Mexico,MEX,1976,88876787991.0,88000000000.0,0.9963499897727379
Mexico,MEX,1977,81912502624.0,88876787991.0,-7.835887777250939
Mexico,MEX,1978,103000000000.0,81912502624.0,25.743930047891684
Mexico,MEX,1979,135000000000.0,103000000000.0,31.06796116504855
Mexico,MEX,1980,206000000000.0,135000000000.0,52.59259259259259
Mexico,MEX,1981,264000000000.0,206000000000.0,28.155339805825253
Mexico,MEX,1982,185000000000.0,264000000000.0,-29.92424242424242
Mexico,MEX,1983,156000000000.0,185000000000.0,-15.67567567567567
Mexico,MEX,1984,184000000000.0,156000000000.0,17.948717948717952
Mexico,MEX,1985,195000000000.0,184000000000.0,5.978260869565211
Mexico,MEX,1986,135000000000.0,195000000000.0,-30.76923076923077
Mexico,MEX,1987,148000000000.0,135000000000.0,9.629629629629633
Mexico,MEX,1988,182000000000.0,148000000000.0,22.972972972972983
Mexico,MEX,1989,221000000000.0,182000000000.0,21.42857142857142
Mexico,MEX,1990,261000000000.0,221000000000.0,18.09954751131222
Mexico,MEX,1991,313000000000.0,261000000000.0,19.92337164750957
Mexico,MEX,1992,363000000000.0,313000000000.0,15.974440894568698
Mexico,MEX,1993,501000000000.0,363000000000.0,38.01652892561984
Mexico,MEX,1994,528000000000.0,501000000000.0,5.389221556886237
Mexico,MEX,1995,360000000000.0,528000000000.0,-31.818181818181824
Mexico,MEX,1996,411000000000.0,360000000000.0,14.16666666666666
Mexico,MEX,1997,500000000000.0,411000000000.0,21.654501216545018
Mexico,MEX,1998,527000000000.0,500000000000.0,5.400000000000005
Mexico,MEX,1999,600000000000.0,527000000000.0,13.851992409867165
Mexico,MEX,2000,708000000000.0,600000000000.0,17.999999999999993
Mexico,MEX,2001,757000000000.0,708000000000.0,6.920903954802249
Mexico,MEX,2002,772000000000.0,757000000000.0,1.9815059445178251
Mexico,MEX,2003,729000000000.0,772000000000.0,-5.569948186528495
Mexico,MEX,2004,782000000000.0,729000000000.0,7.270233196159115
Mexico,MEX,2005,877000000000.0,782000000000.0,12.148337595907922
Mexico,MEX,2006,975000000000.0,877000000000.0,11.174458380843788
Mexico,MEX,2007,1050000000000.0,975000000000.0,7.692307692307687
Mexico,MEX,2008,1110000000000.0,1050000000000.0,5.714285714285716
Mexico,MEX,2009,900000000000.0,1110000000000.0,-18.918918918918916
Mexico,MEX,2010,1060000000000.0,900000000000.0,17.777777777777782
Mexico,MEX,2011,1180000000000.0,1060000000000.0,11.32075471698113
Mexico,MEX,2012,1200000000000.0,1180000000000.0,1.6949152542372836
Mexico,MEX,2013,1270000000000.0,1200000000000.0,5.833333333333335
Mexico,MEX,2014,1320000000000.0,1270000000000.0,3.937007874015741
Mexico,MEX,2015,1170000000000.0,1320000000000.0,-11.363636363636365
Mexico,MEX,2016,1080000000000.0,1170000000000.0,-7.692307692307687
Mexico,MEX,2017,1160000000000.0,1080000000000.0,7.407407407407418
Mexico,MEX,2018,1220000000000.0,1160000000000.0,5.1724137931034475
Mexico,MEX,2019,1270000000000.0,1220000000000.0,4.098360655737698
Mexico,MEX,2020,1090000000000.0,1270000000000.0,-14.173228346456689
Mexico,MEX,2021,1270000000000.0,1090000000000.0,16.5137614678899
Mexico,MEX,2022,1410000000000.0,1270000000000.0,11.023622047244096
"Micronesia, Fed. Sts.",FSM,1983,106500000.0,,
"Micronesia, Fed. Sts.",FSM,1986,112210000.0,106500000.0,5.361502347417835
"Micronesia, Fed. Sts.",FSM,1987,116700000.0,112210000.0,4.00142589787007
"Micronesia, Fed. Sts.",FSM,1988,124700000.0,116700000.0,6.8551842330762724
"Micronesia, Fed. Sts.",FSM,1989,135200000.0,124700000.0,8.420208500400971
"Micronesia, Fed. Sts.",FSM,1990,147200000.0,135200000.0,8.875739644970416
"Micronesia, Fed. Sts.",FSM,1991,166200000.0,147200000.0,12.907608695652172
"Micronesia, Fed. Sts.",FSM,1992,178100000.0,166200000.0,7.160048134777375
"Micronesia, Fed. Sts.",FSM,1993,198400000.0,178100000.0,11.398090960134756
"Micronesia, Fed. Sts.",FSM,1994,202500000.0,198400000.0,2.066532258064524
"Micronesia, Fed. Sts.",FSM,1995,221575300.0,202500000.0,9.419901234567906
"Micronesia, Fed. Sts.",FSM,1996,218534700.0,221575300.0,-1.3722648688730188
"Micronesia, Fed. Sts.",FSM,1997,206626300.0,218534700.0,-5.449203261541536
"Micronesia, Fed. Sts.",FSM,1998,218873100.0,206626300.0,5.927028650273458
"Micronesia, Fed. Sts.",FSM,1999,220140500.0,218873100.0,0.5790569969539527
"Micronesia, Fed. Sts.",FSM,2000,233271800.0,220140500.0,5.964963284811287
"Micronesia, Fed. Sts.",FSM,2001,240970900.0,233271800.0,3.3004846706717217
"Micronesia, Fed. Sts.",FSM,2002,242517200.0,240970900.0,0.6416957400250389
"Micronesia, Fed. Sts.",FSM,2003,245432900.0,242517200.0,1.2022652413931967
"Micronesia, Fed. Sts.",FSM,2004,240236000.0,245432900.0,-2.117442282595361
"Micronesia, Fed. Sts.",FSM,2005,250281900.0,240236000.0,4.1816796816463775
"Micronesia, Fed. Sts.",FSM,2006,253541900.0,250281900.0,1.3025312657447552
"Micronesia, Fed. Sts.",FSM,2007,256787200.0,253541900.0,1.279985674951556
"Micronesia, Fed. Sts.",FSM,2008,263145100.0,256787200.0,2.4759411684071475
"Micronesia, Fed. Sts.",FSM,2009,280284600.0,263145100.0,6.513326677943088
"Micronesia, Fed. Sts.",FSM,2010,296944100.0,280284600.0,5.943780000756371
"Micronesia, Fed. Sts.",FSM,2011,311301600.0,296944100.0,4.835085122081906
"Micronesia, Fed. Sts.",FSM,2012,327248700.0,311301600.0,5.122717004988098
"Micronesia, Fed. Sts.",FSM,2013,317214400.0,327248700.0,-3.066261225789435
"Micronesia, Fed. Sts.",FSM,2014,319271200.0,317214400.0,0.6483942721389635
"Micronesia, Fed. Sts.",FSM,2015,316489900.0,319271200.0,-0.8711402719694061
"Micronesia, Fed. Sts.",FSM,2016,332265200.0,316489900.0,4.984456060051201
"Micronesia, Fed. Sts.",FSM,2017,366666800.0,332265200.0,10.35365725932178
"Micronesia, Fed. Sts.",FSM,2018,401932300.0,366666800.0,9.617860138959955
"Micronesia, Fed. Sts.",FSM,2019,412000000.0,401932300.0,2.5048248175127963
"Micronesia, Fed. Sts.",FSM,2020,408000000.0,412000000.0,-0.9708737864077666
"Micronesia, Fed. Sts.",FSM,2021,404028900.0,408000000.0,-0.9733088235294063
"Micronesia, Fed. Sts.",FSM,2022,427094119.1,404028900.0,5.708804271179613
Middle East & North Africa,MEA,1968,44717172686.0,,
Middle East & North Africa,MEA,1969,49452094478.0,44717172686.0,10.588598311543972
Middle East & North Africa,MEA,1970,55907595961.0,49452094478.0,13.054050695207442
Middle East & North Africa,MEA,1971,66167288441.0,55907595961.0,18.351160166423462
Middle East & North Africa,MEA,1972,80153352071.0,66167288441.0,21.13742902200244
Middle East & North Africa,MEA,1973,109000000000.0,80153352071.0,35.98932194806723
Middle East & North Africa,MEA,1974,203000000000.0,109000000000.0,86.23853211009174
Middle East & North Africa,MEA,1975,224000000000.0,203000000000.0,10.344827586206895
Middle East & North Africa,MEA,1976,283000000000.0,224000000000.0,26.339285714285722
Middle East & North Africa,MEA,1977,329000000000.0,283000000000.0,16.254416961130747
Middle East & North Africa,MEA,1978,352000000000.0,329000000000.0,6.990881458966558
Middle East & North Africa,MEA,1979,462000000000.0,352000000000.0,31.25
Middle East & North Africa,MEA,1980,598000000000.0,462000000000.0,29.43722943722944
Middle East & North Africa,MEA,1981,619000000000.0,598000000000.0,3.511705685618738
Middle East & North Africa,MEA,1982,618000000000.0,619000000000.0,-0.1615508885298822
Middle East & North Africa,MEA,1983,626000000000.0,618000000000.0,1.2944983818770295
Middle East & North Africa,MEA,1984,638000000000.0,626000000000.0,1.9169329073482455
Middle East & North Africa,MEA,1985,655000000000.0,638000000000.0,2.6645768025078453
Middle East & North Africa,MEA,1986,672000000000.0,655000000000.0,2.595419847328251
Middle East & North Africa,MEA,1987,619000000000.0,672000000000.0,-7.886904761904767
Middle East & North Africa,MEA,1988,587000000000.0,619000000000.0,-5.169628432956386
Middle East & North Africa,MEA,1989,609000000000.0,587000000000.0,3.747870528109032
Middle East & North Africa,MEA,1990,806000000000.0,609000000000.0,32.34811165845648
Middle East & North Africa,MEA,1991,564000000000.0,806000000000.0,-30.024813895781634
Middle East & North Africa,MEA,1992,616000000000.0,564000000000.0,9.219858156028371
Middle East & North Africa,MEA,1993,625000000000.0,616000000000.0,1.4610389610389518
Middle East & North Africa,MEA,1994,660000000000.0,625000000000.0,5.600000000000005
Middle East & North Africa,MEA,1995,744000000000.0,660000000000.0,12.72727272727272
Middle East & North Africa,MEA,1996,840000000000.0,744000000000.0,12.903225806451623
Middle East & North Africa,MEA,1997,884000000000.0,840000000000.0,5.238095238095242
Middle East & North Africa,MEA,1998,869000000000.0,884000000000.0,-1.6968325791855254
Middle East & North Africa,MEA,1999,942000000000.0,869000000000.0,8.400460299194478
Middle East & North Africa,MEA,2000,1050000000000.0,942000000000.0,11.46496815286624
Middle East & North Africa,MEA,2001,1050000000000.0,1050000000000.0,0.0
Middle East & North Africa,MEA,2002,1040000000000.0,1050000000000.0,-0.952380952380949
Middle East & North Africa,MEA,2003,1160000000000.0,1040000000000.0,11.538461538461542
Middle East & North Africa,MEA,2004,1370000000000.0,1160000000000.0,18.10344827586208
Middle East & North Africa,MEA,2005,1640000000000.0,1370000000000.0,19.7080291970803
Middle East & North Africa,MEA,2006,1920000000000.0,1640000000000.0,17.07317073170731
Middle East & North Africa,MEA,2007,2270000000000.0,1920000000000.0,18.229166666666675
Middle East & North Africa,MEA,2008,2830000000000.0,2270000000000.0,24.669603524229068
Middle East & North Africa,MEA,2009,2560000000000.0,2830000000000.0,-9.540636042402827
Middle East & North Africa,MEA,2010,2980000000000.0,2560000000000.0,16.40625
Middle East & North Africa,MEA,2011,3370000000000.0,2980000000000.0,13.087248322147648
Middle East & North Africa,MEA,2012,3640000000000.0,3370000000000.0,8.01186943620178
Middle East & North Africa,MEA,2013,3580000000000.0,3640000000000.0,-1.6483516483516536
Middle East & North Africa,MEA,2014,3600000000000.0,3580000000000.0,0.5586592178770999
Middle East & North Africa,MEA,2015,3180000000000.0,3600000000000.0,-11.66666666666667
Middle East & North Africa,MEA,2016,3210000000000.0,3180000000000.0,0.9433962264151052
Middle East & North Africa,MEA,2017,3350000000000.0,3210000000000.0,4.361370716510904
Middle East & North Africa,MEA,2018,3520000000000.0,3350000000000.0,5.074626865671639
Middle East & North Africa,MEA,2019,3520000000000.0,3520000000000.0,0.0
Middle East & North Africa,MEA,2020,3160000000000.0,3520000000000.0,-10.22727272727273
Middle East & North Africa,MEA,2021,3740000000000.0,3160000000000.0,18.354430379746844
Middle East & North Africa,MEA,2022,4410000000000.0,3740000000000.0,17.914438502673804
Middle East & North Africa (excluding high income),MNA,1965,23810290584.0,,
Middle East & North Africa (excluding high income),MNA,1966,24818305647.0,23810290584.0,4.233526925863584
Middle East & North Africa (excluding high income),MNA,1967,26868148666.0,24818305647.0,8.25939952612269
Middle East & North Africa (excluding high income),MNA,1968,29559642720.0,26868148666.0,10.017415369619131
Middle East & North Africa (excluding high income),MNA,1969,32795724265.0,29559642720.0,10.947634163421306
Middle East & North Africa (excluding high income),MNA,1970,37041045403.0,32795724265.0,12.94473969745702
Middle East & North Africa (excluding high income),MNA,1971,42465877970.0,37041045403.0,14.64546291277362
Middle East & North Africa (excluding high income),MNA,1972,50671066926.0,42465877970.0,19.321839905904103
Middle East & North Africa (excluding high income),MNA,1973,67263875070.0,50671066926.0,32.746119532537435
Middle East & North Africa (excluding high income),MNA,1974,103000000000.0,67263875070.0,53.12825776512313
Middle East & North Africa (excluding high income),MNA,1975,119000000000.0,103000000000.0,15.533980582524265
Middle East & North Africa (excluding high income),MNA,1976,147000000000.0,119000000000.0,23.529411764705888
Middle East & North Africa (excluding high income),MNA,1977,170000000000.0,147000000000.0,15.646258503401356
Middle East & North Africa (excluding high income),MNA,1978,183000000000.0,170000000000.0,7.647058823529407
Middle East & North Africa (excluding high income),MNA,1979,228000000000.0,183000000000.0,24.590163934426236
Middle East & North Africa (excluding high income),MNA,1980,274000000000.0,228000000000.0,20.175438596491226
Middle East & North Africa (excluding high income),MNA,1981,267000000000.0,274000000000.0,-2.5547445255474477
Middle East & North Africa (excluding high income),MNA,1982,306000000000.0,267000000000.0,14.606741573033698
Middle East & North Africa (excluding high income),MNA,1983,344000000000.0,306000000000.0,12.418300653594772
Middle East & North Africa (excluding high income),MNA,1984,364000000000.0,344000000000.0,5.813953488372103
Middle East & North Africa (excluding high income),MNA,1985,397000000000.0,364000000000.0,9.065934065934055
Middle East & North Africa (excluding high income),MNA,1986,447000000000.0,397000000000.0,12.594458438287148
Middle East & North Africa (excluding high income),MNA,1987,390000000000.0,447000000000.0,-12.751677852348998
Middle East & North Africa (excluding high income),MNA,1988,358000000000.0,390000000000.0,-8.20512820512821
Middle East & North Africa (excluding high income),MNA,1989,360000000000.0,358000000000.0,0.5586592178770999
Middle East & North Africa (excluding high income),MNA,1990,507000000000.0,360000000000.0,40.83333333333334
Middle East & North Africa (excluding high income),MNA,1991,263000000000.0,507000000000.0,-48.12623274161736
Middle East & North Africa (excluding high income),MNA,1992,289000000000.0,263000000000.0,9.885931558935358
Middle East & North Africa (excluding high income),MNA,1993,297000000000.0,289000000000.0,2.768166089965396
Middle East & North Africa (excluding high income),MNA,1994,319000000000.0,297000000000.0,7.407407407407418
Middle East & North Africa (excluding high income),MNA,1995,371000000000.0,319000000000.0,16.30094043887147
Middle East & North Africa (excluding high income),MNA,1996,428000000000.0,371000000000.0,15.363881401617242
Middle East & North Africa (excluding high income),MNA,1997,452000000000.0,428000000000.0,5.607476635514019
Middle East & North Africa (excluding high income),MNA,1998,466000000000.0,452000000000.0,3.0973451327433565
Middle East & North Africa (excluding high income),MNA,1999,506000000000.0,466000000000.0,8.58369098712446
Middle East & North Africa (excluding high income),MNA,2000,536000000000.0,506000000000.0,5.928853754940722
Middle East & North Africa (excluding high income),MNA,2001,542000000000.0,536000000000.0,1.1194029850746245
Middle East & North Africa (excluding high income),MNA,2002,528000000000.0,542000000000.0,-2.583025830258301
Middle East & North Africa (excluding high income),MNA,2003,578000000000.0,528000000000.0,9.469696969696972
Middle East & North Africa (excluding high income),MNA,2004,686000000000.0,578000000000.0,18.685121107266433
Middle East & North Africa (excluding high income),MNA,2005,809000000000.0,686000000000.0,17.930029154518955
Middle East & North Africa (excluding high income),MNA,2006,942000000000.0,809000000000.0,16.440049443757722
Middle East & North Africa (excluding high income),MNA,2007,1150000000000.0,942000000000.0,22.080679405520165
Middle East & North Africa (excluding high income),MNA,2008,1420000000000.0,1150000000000.0,23.478260869565215
Middle East & North Africa (excluding high income),MNA,2009,1380000000000.0,1420000000000.0,-2.8169014084507005
Middle East & North Africa (excluding high income),MNA,2010,1590000000000.0,1380000000000.0,15.217391304347828
Middle East & North Africa (excluding high income),MNA,2011,1640000000000.0,1590000000000.0,3.1446540880503138
Middle East & North Africa (excluding high income),MNA,2012,1760000000000.0,1640000000000.0,7.317073170731714
Middle East & North Africa (excluding high income),MNA,2013,1620000000000.0,1760000000000.0,-7.954545454545459
Middle East & North Africa (excluding high income),MNA,2014,1600000000000.0,1620000000000.0,-1.2345679012345734
Middle East & North Africa (excluding high income),MNA,2015,1440000000000.0,1600000000000.0,-9.999999999999998
Middle East & North Africa (excluding high income),MNA,2016,1480000000000.0,1440000000000.0,2.777777777777768
Middle East & North Africa (excluding high income),MNA,2017,1480000000000.0,1480000000000.0,0.0
Middle East & North Africa (excluding high income),MNA,2018,1400000000000.0,1480000000000.0,-5.405405405405405
Middle East & North Africa (excluding high income),MNA,2019,1410000000000.0,1400000000000.0,0.7142857142857117
Middle East & North Africa (excluding high income),MNA,2020,1280000000000.0,1410000000000.0,-9.219858156028371
Middle East & North Africa (excluding high income),MNA,2021,1510000000000.0,1280000000000.0,17.96875
Middle East & North Africa (excluding high income),MNA,2022,1680000000000.0,1510000000000.0,11.258278145695355
Middle East & North Africa (IDA & IBRD countries),TMN,1965,23597763392.0,,
Middle East & North Africa (IDA & IBRD countries),TMN,1966,24596781060.0,23597763392.0,4.233526929669451
Middle East & North Africa (IDA & IBRD countries),TMN,1967,26628327478.0,24596781060.0,8.25939952485799
Middle East & North Africa (IDA & IBRD countries),TMN,1968,29295797648.0,26628327478.0,10.017415371670758
Middle East & North Africa (IDA & IBRD countries),TMN,1969,32502994399.0,29295797648.0,10.947634160829733
Middle East & North Africa (IDA & IBRD countries),TMN,1970,36710422418.0,32502994399.0,12.944739697981333
Middle East & North Africa (IDA & IBRD countries),TMN,1971,42086833718.0,36710422418.0,14.645462911818253
Middle East & North Africa (IDA & IBRD countries),TMN,1972,50218784351.0,42086833718.0,19.321839907196605
Middle East & North Africa (IDA & IBRD countries),TMN,1973,66663487502.0,50218784351.0,32.746119531809306
Middle East & North Africa (IDA & IBRD countries),TMN,1974,102000000000.0,66663487502.0,53.00729653086309
Middle East & North Africa (IDA & IBRD countries),TMN,1975,118000000000.0,102000000000.0,15.686274509803933
Middle East & North Africa (IDA & IBRD countries),TMN,1976,146000000000.0,118000000000.0,23.728813559322038
Middle East & North Africa (IDA & IBRD countries),TMN,1977,169000000000.0,146000000000.0,15.753424657534243
Middle East & North Africa (IDA & IBRD countries),TMN,1978,182000000000.0,169000000000.0,7.692307692307687
Middle East & North Africa (IDA & IBRD countries),TMN,1979,226000000000.0,182000000000.0,24.17582417582418
Middle East & North Africa (IDA & IBRD countries),TMN,1980,271000000000.0,226000000000.0,19.91150442477876
Middle East & North Africa (IDA & IBRD countries),TMN,1981,265000000000.0,271000000000.0,-2.2140221402214055
Middle East & North Africa (IDA & IBRD countries),TMN,1982,304000000000.0,265000000000.0,14.716981132075468
Middle East & North Africa (IDA & IBRD countries),TMN,1983,341000000000.0,304000000000.0,12.171052631578938
Middle East & North Africa (IDA & IBRD countries),TMN,1984,361000000000.0,341000000000.0,5.8651026392961825
Middle East & North Africa (IDA & IBRD countries),TMN,1985,394000000000.0,361000000000.0,9.141274238227147
Middle East & North Africa (IDA & IBRD countries),TMN,1986,443000000000.0,394000000000.0,12.436548223350252
Middle East & North Africa (IDA & IBRD countries),TMN,1987,387000000000.0,443000000000.0,-12.641083521444695
Middle East & North Africa (IDA & IBRD countries),TMN,1988,355000000000.0,387000000000.0,-8.268733850129195
Middle East & North Africa (IDA & IBRD countries),TMN,1989,357000000000.0,355000000000.0,0.5633802816901401
Middle East & North Africa (IDA & IBRD countries),TMN,1990,503000000000.0,357000000000.0,40.89635854341738
Middle East & North Africa (IDA & IBRD countries),TMN,1991,260000000000.0,503000000000.0,-48.310139165009936
Middle East & North Africa (IDA & IBRD countries),TMN,1992,287000000000.0,260000000000.0,10.384615384615392
Middle East & North Africa (IDA & IBRD countries),TMN,1993,294000000000.0,287000000000.0,2.4390243902439046
Middle East & North Africa (IDA & IBRD countries),TMN,1994,316000000000.0,294000000000.0,7.48299319727892
Middle East & North Africa (IDA & IBRD countries),TMN,1995,368000000000.0,316000000000.0,16.455696202531644
Middle East & North Africa (IDA & IBRD countries),TMN,1996,424000000000.0,368000000000.0,15.217391304347828
Middle East & North Africa (IDA & IBRD countries),TMN,1997,449000000000.0,424000000000.0,5.89622641509433
Middle East & North Africa (IDA & IBRD countries),TMN,1998,462000000000.0,449000000000.0,2.8953229398663627
Middle East & North Africa (IDA & IBRD countries),TMN,1999,502000000000.0,462000000000.0,8.658008658008654
Middle East & North Africa (IDA & IBRD countries),TMN,2000,532000000000.0,502000000000.0,5.976095617529875
Middle East & North Africa (IDA & IBRD countries),TMN,2001,538000000000.0,532000000000.0,1.1278195488721776
Middle East & North Africa (IDA & IBRD countries),TMN,2002,525000000000.0,538000000000.0,-2.4163568773234223
Middle East & North Africa (IDA & IBRD countries),TMN,2003,574000000000.0,525000000000.0,9.333333333333327
Middle East & North Africa (IDA & IBRD countries),TMN,2004,681000000000.0,574000000000.0,18.641114982578387
Middle East & North Africa (IDA & IBRD countries),TMN,2005,803000000000.0,681000000000.0,17.914831130690168
Middle East & North Africa (IDA & IBRD countries),TMN,2006,937000000000.0,803000000000.0,16.68742216687422
Middle East & North Africa (IDA & IBRD countries),TMN,2007,1140000000000.0,937000000000.0,21.6648879402348
Middle East & North Africa (IDA & IBRD countries),TMN,2008,1410000000000.0,1140000000000.0,23.684210526315795
Middle East & North Africa (IDA & IBRD countries),TMN,2009,1370000000000.0,1410000000000.0,-2.8368794326241176
Middle East & North Africa (IDA & IBRD countries),TMN,2010,1580000000000.0,1370000000000.0,15.328467153284663
Middle East & North Africa (IDA & IBRD countries),TMN,2011,1630000000000.0,1580000000000.0,3.164556962025311
Middle East & North Africa (IDA & IBRD countries),TMN,2012,1750000000000.0,1630000000000.0,7.361963190184051
Middle East & North Africa (IDA & IBRD countries),TMN,2013,1610000000000.0,1750000000000.0,-7.9999999999999964
Middle East & North Africa (IDA & IBRD countries),TMN,2014,1590000000000.0,1610000000000.0,-1.2422360248447228
Middle East & North Africa (IDA & IBRD countries),TMN,2015,1430000000000.0,1590000000000.0,-10.062893081761004
Middle East & North Africa (IDA & IBRD countries),TMN,2016,1460000000000.0,1430000000000.0,2.0979020979021046
Middle East & North Africa (IDA & IBRD countries),TMN,2017,1460000000000.0,1460000000000.0,0.0
Middle East & North Africa (IDA & IBRD countries),TMN,2018,1380000000000.0,1460000000000.0,-5.47945205479452
Middle East & North Africa (IDA & IBRD countries),TMN,2019,1390000000000.0,1380000000000.0,0.7246376811594235
Middle East & North Africa (IDA & IBRD countries),TMN,2020,1270000000000.0,1390000000000.0,-8.633093525179858
Middle East & North Africa (IDA & IBRD countries),TMN,2021,1490000000000.0,1270000000000.0,17.322834645669282
Middle East & North Africa (IDA & IBRD countries),TMN,2022,1660000000000.0,1490000000000.0,11.409395973154357
Middle income,MIC,1960,316000000000.0,,
Middle income,MIC,1961,313000000000.0,316000000000.0,-0.9493670886076
Middle income,MIC,1962,320000000000.0,313000000000.0,2.2364217252396124
Middle income,MIC,1963,343000000000.0,320000000000.0,7.187499999999991
Middle income,MIC,1964,391000000000.0,343000000000.0,13.99416909620992
Middle income,MIC,1965,431000000000.0,391000000000.0,10.23017902813299
Middle income,MIC,1966,446000000000.0,431000000000.0,3.480278422273786
Middle income,MIC,1967,458000000000.0,446000000000.0,2.6905829596412634
Middle income,MIC,1968,484000000000.0,458000000000.0,5.676855895196509
Middle income,MIC,1969,541000000000.0,484000000000.0,11.776859504132231
Middle income,MIC,1970,595000000000.0,541000000000.0,9.981515711645095
Middle income,MIC,1971,639000000000.0,595000000000.0,7.394957983193273
Middle income,MIC,1972,716000000000.0,639000000000.0,12.050078247261343
Middle income,MIC,1973,915000000000.0,716000000000.0,27.79329608938548
Middle income,MIC,1974,1160000000000.0,915000000000.0,26.77595628415301
Middle income,MIC,1975,1280000000000.0,1160000000000.0,10.344827586206895
Middle income,MIC,1976,1380000000000.0,1280000000000.0,7.8125
Middle income,MIC,1977,1550000000000.0,1380000000000.0,12.318840579710155
Middle income,MIC,1978,1720000000000.0,1550000000000.0,10.967741935483865
Middle income,MIC,1979,1990000000000.0,1720000000000.0,15.697674418604656
Middle income,MIC,1980,2350000000000.0,1990000000000.0,18.090452261306524
Middle income,MIC,1981,2650000000000.0,2350000000000.0,12.765957446808507
Middle income,MIC,1982,2610000000000.0,2650000000000.0,-1.5094339622641506
Middle income,MIC,1983,2520000000000.0,2610000000000.0,-3.4482758620689613
Middle income,MIC,1984,2600000000000.0,2520000000000.0,3.1746031746031855
Middle income,MIC,1985,2700000000000.0,2600000000000.0,3.8461538461538547
Middle income,MIC,1986,2800000000000.0,2700000000000.0,3.703703703703698
Middle income,MIC,1987,2900000000000.0,2800000000000.0,3.571428571428581
Middle income,MIC,1988,3080000000000.0,2900000000000.0,6.206896551724128
Middle income,MIC,1989,3220000000000.0,3080000000000.0,4.545454545454541
Middle income,MIC,1990,3700000000000.0,3220000000000.0,14.906832298136653
Middle income,MIC,1991,3550000000000.0,3700000000000.0,-4.054054054054057
Middle income,MIC,1992,3710000000000.0,3550000000000.0,4.507042253521121
Middle income,MIC,1993,3970000000000.0,3710000000000.0,7.008086253369261
Middle income,MIC,1994,4300000000000.0,3970000000000.0,8.312342569269514
Middle income,MIC,1995,4830000000000.0,4300000000000.0,12.325581395348827
Middle income,MIC,1996,5290000000000.0,4830000000000.0,9.523809523809534
Middle income,MIC,1997,5600000000000.0,5290000000000.0,5.860113421550084
Middle income,MIC,1998,5410000000000.0,5600000000000.0,-3.392857142857142
Middle income,MIC,1999,5300000000000.0,5410000000000.0,-2.0332717190388205
Middle income,MIC,2000,5780000000000.0,5300000000000.0,9.056603773584904
Middle income,MIC,2001,5830000000000.0,5780000000000.0,0.865051903114189
Middle income,MIC,2002,5970000000000.0,5830000000000.0,2.401372212692965
Middle income,MIC,2003,6730000000000.0,5970000000000.0,12.730318257956451
Middle income,MIC,2004,7990000000000.0,6730000000000.0,18.7221396731055
Middle income,MIC,2005,9510000000000.0,7990000000000.0,19.02377972465581
Middle income,MIC,2006,11300000000000.0,9510000000000.0,18.822292323869604
Middle income,MIC,2007,14000000000000.0,11300000000000.0,23.893805309734507
Middle income,MIC,2008,16700000000000.0,14000000000000.0,19.285714285714285
Middle income,MIC,2009,16300000000000.0,16700000000000.0,-2.39520958083832
Middle income,MIC,2010,19900000000000.0,16300000000000.0,22.085889570552155
Middle income,MIC,2011,23700000000000.0,19900000000000.0,19.095477386934668
Middle income,MIC,2012,25300000000000.0,23700000000000.0,6.7510548523206815
Middle income,MIC,2013,26800000000000.0,25300000000000.0,5.928853754940722
Middle income,MIC,2014,27700000000000.0,26800000000000.0,3.3582089552238736
Middle income,MIC,2015,26200000000000.0,27700000000000.0,-5.415162454873645
Middle income,MIC,2016,26500000000000.0,26200000000000.0,1.1450381679389388
Middle income,MIC,2017,29100000000000.0,26500000000000.0,9.811320754716979
Middle income,MIC,2018,30900000000000.0,29100000000000.0,6.185567010309279
Middle income,MIC,2019,31700000000000.0,30900000000000.0,2.5889967637540368
Middle income,MIC,2020,30500000000000.0,31700000000000.0,-3.785488958990535
Middle income,MIC,2021,36100000000000.0,30500000000000.0,18.36065573770491
Middle income,MIC,2022,38200000000000.0,36100000000000.0,5.817174515235468
Moldova,MDA,1995,1752979926.0,,
Moldova,MDA,1996,1695122174.0,1752979926.0,-3.3005370536114187
Moldova,MDA,1997,1930081169.0,1695122174.0,13.860888530858183
Moldova,MDA,1998,1698717505.0,1930081169.0,-11.987250469879074
Moldova,MDA,1999,1170782957.0,1698717505.0,-31.07841924546483
Moldova,MDA,2000,1288429392.0,1170782957.0,10.048526440925976
Moldova,MDA,2001,1480673594.0,1288429392.0,14.920817795190434
Moldova,MDA,2002,1661818168.0,1480673594.0,12.233930201364828
Moldova,MDA,2003,1980907435.0,1661818168.0,19.20121425703416
Moldova,MDA,2004,2598249556.0,1980907435.0,31.16461224246958
Moldova,MDA,2005,2988342907.0,2598249556.0,15.013698360851379
Moldova,MDA,2006,3408255364.0,2988342907.0,14.051682489863593
Moldova,MDA,2007,4401173162.0,3408255364.0,29.13272897587964
Moldova,MDA,2008,6054824433.0,4401173162.0,37.572965437436714
Moldova,MDA,2009,5439434059.0,6054824433.0,-10.163636961065292
Moldova,MDA,2010,6974982391.0,5439434059.0,28.229928248864546
Moldova,MDA,2011,8414351672.0,6974982391.0,20.636170821839706
Moldova,MDA,2012,8709138767.0,8414351672.0,3.5033845326544633
Moldova,MDA,2013,9496717701.0,8709138767.0,9.043132220883132
Moldova,MDA,2014,9399833207.0,9496717701.0,-1.0201892595985917
Moldova,MDA,2015,7798692878.0,9399833207.0,-17.03371000038214
Moldova,MDA,2016,7982450758.0,7798692878.0,2.3562651187146733
Moldova,MDA,2017,9519053158.0,7982450758.0,19.24975733123089
Moldova,MDA,2018,11253727815.0,9519053158.0,18.22318489252417
Moldova,MDA,2019,11735774634.0,11253727815.0,4.283441246530617
Moldova,MDA,2020,11531967881.0,11735774634.0,-1.736628039955257
Moldova,MDA,2021,13692230147.0,11531967881.0,18.73281549421617
Moldova,MDA,2022,14420947884.0,13692230147.0,5.322125973464331
Monaco,MCO,1970,293073868.0,,
Monaco,MCO,1971,327651488.0,293073868.0,11.79826104455004
Monaco,MCO,1972,402460333.2,327651488.0,22.831834415475004
Monaco,MCO,1973,523552815.1,402460333.2,30.08805388028737
Monaco,MCO,1974,563939670.7,523552815.1,7.713998365625452
Monaco,MCO,1975,711922994.2,563939670.7,26.240984840863057
Monaco,MCO,1976,735339911.9,711922994.2,3.2892486814973365
Monaco,MCO,1977,811250927.4,735339911.9,10.32325517376831
Monaco,MCO,1978,1000535735.0,811250927.4,23.332461166687857
Monaco,MCO,1979,1209898293.0,1000535735.0,20.92504552073795
Monaco,MCO,1980,1378130996.0,1209898293.0,13.904697938110067
Monaco,MCO,1981,1205166026.0,1378130996.0,-12.550691516410827
Monaco,MCO,1982,1143229072.0,1205166026.0,-5.139288086768556
Monaco,MCO,1983,1092551781.0,1143229072.0,-4.432820354309531
Monaco,MCO,1984,1037314956.0,1092551781.0,-5.055762661376317
Monaco,MCO,1985,1082851077.0,1037314956.0,4.389806657718709
Monaco,MCO,1986,1515209588.0,1082851077.0,39.92779064299717
Monaco,MCO,1987,1839095595.0,1515209588.0,21.375657174101768
Monaco,MCO,1988,2000674667.0,1839095595.0,8.785789734872385
Monaco,MCO,1989,2010116851.0,2000674667.0,0.4719499954562112
Monaco,MCO,1990,2481316054.0,2010116851.0,23.44138365715338
Monaco,MCO,1991,2480497539.0,2481316054.0,-0.0329871319165731
Monaco,MCO,1992,2737067002.0,2480497539.0,10.34346775056405
Monaco,MCO,1993,2574440023.0,2737067002.0,-5.941651369190703
Monaco,MCO,1994,2720297793.0,2574440023.0,5.665611499856649
Monaco,MCO,1995,3130270895.0,2720297793.0,15.07089051261088
Monaco,MCO,1996,3137848801.0,3130270895.0,0.24208467107764697
Monaco,MCO,1997,2840182221.0,3137848801.0,-9.486326425452262
Monaco,MCO,1998,2934578821.0,2840182221.0,3.323610693076029
Monaco,MCO,1999,2907075360.0,2934578821.0,-0.9372200468150238
Monaco,MCO,2000,2654476597.0,2907075360.0,-8.689102679470961
Monaco,MCO,2001,2673738413.0,2654476597.0,0.7256351787681581
Monaco,MCO,2002,2919691961.0,2673738413.0,9.198863538936642
Monaco,MCO,2003,3597052153.0,2919691961.0,23.199714252321435
Monaco,MCO,2004,4117728151.0,3597052153.0,14.47507502958354
Monaco,MCO,2005,4204651894.0,4117728151.0,2.110963614217476
Monaco,MCO,2006,4586828062.0,4204651894.0,9.08936524674877
Monaco,MCO,2007,5875376402.0,4586828062.0,28.092361923811747
Monaco,MCO,2008,6502945305.0,5875376402.0,10.681339544243883
Monaco,MCO,2009,5473265702.0,6502945305.0,-15.834049875958478
Monaco,MCO,2010,5367561640.0,5473265702.0,-1.9312795642530967
Monaco,MCO,2011,6088690667.0,5367561640.0,13.43494635675948
Monaco,MCO,2012,5742748406.0,6088690667.0,-5.681718450158213
Monaco,MCO,2013,6555590642.0,5742748406.0,14.154237283854298
Monaco,MCO,2014,7069351224.0,6555590642.0,7.836983882252602
Monaco,MCO,2015,6261646950.0,7069351224.0,-11.42543705082717
Monaco,MCO,2016,6472837333.0,6261646950.0,3.3727609475012077
Monaco,MCO,2017,6431274938.0,6472837333.0,-0.6421047349375764
Monaco,MCO,2018,7194256778.0,6431274938.0,11.863617204293742
Monaco,MCO,2019,7383941919.0,7194256778.0,2.636618998366247
Monaco,MCO,2020,6739642360.0,7383941919.0,-8.725685630626645
Monaco,MCO,2021,8596156574.0,6739642360.0,27.546182940187936
Mongolia,MNG,1981,2310099100.0,,
Mongolia,MNG,1982,2552401933.0,2310099100.0,10.488850153657904
Mongolia,MNG,1983,2725736633.0,2552401933.0,6.79104249839948
Mongolia,MNG,1984,2098734600.0,2725736633.0,-23.00303064533088
Mongolia,MNG,1985,2186505475.0,2098734600.0,4.182085481413411
Mongolia,MNG,1986,2896178867.0,2186505475.0,32.45696844184669
Mongolia,MNG,1987,3020611600.0,2896178867.0,4.296445030306195
Mongolia,MNG,1988,3204461567.0,3020611600.0,6.0865146316726015
Mongolia,MNG,1989,3576966800.0,3204461567.0,11.624581078959162
Mongolia,MNG,1990,2560785660.0,3576966800.0,-28.4090179422409
Mongolia,MNG,1991,2379018326.0,2560785660.0,-7.098108086094168
Mongolia,MNG,1992,1317611864.0,2379018326.0,-44.6153125598075
Mongolia,MNG,1993,768401634.2,1317611864.0,-41.68224685930727
Mongolia,MNG,1994,925817092.2,768401634.2,20.486090996395223
Mongolia,MNG,1995,1452165005.0,925817092.2,56.85225702079557
Mongolia,MNG,1996,1345719472.0,1452165005.0,-7.330126578831864
Mongolia,MNG,1997,1180934203.0,1345719472.0,-12.245142648868502
Mongolia,MNG,1998,1124440204.0,1180934203.0,-4.7838396801858085
Mongolia,MNG,1999,1057408589.0,1124440204.0,-5.961332115442575
Mongolia,MNG,2000,1136896124.0,1057408589.0,7.517201564928833
Mongolia,MNG,2001,1267997934.0,1136896124.0,11.531555718453657
Mongolia,MNG,2002,1396555720.0,1267997934.0,10.138643175423345
Mongolia,MNG,2003,1595297356.0,1396555720.0,14.23084186000112
Mongolia,MNG,2004,1992066808.0,1595297356.0,24.871190973126645
Mongolia,MNG,2005,2523471602.0,1992066808.0,26.676052824429174
Mongolia,MNG,2006,3414055663.0,2523471602.0,35.29201835654341
Mongolia,MNG,2007,4234999703.0,3414055663.0,24.04600630555096
Mongolia,MNG,2008,5623216610.0,4234999703.0,32.779622298830645
Mongolia,MNG,2009,4583850368.0,5623216610.0,-18.483482214639423
Mongolia,MNG,2010,7189482001.0,4583850368.0,56.84373231704931
Mongolia,MNG,2011,10409797375.0,7189482001.0,44.79203610986271
Mongolia,MNG,2012,12292770631.0,10409797375.0,18.088471736463553
Mongolia,MNG,2013,12582122604.0,12292770631.0,2.3538385420639907
Mongolia,MNG,2014,12226514666.0,12582122604.0,-2.8262952857171175
Mongolia,MNG,2015,11619892593.0,12226514666.0,-4.961529017643274
Mongolia,MNG,2016,11181350649.0,11619892593.0,-3.774061941537943
Mongolia,MNG,2017,11480847740.0,11181350649.0,2.678541263946377
Mongolia,MNG,2018,13178094720.0,11480847740.0,14.783289687630674
Mongolia,MNG,2019,14206359016.0,13178094720.0,7.802829755347207
Mongolia,MNG,2020,13312981427.0,14206359016.0,-6.288575334424729
Mongolia,MNG,2021,15286441740.0,13312981427.0,14.823578954280169
Mongolia,MNG,2022,16810883361.0,15286441740.0,9.97250797097533
Montenegro,MNE,2000,984292969.9,,
Montenegro,MNE,2001,1159869246.0,984292969.9,17.837806574788175
Montenegro,MNE,2002,1284685051.0,1159869246.0,10.761196180556375
Montenegro,MNE,2003,1707710053.0,1284685051.0,32.92830423073087
Montenegro,MNE,2004,2073234418.0,1707710053.0,21.404357511268923
Montenegro,MNE,2005,2257174481.0,2073234418.0,8.872130493446218
Montenegro,MNE,2006,2721903149.0,2257174481.0,20.588956321804176
Montenegro,MNE,2007,3680711744.0,2721903149.0,35.225669045287546
Montenegro,MNE,2008,4545674528.0,3680711744.0,23.499878397432038
Montenegro,MNE,2009,4159330370.0,4545674528.0,-8.499160149285546
Montenegro,MNE,2010,4142983898.0,4159330370.0,-0.3930073003554191
Montenegro,MNE,2011,4544429063.0,4142983898.0,9.689759238354645
Montenegro,MNE,2012,4087525609.0,4544429063.0,-10.054144264678555
Montenegro,MNE,2013,4465771673.0,4087525609.0,9.253668360319756
Montenegro,MNE,2014,4593852089.0,4465771673.0,2.868046675435121
Montenegro,MNE,2015,4054728173.0,4593852089.0,-11.735770015123792
Montenegro,MNE,2016,4376929572.0,4054728173.0,7.9463131744688775
Montenegro,MNE,2017,4856602179.0,4376929572.0,10.959111841062086
Montenegro,MNE,2018,5506944403.0,4856602179.0,13.39088935083228
Montenegro,MNE,2019,5542053845.0,5506944403.0,0.6375485102205314
Montenegro,MNE,2020,4769995512.0,5542053845.0,-13.930906385843677
Montenegro,MNE,2021,5861430526.0,4769995512.0,22.881258719305908
Montenegro,MNE,2022,6095978868.0,5861430526.0,4.001554585686828
Morocco,MAR,1960,2037154740.0,,
Morocco,MAR,1961,2025693538.0,2037154740.0,-0.5626083171276441
Morocco,MAR,1962,2379611123.0,2025693538.0,17.471427852281572
Morocco,MAR,1963,2657252576.0,2379611123.0,11.667513667106011
Morocco,MAR,1964,2798345296.0,2657252576.0,5.309721826006797
Morocco,MAR,1965,2948331088.0,2798345296.0,5.359802888313747
Morocco,MAR,1966,2876401295.0,2948331088.0,-2.439678274016155
Morocco,MAR,1967,3046345312.0,2876401295.0,5.908216537637179
Morocco,MAR,1968,3271422330.0,3046345312.0,7.388427605806491
Morocco,MAR,1969,3651622666.0,3271422330.0,11.621866504775014
Morocco,MAR,1970,3956336241.0,3651622666.0,8.344607394328186
Morocco,MAR,1971,4356669161.0,3956336241.0,10.118778981707898
Morocco,MAR,1972,5074117545.0,4356669161.0,16.467818819534187
Morocco,MAR,1973,6242146135.0,5074117545.0,23.01934434197266
Morocco,MAR,1974,7675467037.0,6242146135.0,22.961988889739438
Morocco,MAR,1975,8984851899.0,7675467037.0,17.059350990474464
Morocco,MAR,1976,9584296202.0,8984851899.0,6.671721579147194
Morocco,MAR,1977,11049784283.0,9584296202.0,15.290513253275595
Morocco,MAR,1978,13236946766.0,11049784283.0,19.793712048885247
Morocco,MAR,1979,15911994141.0,13236946766.0,20.20894562990192
Morocco,MAR,1980,21728517079.0,15911994141.0,36.55433056635387
Morocco,MAR,1981,17788186056.0,21728517079.0,-18.134376168764042
Morocco,MAR,1982,17692275268.0,17788186056.0,-0.5391825096615177
Morocco,MAR,1983,16251407368.0,17692275268.0,-8.14405088194674
Morocco,MAR,1984,14824668236.0,16251407368.0,-8.779172779886956
Morocco,MAR,1985,14991283216.0,14824668236.0,1.1239036000508573
Morocco,MAR,1986,19462086253.0,14991283216.0,29.82268410637703
Morocco,MAR,1987,21765195948.0,19462086253.0,11.833827396818709
Morocco,MAR,1988,25705296184.0,21765195948.0,18.102755635251032
Morocco,MAR,1989,26314313191.0,25705296184.0,2.369227736730295
Morocco,MAR,1990,30179955996.0,26314313191.0,14.690266764485127
Morocco,MAR,1991,32285573574.0,30179955996.0,6.9768742481900015
Morocco,MAR,1992,33711069431.0,32285573574.0,4.415271897625428
Morocco,MAR,1993,31655473664.0,33711069431.0,-6.097687797200868
Morocco,MAR,1994,35604137423.0,31655473664.0,12.473873557894644
Morocco,MAR,1995,39030285468.0,35604137423.0,9.622892992168763
Morocco,MAR,1996,43161572353.0,39030285468.0,10.584823645184827
Morocco,MAR,1997,39147844526.0,43161572353.0,-9.299308640040827
Morocco,MAR,1998,46497609536.0,39147844526.0,18.774379787675578
Morocco,MAR,1999,46266427863.0,46497609536.0,-0.49719044765303977
Morocco,MAR,2000,43017455401.0,46266427863.0,-7.022311019170457
Morocco,MAR,2001,43831480206.0,43017455401.0,1.8923127772478177
Morocco,MAR,2002,47077192184.0,43831480206.0,7.404979167360404
Morocco,MAR,2003,58029361339.0,47077192184.0,23.26427861753888
Morocco,MAR,2004,66114147932.0,58029361339.0,13.932234314573488
Morocco,MAR,2005,68852655480.0,66114147932.0,4.142090057360526
Morocco,MAR,2006,75883820424.0,68852655480.0,10.211900899076266
Morocco,MAR,2007,86947909745.0,75883820424.0,14.58030085883859
Morocco,MAR,2008,102000000000.0,86947909745.0,17.31161830013468
Morocco,MAR,2009,101000000000.0,102000000000.0,-0.9803921568627416
Morocco,MAR,2010,101000000000.0,101000000000.0,0.0
Morocco,MAR,2011,110000000000.0,101000000000.0,8.910891089108919
Morocco,MAR,2012,107000000000.0,110000000000.0,-2.7272727272727226
Morocco,MAR,2013,116000000000.0,107000000000.0,8.411214953271017
Morocco,MAR,2014,119000000000.0,116000000000.0,2.586206896551735
Morocco,MAR,2015,110000000000.0,119000000000.0,-7.563025210084029
Morocco,MAR,2016,112000000000.0,110000000000.0,1.8181818181818077
Morocco,MAR,2017,119000000000.0,112000000000.0,6.25
Morocco,MAR,2018,127000000000.0,119000000000.0,6.72268907563025
Morocco,MAR,2019,129000000000.0,127000000000.0,1.5748031496062964
Morocco,MAR,2020,121000000000.0,129000000000.0,-6.2015503875969
Morocco,MAR,2021,143000000000.0,121000000000.0,18.181818181818187
Morocco,MAR,2022,134000000000.0,143000000000.0,-6.2937062937062915
Mozambique,MOZ,1991,3633488385.0,,
Mozambique,MOZ,1992,2640001311.0,3633488385.0,-27.342514100261806
Mozambique,MOZ,1993,2729524758.0,2640001311.0,3.3910379751322717
Mozambique,MOZ,1994,2796555381.0,2729524758.0,2.455761678055457
Mozambique,MOZ,1995,2899912130.0,2796555381.0,3.695859188135997
Mozambique,MOZ,1996,3856799844.0,2899912130.0,32.99712788194034
Mozambique,MOZ,1997,4648838896.0,3856799844.0,20.536172060683167
Mozambique,MOZ,1998,5263884908.0,4648838896.0,13.2300995099917
Mozambique,MOZ,1999,5976402586.0,5263884908.0,13.535966124888542
Mozambique,MOZ,2000,5656473652.0,5976402586.0,-5.3532025226923015
Mozambique,MOZ,2001,5398557896.0,5656473652.0,-4.55965627823276
Mozambique,MOZ,2002,5677013629.0,5398557896.0,5.157965115208252
Mozambique,MOZ,2003,6303399758.0,5677013629.0,11.033726003408194
Mozambique,MOZ,2004,7631106171.0,6303399758.0,21.06333826146649
Mozambique,MOZ,2005,8542083074.0,7631106171.0,11.937678268216567
Mozambique,MOZ,2006,9176896597.0,8542083074.0,7.431600904610924
Mozambique,MOZ,2007,10450826527.0,9176896597.0,13.881925295055165
Mozambique,MOZ,2008,12556173243.0,10450826527.0,20.145265166929892
Mozambique,MOZ,2009,11914471513.0,12556173243.0,-5.110647309344396
Mozambique,MOZ,2010,11104649065.0,11914471513.0,-6.796964910414993
Mozambique,MOZ,2011,14381552467.0,11104649065.0,29.509292754943985
Mozambique,MOZ,2012,16350813487.0,14381552467.0,13.692965516196388
Mozambique,MOZ,2013,16974314296.0,16350813487.0,3.8132708779029523
Mozambique,MOZ,2014,17716091057.0,16974314296.0,4.369995441729269
Mozambique,MOZ,2015,15950979333.0,17716091057.0,-9.963324970056341
Mozambique,MOZ,2016,11936993087.0,15950979333.0,-25.164512862829124
Mozambique,MOZ,2017,13219079498.0,11936993087.0,10.740446958926842
Mozambique,MOZ,2018,14845400593.0,13219079498.0,12.30283164002499
Mozambique,MOZ,2019,15390031040.0,14845400593.0,3.6686813776976024
Mozambique,MOZ,2020,14156864916.0,15390031040.0,-8.012759173746275
Mozambique,MOZ,2021,15776757420.0,14156864916.0,11.442452220966004
Mozambique,MOZ,2022,17851491428.0,15776757420.0,13.15057304088283
Myanmar,MMR,1961,584351384.5,,
Myanmar,MMR,1962,612517344.8,584351384.5,4.820038259017756
Myanmar,MMR,1963,659976659.6,612517344.8,7.7482401442030335
Myanmar,MMR,1964,475197381.9,659976659.6,-27.99785038034397
Myanmar,MMR,1965,402619413.6,475197381.9,-15.27322562464647
Myanmar,MMR,1966,317816210.0,402619413.6,-21.062869979799704
Myanmar,MMR,1967,328182434.5,317816210.0,3.2617041465569097
Myanmar,MMR,1968,531186357.4,328182434.5,61.857034856019986
Myanmar,MMR,1969,551379225.9,531186357.4,3.80146594856805
Myanmar,MMR,1970,578992638.8,551379225.9,5.008061893323501
Myanmar,MMR,1971,559378375.7,578992638.8,-3.3876532766723533
Myanmar,MMR,1972,634525053.1,559378375.7,13.433961816268326
Myanmar,MMR,1973,667038769.1,634525053.1,5.124102798014496
Myanmar,MMR,1974,1000557950.0,667038769.1,49.99996946954069
Myanmar,MMR,1975,1128484859.0,1000557950.0,12.785557198361165
Myanmar,MMR,1976,1155595925.0,1128484859.0,2.4024306381943195
Myanmar,MMR,1977,1000350727.0,1155595925.0,-13.434211270691353
Myanmar,MMR,1978,916914661.3,1000350727.0,-8.340681267880967
Myanmar,MMR,1979,919525191.6,916914661.3,0.28470809882119585
Myanmar,MMR,1980,1010596805.0,919525191.6,9.904199931872748
Myanmar,MMR,1981,1064867669.0,1010596805.0,5.370179653397966
Myanmar,MMR,1982,1302701537.0,1064867669.0,22.334593764438914
Myanmar,MMR,1983,1427209836.0,1302701537.0,9.55769955462944
Myanmar,MMR,1984,1354699245.0,1427209836.0,-5.080583749564349
Myanmar,MMR,1985,1310837294.0,1354699245.0,-3.2377630062088048
Myanmar,MMR,1986,1590096759.0,1310837294.0,21.303899902622092
Myanmar,MMR,1987,1448003804.0,1590096759.0,-8.936120031422568
Myanmar,MMR,1988,1392547743.0,1448003804.0,-3.829828405616542
Myanmar,MMR,1989,1674823311.0,1392547743.0,20.27044095392283
Myanmar,MMR,1990,2036373523.0,1674823311.0,21.587364447663827
Myanmar,MMR,1991,2137184858.0,2036373523.0,4.950532594407542
Myanmar,MMR,1992,2216072577.0,2137184858.0,3.691197731665752
Myanmar,MMR,1993,2809748387.0,2216072577.0,26.789547245049448
Myanmar,MMR,1994,3821535780.0,2809748387.0,36.0098931876351
Myanmar,MMR,1995,4879257848.0,3821535780.0,27.67793182875813
Myanmar,MMR,1996,5759624742.0,4879257848.0,18.04304919775579
Myanmar,MMR,1997,5633070603.0,5759624742.0,-2.1972636181859073
Myanmar,MMR,1998,4613071495.0,5633070603.0,-18.107337540857028
Myanmar,MMR,1999,5643818689.0,4613071495.0,22.344054175557492
Myanmar,MMR,2000,6849321646.0,5643818689.0,21.359703835801234
Myanmar,MMR,2001,6220270632.0,6849321646.0,-9.18413598472727
Myanmar,MMR,2002,6110632858.0,6220270632.0,-1.7625884866804942
Myanmar,MMR,2003,7754647428.0,6110632858.0,26.90416210896498
Myanmar,MMR,2004,9390855298.0,7754647428.0,21.099706791208604
Myanmar,MMR,2005,10588433069.0,9390855298.0,12.752595296139347
Myanmar,MMR,2006,11863016315.0,10588433069.0,12.037505811238747
Myanmar,MMR,2007,15591182545.0,11863016315.0,31.426798471869088
Myanmar,MMR,2008,23013015832.0,15591182545.0,47.60276050632311
Myanmar,MMR,2009,29455165595.0,23013015832.0,27.9935051104518
Myanmar,MMR,2010,37796052939.0,29455165595.0,28.317231207200756
Myanmar,MMR,2011,54118601975.0,37796052939.0,43.185856106041996
Myanmar,MMR,2012,58318677645.0,54118601975.0,7.760872448146783
Myanmar,MMR,2013,60572257122.0,58318677645.0,3.864249959023569
Myanmar,MMR,2014,63264892768.0,60572257122.0,4.4453282310030096
Myanmar,MMR,2015,63045306514.0,63264892768.0,-0.34709021764289805
Myanmar,MMR,2016,60291738935.0,63045306514.0,-4.367601224031703
Myanmar,MMR,2017,61449391917.0,60291738935.0,1.9200855746556833
Myanmar,MMR,2018,67144726168.0,61449391917.0,9.268332970149995
Myanmar,MMR,2019,68697761477.0,67144726168.0,2.312966926269411
Myanmar,MMR,2020,78930259069.0,68697761477.0,14.894950536963037
Myanmar,MMR,2021,65124769602.0,78930259069.0,-17.490743891935523
Myanmar,MMR,2022,59364362541.0,65124769602.0,-8.845186088494195
Namibia,NAM,1980,2421991155.0,,
Namibia,NAM,1981,2249908725.0,2421991155.0,-7.104998283942954
Namibia,NAM,1982,2118710574.0,2249908725.0,-5.831265488336646
Namibia,NAM,1983,2297400688.0,2118710574.0,8.433908632581355
Namibia,NAM,1984,1951259377.0,2297400688.0,-15.066649575235092
Namibia,NAM,1985,1608237351.0,1951259377.0,-17.57951967038772
Namibia,NAM,1986,1809048791.0,1608237351.0,12.486430555485839
Namibia,NAM,1987,2300067840.0,1809048791.0,27.142388389014993
Namibia,NAM,1988,2495095295.0,2300067840.0,8.47920446555177
Namibia,NAM,1989,2535135314.0,2495095295.0,1.604749088350954
Namibia,NAM,1990,2789922033.0,2535135314.0,10.050221682170935
Namibia,NAM,1991,2996869281.0,2789922033.0,7.417671374044454
Namibia,NAM,1992,3429521499.0,2996869281.0,14.436806461429374
Namibia,NAM,1993,3251189248.0,3429521499.0,-5.199916403848148
Namibia,NAM,1994,3666503185.0,3251189248.0,12.774215996669035
Namibia,NAM,1995,3978514206.0,3666503185.0,8.509770897689805
Namibia,NAM,1996,3989163042.0,3978514206.0,0.2676586144631621
Namibia,NAM,1997,4154990251.0,3989163042.0,4.156942377488315
Namibia,NAM,1998,3873109749.0,4154990251.0,-6.784143523132425
Namibia,NAM,1999,3868551625.0,3873109749.0,-0.11768641467433394
Namibia,NAM,2000,3922231976.0,3868551625.0,1.3876084954663082
Namibia,NAM,2001,3557341284.0,3922231976.0,-9.303138983944681
Namibia,NAM,2002,3349169932.0,3557341284.0,-5.851880249339603
Namibia,NAM,2003,4926439275.0,3349169932.0,47.09433606010292
Namibia,NAM,2004,6609206506.0,4926439275.0,34.1578803079837
Namibia,NAM,2005,7248375217.0,6609206506.0,9.670884249414001
Namibia,NAM,2006,8001779551.0,7248375217.0,10.394113321189558
Namibia,NAM,2007,8839536894.0,8001779551.0,10.469637880679983
Namibia,NAM,2008,8607431845.0,8839536894.0,-2.625760283409706
Namibia,NAM,2009,8938847364.0,8607431845.0,3.8503414835926675
Namibia,NAM,2010,11431412421.0,8938847364.0,27.88463607778413
Namibia,NAM,2011,12523359441.0,11431412421.0,9.552161883286136
Namibia,NAM,2012,13042053857.0,12523359441.0,4.141815288810258
Namibia,NAM,2013,12043307277.0,13042053857.0,-7.657893388194736
Namibia,NAM,2014,12435430396.0,12043307277.0,3.255942159251113
Namibia,NAM,2015,11335161230.0,12435430396.0,-8.84785754061166
Namibia,NAM,2016,10722018975.0,11335161230.0,-5.409206296750668
Namibia,NAM,2017,12895153160.0,10722018975.0,20.267956903144736
Namibia,NAM,2018,13682019172.0,12895153160.0,6.102029206142445
Namibia,NAM,2019,12541928103.0,13682019172.0,-8.332769123238592
Namibia,NAM,2020,10583748757.0,12541928103.0,-15.613064673298583
Namibia,NAM,2021,12446290855.0,10583748757.0,17.598132200257787
Namibia,NAM,2022,12607436976.0,12446290855.0,1.2947320842599641
Nauru,NRU,2010,47562842.37,,
Nauru,NRU,2011,65071849.58,47562842.37,36.81236515217962
Nauru,NRU,2012,101055718.6,65071849.58,55.29867254773673
Nauru,NRU,2013,94384979.01,101055718.6,-6.601051066099672
Nauru,NRU,2014,99149259.84,94384979.01,5.0477108539646265
Nauru,NRU,2015,84863407.87,99149259.84,-14.408430272755934
Nauru,NRU,2016,97541914.58,84863407.87,14.939898158958997
Nauru,NRU,2017,109355653.7,97541914.58,12.111448879046605
Nauru,NRU,2018,130995580.1,109355653.7,19.78857577804409
Nauru,NRU,2019,125160081.8,130995580.1,-4.4547291561633395
Nauru,NRU,2020,124685686.6,125160081.8,-0.37903075259895225
Nauru,NRU,2021,145536603.2,124685686.6,16.722782837849802
Nauru,NRU,2022,150922211.0,145536603.2,3.7005177265261313
Nepal,NPL,1960,508334414.0,,
Nepal,NPL,1961,531959561.2,508334414.0,4.647560060728062
Nepal,NPL,1962,574091100.7,531959561.2,7.920064338153687
Nepal,NPL,1963,496947904.4,574091100.7,-13.437448552318255
Nepal,NPL,1964,496098775.3,496947904.4,-0.17086883604533476
Nepal,NPL,1965,735267081.7,496098775.3,48.209815929372255
Nepal,NPL,1966,906811943.8,735267081.7,23.33095909902203
Nepal,NPL,1967,841974025.5,906811943.8,-7.150095313951899
Nepal,NPL,1968,772231413.9,841974025.5,-8.283226024530144
Nepal,NPL,1969,788641964.6,772231413.9,2.125081990270483
Nepal,NPL,1970,865975307.8,788641964.6,9.805887420563963
Nepal,NPL,1971,882765470.7,865975307.8,1.9388731697968842
Nepal,NPL,1972,1024098398.0,882765470.7,16.010246434755572
Nepal,NPL,1973,972101725.0,1024098398.0,-5.077312209602736
Nepal,NPL,1974,1217953547.0,972101725.0,25.290750512761417
Nepal,NPL,1975,1575789254.0,1217953547.0,29.38007840129884
Nepal,NPL,1976,1452788944.0,1575789254.0,-7.80563198332358
Nepal,NPL,1977,1382400000.0,1452788944.0,-4.845090836539301
Nepal,NPL,1978,1604162497.0,1382400000.0,16.041847294560174
Nepal,NPL,1979,1851250008.0,1604162497.0,15.402897864903764
Nepal,NPL,1980,1945916583.0,1851250008.0,5.113656966423097
Nepal,NPL,1981,2275583317.0,1945916583.0,16.941462798562323
Nepal,NPL,1982,2395423680.0,2275583317.0,5.26635795335284
Nepal,NPL,1983,2447174804.0,2395423680.0,2.160416315163083
Nepal,NPL,1984,2581207388.0,2447174804.0,5.477033507411022
Nepal,NPL,1985,2619913956.0,2581207388.0,1.4995528131503955
Nepal,NPL,1986,2850782093.0,2619913956.0,8.812050352694856
Nepal,NPL,1987,2957255380.0,2850782093.0,3.734879886521014
Nepal,NPL,1988,3487009748.0,2957255380.0,17.913717279297003
Nepal,NPL,1989,3525225833.0,3487009748.0,1.0959557833734035
Nepal,NPL,1990,3627560282.0,3525225833.0,2.9029189574760528
Nepal,NPL,1991,3921476085.0,3627560282.0,8.102299621550447
Nepal,NPL,1992,3401211581.0,3921476085.0,-13.267057932344883
Nepal,NPL,1993,3660041667.0,3401211581.0,7.609937807041711
Nepal,NPL,1994,4066775510.0,3660041667.0,11.112820016974956
Nepal,NPL,1995,4401104418.0,4066775510.0,8.220982623159356
Nepal,NPL,1996,4521580381.0,4401104418.0,2.7374029688381762
Nepal,NPL,1997,4918691917.0,4521580381.0,8.782582693181595
Nepal,NPL,1998,4856255044.0,4918691917.0,-1.2693796247779887
Nepal,NPL,1999,5033642384.0,4856255044.0,3.6527599640625574
Nepal,NPL,2000,5494252208.0,5033642384.0,9.150626700539966
Nepal,NPL,2001,6007055042.0,5494252208.0,9.333441833145638
Nepal,NPL,2002,6050875807.0,6007055042.0,0.7294883215421599
Nepal,NPL,2003,6330473097.0,6050875807.0,4.620773899813746
Nepal,NPL,2004,7273938315.0,6330473097.0,14.9035499171003
Nepal,NPL,2005,8130258415.0,7273938315.0,11.772441047982674
Nepal,NPL,2006,9043715356.0,8130258415.0,11.235275613315165
Nepal,NPL,2007,10325618017.0,9043715356.0,14.174513576983916
Nepal,NPL,2008,12545438605.0,10325618017.0,21.498186203918344
Nepal,NPL,2009,12854985464.0,12545438605.0,2.467405634400288
Nepal,NPL,2010,16002656434.0,12854985464.0,24.485994004543677
Nepal,NPL,2011,21573872274.0,16002656434.0,34.814318878727725
Nepal,NPL,2012,21703100747.0,21573872274.0,0.5990045336262684
Nepal,NPL,2013,22162205046.0,21703100747.0,2.1153857430416423
Nepal,NPL,2014,22731612827.0,22162205046.0,2.569274040277736
Nepal,NPL,2015,24360801338.0,22731612827.0,7.167060795021518
Nepal,NPL,2016,24524109485.0,24360801338.0,0.6703726397754295
Nepal,NPL,2017,28971588881.0,24524109485.0,18.135131058358176
Nepal,NPL,2018,33111525183.0,28971588881.0,14.289641893665795
Nepal,NPL,2019,34186180695.0,33111525183.0,3.2455633078229296
Nepal,NPL,2020,33433659223.0,34186180695.0,-2.201244645354794
Nepal,NPL,2021,36924841430.0,33433659223.0,10.442118177116289
Nepal,NPL,2022,40828247302.0,36924841430.0,10.571219051542457
Netherlands,NLD,1960,12276734172.0,,
Netherlands,NLD,1961,13493833740.0,12276734172.0,9.913870830370207
Netherlands,NLD,1962,14647057370.0,13493833740.0,8.546300867643563
Netherlands,NLD,1963,15891241386.0,14647057370.0,8.494429867860887
Netherlands,NLD,1964,18699380731.0,15891241386.0,17.670987915858728
Netherlands,NLD,1965,21000586933.0,18699380731.0,12.306323054779234
Netherlands,NLD,1966,22867203317.0,21000586933.0,8.888401024005809
Netherlands,NLD,1967,25087562181.0,22867203317.0,9.709796310549844
Netherlands,NLD,1968,27817605743.0,25087562181.0,10.882059971803848
Netherlands,NLD,1969,34035946604.0,27817605743.0,22.3539758182272
Netherlands,NLD,1970,38164716625.0,34035946604.0,12.13061610725048
Netherlands,NLD,1971,44579122807.0,38164716625.0,16.807163131923296
Netherlands,NLD,1972,54706557264.0,44579122807.0,22.717886354214546
Netherlands,NLD,1973,71840909664.0,54706557264.0,31.32047282250636
Netherlands,NLD,1974,87243413395.0,71840909664.0,21.439739283699954
Netherlands,NLD,1975,100000000000.0,87243413395.0,14.621833452622667
Netherlands,NLD,1976,109000000000.0,100000000000.0,9.000000000000007
Netherlands,NLD,1977,127000000000.0,109000000000.0,16.5137614678899
Netherlands,NLD,1978,156000000000.0,127000000000.0,22.83464566929134
Netherlands,NLD,1979,180000000000.0,156000000000.0,15.384615384615374
Netherlands,NLD,1980,195000000000.0,180000000000.0,8.333333333333325
Netherlands,NLD,1981,164000000000.0,195000000000.0,-15.897435897435896
Netherlands,NLD,1982,158000000000.0,164000000000.0,-3.658536585365857
Netherlands,NLD,1983,153000000000.0,158000000000.0,-3.164556962025311
Netherlands,NLD,1984,144000000000.0,153000000000.0,-5.882352941176472
Netherlands,NLD,1985,144000000000.0,144000000000.0,0.0
Netherlands,NLD,1986,201000000000.0,144000000000.0,39.58333333333333
Netherlands,NLD,1987,245000000000.0,201000000000.0,21.890547263681583
Netherlands,NLD,1988,262000000000.0,245000000000.0,6.938775510204076
Netherlands,NLD,1989,258000000000.0,262000000000.0,-1.526717557251911
Netherlands,NLD,1990,318000000000.0,258000000000.0,23.25581395348837
Netherlands,NLD,1991,328000000000.0,318000000000.0,3.1446540880503138
Netherlands,NLD,1992,363000000000.0,328000000000.0,10.67073170731707
Netherlands,NLD,1993,354000000000.0,363000000000.0,-2.4793388429752095
Netherlands,NLD,1994,379000000000.0,354000000000.0,7.062146892655363
Netherlands,NLD,1995,452000000000.0,379000000000.0,19.26121372031662
Netherlands,NLD,1996,450000000000.0,452000000000.0,-0.4424778761061954
Netherlands,NLD,1997,417000000000.0,450000000000.0,-7.333333333333336
Netherlands,NLD,1998,438000000000.0,417000000000.0,5.035971223021574
Netherlands,NLD,1999,447000000000.0,438000000000.0,2.0547945205479534
Netherlands,NLD,2000,417000000000.0,447000000000.0,-6.711409395973156
Netherlands,NLD,2001,432000000000.0,417000000000.0,3.597122302158273
Netherlands,NLD,2002,474000000000.0,432000000000.0,9.722222222222232
Netherlands,NLD,2003,580000000000.0,474000000000.0,22.36286919831223
Netherlands,NLD,2004,658000000000.0,580000000000.0,13.448275862068959
Netherlands,NLD,2005,685000000000.0,658000000000.0,4.103343465045595
Netherlands,NLD,2006,734000000000.0,685000000000.0,7.153284671532845
Netherlands,NLD,2007,849000000000.0,734000000000.0,15.667574931880113
Netherlands,NLD,2008,952000000000.0,849000000000.0,12.131919905771493
Netherlands,NLD,2009,872000000000.0,952000000000.0,-8.403361344537819
Netherlands,NLD,2010,847000000000.0,872000000000.0,-2.8669724770642224
Netherlands,NLD,2011,905000000000.0,847000000000.0,6.847697756788662
Netherlands,NLD,2012,839000000000.0,905000000000.0,-7.292817679558006
Netherlands,NLD,2013,877000000000.0,839000000000.0,4.529201430274132
Netherlands,NLD,2014,892000000000.0,877000000000.0,1.710376282782211
Netherlands,NLD,2015,766000000000.0,892000000000.0,-14.125560538116588
Netherlands,NLD,2016,784000000000.0,766000000000.0,2.3498694516971286
Netherlands,NLD,2017,834000000000.0,784000000000.0,6.3775510204081565
Netherlands,NLD,2018,914000000000.0,834000000000.0,9.592326139088737
Netherlands,NLD,2019,910000000000.0,914000000000.0,-0.4376367614879695
Netherlands,NLD,2020,910000000000.0,910000000000.0,0.0
Netherlands,NLD,2021,1010000000000.0,910000000000.0,10.989010989010994
Netherlands,NLD,2022,991000000000.0,1010000000000.0,-1.8811881188118829
New Caledonia,NCL,1965,159594492.3,,
New Caledonia,NCL,1966,164206536.3,159594492.3,2.889851606739935
New Caledonia,NCL,1967,180036767.5,164206536.3,9.640439142494706
New Caledonia,NCL,1968,215507162.4,180036767.5,19.701750588251365
New Caledonia,NCL,1969,263108841.1,215507162.4,22.08821190436685
New Caledonia,NCL,1970,358815683.7,263108841.1,36.375380697916036
New Caledonia,NCL,1971,413985777.7,358815683.7,15.375608287548225
New Caledonia,NCL,1972,506808997.0,413985777.7,22.421837729716778
New Caledonia,NCL,1973,542293400.0,506808997.0,7.001533755329126
New Caledonia,NCL,1974,637403479.7,542293400.0,17.53849110094279
New Caledonia,NCL,1975,816652167.3,637403479.7,28.121698940891406
New Caledonia,NCL,1976,798313524.7,816652167.3,-2.2455879423709635
New Caledonia,NCL,1977,837620127.3,798313524.7,4.923704958496233
New Caledonia,NCL,1978,846004692.3,837620127.3,1.0009985107481745
New Caledonia,NCL,1979,1047225724.0,846004692.3,23.784860005084397
New Caledonia,NCL,1980,1182463959.0,1047225724.0,12.91395273250564
New Caledonia,NCL,1981,972564157.0,1182463959.0,-17.751052825111945
New Caledonia,NCL,1982,904599871.5,972564157.0,-6.988154458585505
New Caledonia,NCL,1983,823857894.3,904599871.5,-8.925711769792134
New Caledonia,NCL,1984,796066192.9,823857894.3,-3.3733610604791853
New Caledonia,NCL,1985,854820894.1,796066192.9,7.3806301189555334
New Caledonia,NCL,1986,1201321509.0,854820894.1,40.534878977755206
New Caledonia,NCL,1987,1488093105.0,1201321509.0,23.87134450283117
New Caledonia,NCL,1988,2072775508.0,1488093105.0,39.290713802480795
New Caledonia,NCL,1989,2185082944.0,2072775508.0,5.418215121055936
New Caledonia,NCL,1990,2529440424.0,2185082944.0,15.75946949499414
New Caledonia,NCL,1991,2653780677.0,2529440424.0,4.915721747000901
New Caledonia,NCL,1992,2923883290.0,2653780677.0,10.178030737089427
New Caledonia,NCL,1993,2822243775.0,2923883290.0,-3.4761823547341364
New Caledonia,NCL,1994,3038728391.0,2822243775.0,7.670656160805955
New Caledonia,NCL,1995,3628440524.0,3038728391.0,19.40654303775846
New Caledonia,NCL,1996,3606968436.0,3628440524.0,-0.5917718054898491
New Caledonia,NCL,1997,3291131295.0,3606968436.0,-8.756304542277949
New Caledonia,NCL,1998,3556304834.0,3291131295.0,8.05721544451481
New Caledonia,NCL,1999,3647802046.0,3556304834.0,2.572816906054909
New Caledonia,NCL,2000,3420032042.0,3647802046.0,-6.244034109519769
New Caledonia,NCL,2001,3297734886.0,3420032042.0,-3.575906731227052
New Caledonia,NCL,2002,3740056752.0,3297734886.0,13.412899498919884
New Caledonia,NCL,2003,4915353826.0,3740056752.0,31.42457860757082
New Caledonia,NCL,2004,5895008985.0,4915353826.0,19.930511488675883
New Caledonia,NCL,2005,6238629462.0,5895008985.0,5.82900684077583
New Caledonia,NCL,2006,6979155408.0,6238629462.0,11.870010080108194
New Caledonia,NCL,2007,8819917187.0,6979155408.0,26.37513669476379
New Caledonia,NCL,2008,9067619729.0,8819917187.0,2.8084452126727166
New Caledonia,NCL,2009,8704438061.0,9067619729.0,-4.005259140262297
New Caledonia,NCL,2010,9364350065.0,8704438061.0,7.58132804639875
New Caledonia,NCL,2011,10351448025.0,9364350065.0,10.541019431656618
New Caledonia,NCL,2012,9659151909.0,10351448025.0,-6.687915684144108
New Caledonia,NCL,2013,10151382877.0,9659151909.0,5.096006074211945
New Caledonia,NCL,2014,10635035550.0,10151382877.0,4.764401844164623
New Caledonia,NCL,2015,8738203042.0,10635035550.0,-17.835695039120015
New Caledonia,NCL,2016,8724568971.0,8738203042.0,-0.15602831536951633
New Caledonia,NCL,2017,9173670000.0,8724568971.0,5.1475440275936535
New Caledonia,NCL,2018,9896402295.0,9173670000.0,7.878333262478376
New Caledonia,NCL,2019,9475655342.0,9896402295.0,-4.251514241822763
New Caledonia,NCL,2020,9454629451.0,9475655342.0,-0.2218937924726383
New Caledonia,NCL,2021,10071349707.0,9454629451.0,6.522944756283078
New Zealand,NZL,1960,5485854792.0,,
New Zealand,NZL,1961,5670064168.0,5485854792.0,3.357897410420563
New Zealand,NZL,1962,6077496268.0,5670064168.0,7.185670001750855
New Zealand,NZL,1963,6638937283.0,6077496268.0,9.238031423501969
New Zealand,NZL,1964,7274144351.0,6638937283.0,9.567902827257369
New Zealand,NZL,1965,5654463549.0,7274144351.0,-22.26627248299433
New Zealand,NZL,1966,5863733192.0,5654463549.0,3.700963693311099
New Zealand,NZL,1967,5961418094.0,5863733192.0,1.6659165552292299
New Zealand,NZL,1968,5180597709.0,5961418094.0,-13.097896720008173
New Zealand,NZL,1969,5761588860.0,5180597709.0,11.214751340191341
New Zealand,NZL,1971,7911136757.0,5761588860.0,37.30824863126385
New Zealand,NZL,1972,9567202751.0,7911136757.0,20.933350602676228
New Zealand,NZL,1973,12802281898.0,9567202751.0,33.81426349161314
New Zealand,NZL,1974,13940743959.0,12802281898.0,8.892649529751818
New Zealand,NZL,1975,12861983284.0,13940743959.0,-7.738185839813538
New Zealand,NZL,1976,13604832424.0,12861983284.0,5.775541171197807
New Zealand,NZL,1977,15446082336.0,13604832424.0,13.53379339499905
New Zealand,NZL,1978,18530518395.0,15446082336.0,19.969050998848694
New Zealand,NZL,1979,20730291376.0,18530518395.0,11.871081715628385
New Zealand,NZL,1980,23244547385.0,20730291376.0,12.128416158736766
New Zealand,NZL,1981,24417769672.0,23244547385.0,5.047301061913112
New Zealand,NZL,1982,24164603059.0,24417769672.0,-1.0368130111830354
New Zealand,NZL,1983,24308680631.0,24164603059.0,0.5962339693651231
New Zealand,NZL,1984,21665582141.0,24308680631.0,-10.873064359689478
New Zealand,NZL,1985,24679290456.0,21665582141.0,13.91011926375545
New Zealand,NZL,1986,30604668357.0,24679290456.0,24.009514826061086
New Zealand,NZL,1987,40375812560.0,30604668357.0,31.926972999742077
New Zealand,NZL,1988,45176423606.0,40375812560.0,11.889819031793136
New Zealand,NZL,1989,43920222525.0,45176423606.0,-2.7806563263081285
New Zealand,NZL,1990,45495129385.0,43920222525.0,3.5858353383877883
New Zealand,NZL,1991,42744828653.0,45495129385.0,-6.045264117672322
New Zealand,NZL,1992,41649386970.0,42744828653.0,-2.562746693623996
New Zealand,NZL,1993,46775038749.0,41649386970.0,12.306668001360975
New Zealand,NZL,1994,55313381443.0,46775038749.0,18.254057981261518
New Zealand,NZL,1995,63916899264.0,55313381443.0,15.55413463533386
New Zealand,NZL,1996,70140835299.0,63916899264.0,9.737543758643374
New Zealand,NZL,1997,66073130218.0,70140835299.0,-5.799339377211544
New Zealand,NZL,1998,56226503976.0,66073130218.0,-14.90261806805927
New Zealand,NZL,1999,58762260626.0,56226503976.0,4.509895637620254
New Zealand,NZL,2000,52622954599.0,58762260626.0,-10.447702252427638
New Zealand,NZL,2001,53872463497.0,52622954599.0,2.3744559907773466
New Zealand,NZL,2002,66627729311.0,53872463497.0,23.676782136963737
New Zealand,NZL,2003,88250885550.0,66627729311.0,32.453689271127686
New Zealand,NZL,2004,104000000000.0,88250885550.0,17.8458429644619
New Zealand,NZL,2005,115000000000.0,104000000000.0,10.576923076923084
New Zealand,NZL,2006,112000000000.0,115000000000.0,-2.608695652173909
New Zealand,NZL,2007,137000000000.0,112000000000.0,22.32142857142858
New Zealand,NZL,2008,133000000000.0,137000000000.0,-2.9197080291970767
New Zealand,NZL,2009,121000000000.0,133000000000.0,-9.022556390977442
New Zealand,NZL,2010,147000000000.0,121000000000.0,21.487603305785118
New Zealand,NZL,2011,168000000000.0,147000000000.0,14.28571428571428
New Zealand,NZL,2012,176000000000.0,168000000000.0,4.761904761904767
New Zealand,NZL,2013,191000000000.0,176000000000.0,8.52272727272727
New Zealand,NZL,2014,201000000000.0,191000000000.0,5.235602094240832
New Zealand,NZL,2015,178000000000.0,201000000000.0,-11.442786069651746
New Zealand,NZL,2016,189000000000.0,178000000000.0,6.17977528089888
New Zealand,NZL,2017,207000000000.0,189000000000.0,9.523809523809534
New Zealand,NZL,2018,212000000000.0,207000000000.0,2.4154589371980784
New Zealand,NZL,2019,213000000000.0,212000000000.0,0.4716981132075526
New Zealand,NZL,2020,213000000000.0,213000000000.0,0.0
New Zealand,NZL,2021,256000000000.0,213000000000.0,20.187793427230048
New Zealand,NZL,2022,247000000000.0,256000000000.0,-3.515625
Nicaragua,NIC,1960,227223322.1,,
Nicaragua,NIC,1961,244144236.7,227223322.1,7.44682123455318
Nicaragua,NIC,1962,269283803.7,244144236.7,10.297014314079856
Nicaragua,NIC,1963,297324163.1,269283803.7,10.412939439625134
Nicaragua,NIC,1964,347119918.2,297324163.1,16.747967800804673
Nicaragua,NIC,1965,564290020.4,347119918.2,62.56342284422676
Nicaragua,NIC,1966,607140010.5,564290020.4,7.593611184125781
Nicaragua,NIC,1967,657140010.7,607140010.5,8.235332762672542
Nicaragua,NIC,1968,692859984.6,657140010.7,5.435671747022419
Nicaragua,NIC,1969,750000002.9,692859984.6,8.246979125658104
Nicaragua,NIC,1970,778569938.8,750000002.9,3.8093247719372725
Nicaragua,NIC,1971,828569953.5,778569938.8,6.42203252505027
Nicaragua,NIC,1972,878570045.5,828569953.5,6.034504605047819
Nicaragua,NIC,1973,1092900015.0,878570045.5,24.395319485087086
Nicaragua,NIC,1974,1521400012.0,1092900015.0,39.20761196073366
Nicaragua,NIC,1975,1581599959.0,1521400012.0,3.9568783045336176
Nicaragua,NIC,1976,1836899999.0,1581599959.0,16.141884586379152
Nicaragua,NIC,1977,2226999874.0,1836899999.0,21.23685966641453
Nicaragua,NIC,1978,2127699979.0,2226999874.0,-4.458908873741585
Nicaragua,NIC,1979,1567599982.0,2127699979.0,-26.324199959020632
Nicaragua,NIC,1980,2144300006.0,1567599982.0,36.788723566086375
Nicaragua,NIC,1981,2474700227.0,2144300006.0,15.408302013501007
Nicaragua,NIC,1982,2454499872.0,2474700227.0,-0.8162748271328346
Nicaragua,NIC,1983,2753100058.0,2454499872.0,12.165418682898178
Nicaragua,NIC,1984,3117599872.0,2753100058.0,13.239613756166646
Nicaragua,NIC,1985,2683699935.0,3117599872.0,-13.91775579980522
Nicaragua,NIC,1986,2885799994.0,2683699935.0,7.530650366841396
Nicaragua,NIC,1987,3851200118.0,2885799994.0,33.45346614481974
Nicaragua,NIC,1988,2630900096.0,3851200118.0,-31.686227269688715
Nicaragua,NIC,1989,1013184756.0,2630900096.0,-61.48904485045106
Nicaragua,NIC,1990,1009455476.0,1013184756.0,-0.36807502066286135
Nicaragua,NIC,1991,1488804124.0,1009455476.0,47.485863358672795
Nicaragua,NIC,1992,1792800000.0,1488804124.0,20.418795938262726
Nicaragua,NIC,1993,1756454248.0,1792800000.0,-2.0273177153056654
Nicaragua,NIC,1994,3863185119.0,1756454248.0,119.94225715806972
Nicaragua,NIC,1995,4140470000.0,3863185119.0,7.1776234495274815
Nicaragua,NIC,1996,4308351903.0,4140470000.0,4.054658118522769
Nicaragua,NIC,1997,4389973335.0,4308351903.0,1.8944931574220947
Nicaragua,NIC,1998,4635267225.0,4389973335.0,5.587594075898861
Nicaragua,NIC,1999,4855717875.0,4635267225.0,4.755942630686194
Nicaragua,NIC,2000,5107329007.0,4855717875.0,5.181749403016944
Nicaragua,NIC,2001,5323146566.0,5107329007.0,4.225644337856527
Nicaragua,NIC,2002,5224213018.0,5323146566.0,-1.858553898025428
Nicaragua,NIC,2003,5322454926.0,5224213018.0,1.8805111441954514
Nicaragua,NIC,2004,5795568205.0,5322454926.0,8.8890048967603
Nicaragua,NIC,2005,6321324455.0,5795568205.0,9.071694636367411
Nicaragua,NIC,2006,6763418646.0,6321324455.0,6.99369561153147
Nicaragua,NIC,2007,7423365275.0,6763418646.0,9.757589520061781
Nicaragua,NIC,2008,8496948184.0,7423365275.0,14.46221315035585
Nicaragua,NIC,2009,8298736471.0,8496948184.0,-2.3327400462820114
Nicaragua,NIC,2010,8758619131.0,8298736471.0,5.541598550659654
Nicaragua,NIC,2011,9774320144.0,8758619131.0,11.596588432588174
Nicaragua,NIC,2012,10531980451.0,9774320144.0,7.751539706473531
Nicaragua,NIC,2013,10982954744.0,10531980451.0,4.281951481947344
Nicaragua,NIC,2014,11880433903.0,10982954744.0,8.171563845242048
Nicaragua,NIC,2015,12756722238.0,11880433903.0,7.375895040152725
Nicaragua,NIC,2016,13286066155.0,12756722238.0,4.149529221724202
Nicaragua,NIC,2017,13785890939.0,13286066155.0,3.7620223937534725
Nicaragua,NIC,2018,13025266513.0,13785890939.0,-5.517412181524007
Nicaragua,NIC,2019,12699028890.0,13025266513.0,-2.5046521902211794
Nicaragua,NIC,2020,12678162359.0,12699028890.0,-0.16431595817875122
Nicaragua,NIC,2021,14145852101.0,12678162359.0,11.576517956154063
Nicaragua,NIC,2022,15671583878.0,14145852101.0,10.785718429023738
Niger,NER,1960,449526872.6,,
Niger,NER,1961,485785231.7,449526872.6,8.065893567226956
Niger,NER,1962,531736599.9,485785231.7,9.459194146185478
Niger,NER,1963,586294879.5,531736599.9,10.260395769307662
Niger,NER,1964,582816396.2,586294879.5,-0.5932992802131332
Niger,NER,1965,673383510.2,582816396.2,15.539561788327049
Niger,NER,1966,702296079.9,673383510.2,4.293626033612363
Niger,NER,1967,665586872.8,702296079.9,-5.227027197023093
Niger,NER,1968,641214226.8,665586872.8,-3.6618279290077993
Niger,NER,1969,625867984.4,641214226.8,-2.3933097175004803
Niger,NER,1970,649916621.2,625867984.4,3.842445595464472
Niger,NER,1971,693573704.4,649916621.2,6.717336005254326
Niger,NER,1972,742779659.5,693573704.4,7.094553150997451
Niger,NER,1973,946385105.0,742779659.5,27.41128447661807
Niger,NER,1974,1026137112.0,946385105.0,8.427014180448245
Niger,NER,1975,1048690932.0,1026137112.0,2.1979343438852217
Niger,NER,1976,1064517600.0,1048690932.0,1.509183260488034
Niger,NER,1977,1291458044.0,1064517600.0,21.318618311242577
Niger,NER,1978,1774365588.0,1291458044.0,37.392429916213366
Niger,NER,1979,2109277663.0,1774365588.0,18.875032139092628
Niger,NER,1980,2508524716.0,2109277663.0,18.928141135869026
Niger,NER,1981,2170893418.0,2508524716.0,-13.459357041471542
Niger,NER,1982,2017612218.0,2170893418.0,-7.060742767427741
Niger,NER,1983,1803099561.0,2017612218.0,-10.632006244125547
Niger,NER,1984,1461243327.0,1803099561.0,-18.959365383595696
Niger,NER,1985,1440581653.0,1461243327.0,-1.4139790148721798
Niger,NER,1986,1904097001.0,1440581653.0,32.17556929416205
Niger,NER,1987,2233006102.0,1904097001.0,17.273757630376107
Niger,NER,1988,2280356194.0,2233006102.0,2.120464066694261
Niger,NER,1989,2179567111.0,2280356194.0,-4.419883317579643
Niger,NER,1990,3512356508.0,2179567111.0,61.14927089299431
Niger,NER,1991,3285796877.0,3512356508.0,-6.4503597651312194
Niger,NER,1992,3386232582.0,3285796877.0,3.056662014107814
Niger,NER,1993,3052673844.0,3386232582.0,-9.850437910646736
Niger,NER,1994,1938058176.0,3052673844.0,-36.512766347140754
Niger,NER,1995,2302537563.0,1938058176.0,18.806421371326266
Niger,NER,1996,2405686939.0,2302537563.0,4.479812953218687
Niger,NER,1997,2290318909.0,2405686939.0,-4.795637708701883
Niger,NER,1998,2643363521.0,2290318909.0,15.414648615643944
Niger,NER,1999,2537789819.0,2643363521.0,-3.99391537188426
Niger,NER,2000,2241753193.0,2537789819.0,-11.665135693414175
Niger,NER,2001,2448714703.0,2241753193.0,9.232127365592646
Niger,NER,2002,2782192881.0,2448714703.0,13.618498618538322
Niger,NER,2003,3394084731.0,2782192881.0,21.993149870330654
Niger,NER,2004,3760443735.0,3394084731.0,10.794044139612847
Niger,NER,2005,4383315967.0,3760443735.0,16.563796080836713
Niger,NER,2006,4756361253.0,4383315967.0,8.510572562153595
Niger,NER,2007,5731485046.0,4756361253.0,20.501466165652495
Niger,NER,2008,7297600219.0,5731485046.0,27.32477116193457
Niger,NER,2009,7352131304.0,7297600219.0,0.7472468121509701
Niger,NER,2010,7851192499.0,7352131304.0,6.787979898134866
Niger,NER,2011,8772950783.0,7851192499.0,11.740360258870265
Niger,NER,2012,9426912639.0,8772950783.0,7.454297558208478
Niger,NER,2013,10224897441.0,9426912639.0,8.464964432773714
Niger,NER,2014,10862943546.0,10224897441.0,6.240122296401229
Niger,NER,2015,9683867927.0,10862943546.0,-10.85410794972017
Niger,NER,2016,10398861981.0,9683867927.0,7.38335197660529
Niger,NER,2017,11185101444.0,10398861981.0,7.560822178778381
Niger,NER,2018,12808661487.0,11185101444.0,14.515380581290337
Niger,NER,2019,12916454871.0,12808661487.0,0.8415663425050512
Niger,NER,2020,13744174582.0,12916454871.0,6.408257678028928
Niger,NER,2021,14915002098.0,13744174582.0,8.518718305087368
Niger,NER,2022,13969605583.0,14915002098.0,-6.338561059450143
Nigeria,NGA,1960,4196174503.0,,
Nigeria,NGA,1961,4467287895.0,4196174503.0,6.460965620142134
Nigeria,NGA,1962,4909399178.0,4467287895.0,9.896637364581572
Nigeria,NGA,1963,5165590256.0,4909399178.0,5.218379453600819
Nigeria,NGA,1964,5552931321.0,5165590256.0,7.498486054910969
Nigeria,NGA,1965,5874537653.0,5552931321.0,5.791649732525128
Nigeria,NGA,1966,6366917456.0,5874537653.0,8.381592426232087
Nigeria,NGA,1967,5203237921.0,6366917456.0,-18.276969083420134
Nigeria,NGA,1968,5200997922.0,5203237921.0,-0.04305009753560185
Nigeria,NGA,1969,6634317349.0,5200997922.0,27.5585464269678
Nigeria,NGA,1970,12546094987.0,6634317349.0,89.10905714950599
Nigeria,NGA,1971,9181769912.0,12546094987.0,-26.81571499726443
Nigeria,NGA,1972,12274416018.0,9181769912.0,33.682461395140216
Nigeria,NGA,1973,15162871287.0,12274416018.0,23.532323368901476
Nigeria,NGA,1974,24846641318.0,15162871287.0,63.86501506019149
Nigeria,NGA,1975,27778934625.0,24846641318.0,11.80156814545279
Nigeria,NGA,1976,36308883249.0,27778934625.0,30.706536226639038
Nigeria,NGA,1977,36035407725.0,36308883249.0,-0.753191779886353
Nigeria,NGA,1978,36527862209.0,36035407725.0,1.3665850203724794
Nigeria,NGA,1979,47259911894.0,36527862209.0,29.38044833720315
Nigeria,NGA,1980,64201788123.0,47259911894.0,35.84830261004126
Nigeria,NGA,1981,164000000000.0,64201788123.0,155.44459865479627
Nigeria,NGA,1982,143000000000.0,164000000000.0,-12.804878048780488
Nigeria,NGA,1983,97094911792.0,143000000000.0,-32.10146028531469
Nigeria,NGA,1984,73484359521.0,97094911792.0,-24.316982049048384
Nigeria,NGA,1985,73745821158.0,73484359521.0,0.3558058322945312
Nigeria,NGA,1986,54805852581.0,73745821158.0,-25.68276856856909
Nigeria,NGA,1987,52676041931.0,54805852581.0,-3.8861007532950187
Nigeria,NGA,1988,49648470440.0,52676041931.0,-5.747530338300278
Nigeria,NGA,1989,44003061108.0,49648470440.0,-11.370761842144683
Nigeria,NGA,1990,54035795388.0,44003061108.0,22.800082601926054
Nigeria,NGA,1991,49118434950.0,54035795388.0,-9.100190721153002
Nigeria,NGA,1992,47794954192.0,49118434950.0,-2.6944685011793146
Nigeria,NGA,1993,27752204787.0,47794954192.0,-41.9348647651906
Nigeria,NGA,1994,33833043778.0,27752204787.0,21.911192417578484
Nigeria,NGA,1995,44062465418.0,33833043778.0,30.235002523336973
Nigeria,NGA,1996,51075815093.0,44062465418.0,15.91683444961065
Nigeria,NGA,1997,54457835603.0,51075815093.0,6.621569335392774
Nigeria,NGA,1998,54604050168.0,54457835603.0,0.2684913261443489
Nigeria,NGA,1999,59372679433.0,54604050168.0,8.73310542043746
Nigeria,NGA,2000,69448962761.0,59372679433.0,16.971245738321006
Nigeria,NGA,2001,74030562270.0,69448962761.0,6.597074062527053
Nigeria,NGA,2002,95054094655.0,74030562270.0,28.398450235085583
Nigeria,NGA,2003,105000000000.0,95054094655.0,10.463415996016568
Nigeria,NGA,2004,136000000000.0,105000000000.0,29.52380952380953
Nigeria,NGA,2005,176000000000.0,136000000000.0,29.41176470588236
Nigeria,NGA,2006,238000000000.0,176000000000.0,35.22727272727273
Nigeria,NGA,2007,278000000000.0,238000000000.0,16.806722689075638
Nigeria,NGA,2008,339000000000.0,278000000000.0,21.942446043165464
Nigeria,NGA,2009,295000000000.0,339000000000.0,-12.979351032448383
Nigeria,NGA,2010,367000000000.0,295000000000.0,24.40677966101694
Nigeria,NGA,2011,414000000000.0,367000000000.0,12.806539509536785
Nigeria,NGA,2012,464000000000.0,414000000000.0,12.077294685990347
Nigeria,NGA,2013,520000000000.0,464000000000.0,12.06896551724137
Nigeria,NGA,2014,574000000000.0,520000000000.0,10.384615384615392
Nigeria,NGA,2015,493000000000.0,574000000000.0,-14.111498257839717
Nigeria,NGA,2016,405000000000.0,493000000000.0,-17.849898580121703
Nigeria,NGA,2017,376000000000.0,405000000000.0,-7.160493827160497
Nigeria,NGA,2018,422000000000.0,376000000000.0,12.234042553191493
Nigeria,NGA,2019,475000000000.0,422000000000.0,12.559241706161139
Nigeria,NGA,2020,432000000000.0,475000000000.0,-9.052631578947368
Nigeria,NGA,2021,441000000000.0,432000000000.0,2.083333333333326
Nigeria,NGA,2022,477000000000.0,441000000000.0,8.163265306122458
North America,NAC,1960,584000000000.0,,
North America,NAC,1961,604000000000.0,584000000000.0,3.424657534246567
North America,NAC,1962,647000000000.0,604000000000.0,7.1192052980132425
North America,NAC,1963,684000000000.0,647000000000.0,5.71870170015456
North America,NAC,1964,735000000000.0,684000000000.0,7.456140350877183
North America,NAC,1965,798000000000.0,735000000000.0,8.571428571428562
North America,NAC,1966,876000000000.0,798000000000.0,9.774436090225569
North America,NAC,1967,928000000000.0,876000000000.0,5.936073059360725
North America,NAC,1968,1010000000000.0,928000000000.0,8.836206896551735
North America,NAC,1969,1100000000000.0,1010000000000.0,8.910891089108919
North America,NAC,1970,1160000000000.0,1100000000000.0,5.454545454545445
North America,NAC,1971,1260000000000.0,1160000000000.0,8.62068965517242
North America,NAC,1972,1390000000000.0,1260000000000.0,10.317460317460325
North America,NAC,1973,1560000000000.0,1390000000000.0,12.230215827338121
North America,NAC,1974,1710000000000.0,1560000000000.0,9.615384615384626
North America,NAC,1975,1860000000000.0,1710000000000.0,8.771929824561408
North America,NAC,1976,2080000000000.0,1860000000000.0,11.827956989247301
North America,NAC,1977,2290000000000.0,2080000000000.0,10.096153846153854
North America,NAC,1978,2570000000000.0,2290000000000.0,12.227074235807866
North America,NAC,1979,2870000000000.0,2570000000000.0,11.673151750972766
North America,NAC,1980,3130000000000.0,2870000000000.0,9.059233449477343
North America,NAC,1981,3520000000000.0,3130000000000.0,12.460063897763574
North America,NAC,1982,3660000000000.0,3520000000000.0,3.9772727272727293
North America,NAC,1983,3980000000000.0,3660000000000.0,8.743169398907114
North America,NAC,1984,4400000000000.0,3980000000000.0,10.552763819095468
North America,NAC,1985,4710000000000.0,4400000000000.0,7.045454545454555
North America,NAC,1986,4960000000000.0,4710000000000.0,5.307855626326963
North America,NAC,1987,5290000000000.0,4960000000000.0,6.653225806451624
North America,NAC,1988,5750000000000.0,5290000000000.0,8.695652173913038
North America,NAC,1989,6210000000000.0,5750000000000.0,8.000000000000007
North America,NAC,1990,6560000000000.0,6210000000000.0,5.636070853462161
North America,NAC,1991,6770000000000.0,6560000000000.0,3.2012195121951192
North America,NAC,1992,7120000000000.0,6770000000000.0,5.169867060561306
North America,NAC,1993,7440000000000.0,7120000000000.0,4.494382022471921
North America,NAC,1994,7870000000000.0,7440000000000.0,5.779569892473124
North America,NAC,1995,8250000000000.0,7870000000000.0,4.828462515883092
North America,NAC,1996,8710000000000.0,8250000000000.0,5.575757575757567
North America,NAC,1997,9240000000000.0,8710000000000.0,6.084959816303104
North America,NAC,1998,9700000000000.0,9240000000000.0,4.978354978354971
North America,NAC,1999,10300000000000.0,9700000000000.0,6.185567010309279
North America,NAC,2000,11000000000000.0,10300000000000.0,6.796116504854366
North America,NAC,2001,11300000000000.0,11000000000000.0,2.7272727272727337
North America,NAC,2002,11700000000000.0,11300000000000.0,3.539823008849563
North America,NAC,2003,12400000000000.0,11700000000000.0,5.982905982905984
North America,NAC,2004,13200000000000.0,12400000000000.0,6.451612903225801
North America,NAC,2005,14200000000000.0,13200000000000.0,7.575757575757569
North America,NAC,2006,15100000000000.0,14200000000000.0,6.338028169014076
North America,NAC,2007,15900000000000.0,15100000000000.0,5.298013245033117
North America,NAC,2008,16300000000000.0,15900000000000.0,2.515723270440251
North America,NAC,2009,15900000000000.0,16300000000000.0,-2.4539877300613466
North America,NAC,2010,16700000000000.0,15900000000000.0,5.031446540880502
North America,NAC,2011,17400000000000.0,16700000000000.0,4.191616766467066
North America,NAC,2012,18100000000000.0,17400000000000.0,4.022988505747116
North America,NAC,2013,18700000000000.0,18100000000000.0,3.3149171270718147
North America,NAC,2014,19400000000000.0,18700000000000.0,3.743315508021383
North America,NAC,2015,19800000000000.0,19400000000000.0,2.0618556701030855
North America,NAC,2016,20200000000000.0,19800000000000.0,2.020202020202011
North America,NAC,2017,21100000000000.0,20200000000000.0,4.455445544554459
North America,NAC,2018,22300000000000.0,21100000000000.0,5.687203791469186
North America,NAC,2019,23100000000000.0,22300000000000.0,3.587443946188351
North America,NAC,2020,22700000000000.0,23100000000000.0,-1.7316017316017285
North America,NAC,2021,25300000000000.0,22700000000000.0,11.45374449339207
North America,NAC,2022,27600000000000.0,25300000000000.0,9.090909090909083
North Macedonia,MKD,1990,4699646643.0,,
North Macedonia,MKD,1991,4938775510.0,4699646643.0,5.088230779141156
North Macedonia,MKD,1992,2436849342.0,4938775510.0,-50.65883563515119
North Macedonia,MKD,1993,2682456897.0,2436849342.0,10.078897811483989
North Macedonia,MKD,1994,3559608613.0,2682456897.0,32.69956423087308
North Macedonia,MKD,1995,4707041274.0,3559608613.0,32.234798421643205
North Macedonia,MKD,1996,4642021256.0,4707041274.0,-1.3813352000788037
North Macedonia,MKD,1997,3912986091.0,4642021256.0,-15.705123367491968
North Macedonia,MKD,1998,3765745000.0,3912986091.0,-3.7628830661744384
North Macedonia,MKD,1999,3863619262.0,3765745000.0,2.599067701079072
North Macedonia,MKD,2000,3772859053.0,3863619262.0,-2.349098160179941
North Macedonia,MKD,2001,3709636012.0,3772859053.0,-1.6757329153265887
North Macedonia,MKD,2002,4018365768.0,3709636012.0,8.322373273316174
North Macedonia,MKD,2003,4946296569.0,4018365768.0,23.092243329104534
North Macedonia,MKD,2004,5682784433.0,4946296569.0,14.889682689384243
North Macedonia,MKD,2005,6258602830.0,5682784433.0,10.132680621425916
North Macedonia,MKD,2006,6861227018.0,6258602830.0,9.628733510798604
North Macedonia,MKD,2007,8336475036.0,6861227018.0,21.501227318813076
North Macedonia,MKD,2008,9909552356.0,8336475036.0,18.869813838665216
North Macedonia,MKD,2009,9401736825.0,9909552356.0,-5.124505252677025
North Macedonia,MKD,2010,9407170389.0,9401736825.0,0.05779319397190008
North Macedonia,MKD,2011,10494626768.0,9407170389.0,11.559866931628937
North Macedonia,MKD,2012,9745261301.0,10494626768.0,-7.140468008685641
North Macedonia,MKD,2013,10817702424.0,9745261301.0,11.00474466384962
North Macedonia,MKD,2014,11362265294.0,10817702424.0,5.033997503867749
North Macedonia,MKD,2015,10064519963.0,11362265294.0,-11.42153696838334
North Macedonia,MKD,2016,10672467073.0,10064519963.0,6.040497830348435
North Macedonia,MKD,2017,11307067001.0,10672467073.0,5.946140884383322
North Macedonia,MKD,2018,12683068033.0,11307067001.0,12.169389567412182
North Macedonia,MKD,2019,12606338449.0,12683068033.0,-0.6049765230333737
North Macedonia,MKD,2020,12363580535.0,12606338449.0,-1.9256813941819662
North Macedonia,MKD,2021,13825049832.0,12363580535.0,11.820760926519092
North Macedonia,MKD,2022,13563132057.0,13825049832.0,-1.8945159560564862
Northern Mariana Islands,MNP,2002,1284000000.0,,
Northern Mariana Islands,MNP,2003,1239000000.0,1284000000.0,-3.5046728971962593
Northern Mariana Islands,MNP,2004,1210000000.0,1239000000.0,-2.3405972558514954
Northern Mariana Islands,MNP,2005,1061000000.0,1210000000.0,-12.314049586776854
Northern Mariana Islands,MNP,2006,990000000.0,1061000000.0,-6.691800188501418
Northern Mariana Islands,MNP,2007,938000000.0,990000000.0,-5.252525252525253
Northern Mariana Islands,MNP,2008,939000000.0,938000000.0,0.10660980810235365
Northern Mariana Islands,MNP,2009,795000000.0,939000000.0,-15.335463258785943
Northern Mariana Islands,MNP,2010,799000000.0,795000000.0,0.5031446540880502
Northern Mariana Islands,MNP,2011,729000000.0,799000000.0,-8.760951188986233
Northern Mariana Islands,MNP,2012,746000000.0,729000000.0,2.3319615912208436
Northern Mariana Islands,MNP,2013,772000000.0,746000000.0,3.4852546916890104
Northern Mariana Islands,MNP,2014,832000000.0,772000000.0,7.772020725388606
Northern Mariana Islands,MNP,2015,910000000.0,832000000.0,9.375
Northern Mariana Islands,MNP,2016,1230000000.0,910000000.0,35.164835164835175
Northern Mariana Islands,MNP,2017,1560000000.0,1230000000.0,26.82926829268293
Northern Mariana Islands,MNP,2018,1301000000.0,1560000000.0,-16.6025641025641
Northern Mariana Islands,MNP,2019,1181000000.0,1301000000.0,-9.223674096848578
Northern Mariana Islands,MNP,2020,858000000.0,1181000000.0,-27.349703640982213
Norway,NOR,1960,5163271598.0,,
Norway,NOR,1961,5632460937.0,5163271598.0,9.087055176058168
Norway,NOR,1962,6066976683.0,5632460937.0,7.714491957603076
Norway,NOR,1963,6510239503.0,6066976683.0,7.306156643753825
Norway,NOR,1964,7159202706.0,6510239503.0,9.968346060094246
Norway,NOR,1965,8058680981.0,7159202706.0,12.563944784607983
Norway,NOR,1966,8696460120.0,8058680981.0,7.91418770024146
Norway,NOR,1967,9514496610.0,8696460120.0,9.406545637099995
Norway,NOR,1968,10159934037.0,9514496610.0,6.783726490812203
Norway,NOR,1969,11063064975.0,10159934037.0,8.88914174748594
Norway,NOR,1970,12814194863.0,11063064975.0,15.828614330270629
Norway,NOR,1971,14583103533.0,12814194863.0,13.804290389773822
Norway,NOR,1972,17358481291.0,14583103533.0,19.031461661913163
Norway,NOR,1973,22534123432.0,17358481291.0,29.816215222027864
Norway,NOR,1974,27145652980.0,22534123432.0,20.4646502532746
Norway,NOR,1975,32877543120.0,27145652980.0,21.115315016452406
Norway,NOR,1976,35942160909.0,32877543120.0,9.321310226297719
Norway,NOR,1977,41508030439.0,35942160909.0,15.485628546630581
Norway,NOR,1978,46522900254.0,41508030439.0,12.081685789379538
Norway,NOR,1979,53132594368.0,46522900254.0,14.207399104340457
Norway,NOR,1980,64439056748.0,53132594368.0,21.2797107208631
Norway,NOR,1981,63596562434.0,64439056748.0,-1.3074280669481575
Norway,NOR,1982,62646871992.0,63596562434.0,-1.4933046781979487
Norway,NOR,1983,61627522383.0,62646871992.0,-1.627135683853731
Norway,NOR,1984,62058271863.0,61627522383.0,0.6989563483065231
Norway,NOR,1985,65416626281.0,62058271863.0,5.411614466825498
Norway,NOR,1986,78692674637.0,65416626281.0,20.294608742083618
Norway,NOR,1987,94230606535.0,78692674637.0,19.74508042797458
Norway,NOR,1988,102000000000.0,94230606535.0,8.245084851612638
Norway,NOR,1989,103000000000.0,102000000000.0,0.9803921568627416
Norway,NOR,1990,120000000000.0,103000000000.0,16.50485436893203
Norway,NOR,1991,122000000000.0,120000000000.0,1.6666666666666607
Norway,NOR,1992,131000000000.0,122000000000.0,7.377049180327866
Norway,NOR,1993,121000000000.0,131000000000.0,-7.633587786259543
Norway,NOR,1994,127000000000.0,121000000000.0,4.958677685950419
Norway,NOR,1995,152000000000.0,127000000000.0,19.685039370078748
Norway,NOR,1996,164000000000.0,152000000000.0,7.8947368421052655
Norway,NOR,1997,161000000000.0,164000000000.0,-1.8292682926829285
Norway,NOR,1998,154000000000.0,161000000000.0,-4.347826086956519
Norway,NOR,1999,162000000000.0,154000000000.0,5.1948051948051965
Norway,NOR,2000,171000000000.0,162000000000.0,5.555555555555558
Norway,NOR,2001,174000000000.0,171000000000.0,1.7543859649122862
Norway,NOR,2002,196000000000.0,174000000000.0,12.643678160919535
Norway,NOR,2003,229000000000.0,196000000000.0,16.836734693877542
Norway,NOR,2004,265000000000.0,229000000000.0,15.720524017467241
Norway,NOR,2005,310000000000.0,265000000000.0,16.981132075471695
Norway,NOR,2006,347000000000.0,310000000000.0,11.935483870967744
Norway,NOR,2007,403000000000.0,347000000000.0,16.13832853025936
Norway,NOR,2008,465000000000.0,403000000000.0,15.384615384615374
Norway,NOR,2009,388000000000.0,465000000000.0,-16.559139784946243
Norway,NOR,2010,431000000000.0,388000000000.0,11.082474226804129
Norway,NOR,2011,501000000000.0,431000000000.0,16.241299303944313
Norway,NOR,2012,513000000000.0,501000000000.0,2.39520958083832
Norway,NOR,2013,526000000000.0,513000000000.0,2.5341130604288553
Norway,NOR,2014,502000000000.0,526000000000.0,-4.562737642585546
Norway,NOR,2015,388000000000.0,502000000000.0,-22.709163346613547
Norway,NOR,2016,371000000000.0,388000000000.0,-4.381443298969067
Norway,NOR,2017,402000000000.0,371000000000.0,8.35579514824798
Norway,NOR,2018,440000000000.0,402000000000.0,9.45273631840795
Norway,NOR,2019,409000000000.0,440000000000.0,-7.045454545454543
Norway,NOR,2020,368000000000.0,409000000000.0,-10.024449877750607
Norway,NOR,2021,490000000000.0,368000000000.0,33.152173913043484
Norway,NOR,2022,579000000000.0,490000000000.0,18.163265306122444
OECD members,OED,1960,1070000000000.0,,
OECD members,OED,1961,1140000000000.0,1070000000000.0,6.542056074766345
OECD members,OED,1962,1230000000000.0,1140000000000.0,7.8947368421052655
OECD members,OED,1963,1320000000000.0,1230000000000.0,7.317073170731714
OECD members,OED,1964,1450000000000.0,1320000000000.0,9.84848484848484
OECD members,OED,1965,1570000000000.0,1450000000000.0,8.275862068965512
OECD members,OED,1966,1720000000000.0,1570000000000.0,9.554140127388532
OECD members,OED,1967,1850000000000.0,1720000000000.0,7.558139534883712
OECD members,OED,1968,2010000000000.0,1850000000000.0,8.64864864864865
OECD members,OED,1969,2210000000000.0,2010000000000.0,9.950248756218905
OECD members,OED,1970,2400000000000.0,2210000000000.0,8.597285067873294
OECD members,OED,1971,2660000000000.0,2400000000000.0,10.83333333333334
OECD members,OED,1972,3090000000000.0,2660000000000.0,16.16541353383458
OECD members,OED,1973,3730000000000.0,3090000000000.0,20.71197411003236
OECD members,OED,1974,4180000000000.0,3730000000000.0,12.064343163538883
OECD members,OED,1975,4690000000000.0,4180000000000.0,12.200956937799035
OECD members,OED,1976,5080000000000.0,4690000000000.0,8.315565031982942
OECD members,OED,1977,5730000000000.0,5080000000000.0,12.795275590551181
OECD members,OED,1978,6890000000000.0,5730000000000.0,20.244328097731245
OECD members,OED,1979,7960000000000.0,6890000000000.0,15.52975326560233
OECD members,OED,1980,8840000000000.0,7960000000000.0,11.05527638190955
OECD members,OED,1981,9000000000000.0,8840000000000.0,1.8099547511312153
OECD members,OED,1982,8870000000000.0,9000000000000.0,-1.4444444444444482
OECD members,OED,1983,9160000000000.0,8870000000000.0,3.269447576099216
OECD members,OED,1984,9580000000000.0,9160000000000.0,4.585152838427953
OECD members,OED,1985,10100000000000.0,9580000000000.0,5.427974947807934
OECD members,OED,1986,12200000000000.0,10100000000000.0,20.79207920792079
OECD members,OED,1987,14200000000000.0,12200000000000.0,16.393442622950815
OECD members,OED,1988,16000000000000.0,14200000000000.0,12.676056338028175
OECD members,OED,1989,16700000000000.0,16000000000000.0,4.374999999999996
OECD members,OED,1990,18800000000000.0,16700000000000.0,12.574850299401197
OECD members,OED,1991,19900000000000.0,18800000000000.0,5.85106382978724
OECD members,OED,1992,21400000000000.0,19900000000000.0,7.537688442211055
OECD members,OED,1993,21700000000000.0,21400000000000.0,1.4018691588784993
OECD members,OED,1994,23300000000000.0,21700000000000.0,7.373271889400912
OECD members,OED,1995,25700000000000.0,23300000000000.0,10.300429184549365
OECD members,OED,1996,25900000000000.0,25700000000000.0,0.7782101167315147
OECD members,OED,1997,25500000000000.0,25900000000000.0,-1.5444015444015413
OECD members,OED,1998,25700000000000.0,25500000000000.0,0.7843137254901933
OECD members,OED,1999,27000000000000.0,25700000000000.0,5.058365758754868
OECD members,OED,2000,27600000000000.0,27000000000000.0,2.2222222222222143
OECD members,OED,2001,27400000000000.0,27600000000000.0,-0.7246376811594235
OECD members,OED,2002,28600000000000.0,27400000000000.0,4.379562043795615
OECD members,OED,2003,32000000000000.0,28600000000000.0,11.888111888111897
OECD members,OED,2004,35600000000000.0,32000000000000.0,11.250000000000004
OECD members,OED,2005,37600000000000.0,35600000000000.0,5.617977528089879
OECD members,OED,2006,39700000000000.0,37600000000000.0,5.585106382978733
OECD members,OED,2007,43400000000000.0,39700000000000.0,9.319899244332497
OECD members,OED,2008,46100000000000.0,43400000000000.0,6.2211981566820285
OECD members,OED,2009,43100000000000.0,46100000000000.0,-6.507592190889366
OECD members,OED,2010,45300000000000.0,43100000000000.0,5.1044083526682105
OECD members,OED,2011,48700000000000.0,45300000000000.0,7.505518763796903
OECD members,OED,2012,48600000000000.0,48700000000000.0,-0.2053388090349051
OECD members,OED,2013,49300000000000.0,48600000000000.0,1.4403292181069949
OECD members,OED,2014,50300000000000.0,49300000000000.0,2.0283975659229236
OECD members,OED,2015,47400000000000.0,50300000000000.0,-5.765407554671964
OECD members,OED,2016,48300000000000.0,47400000000000.0,1.8987341772152
OECD members,OED,2017,50400000000000.0,48300000000000.0,4.347826086956519
OECD members,OED,2018,53400000000000.0,50400000000000.0,5.952380952380953
OECD members,OED,2019,53900000000000.0,53400000000000.0,0.9363295880149725
OECD members,OED,2020,52500000000000.0,53900000000000.0,-2.5974025974025983
OECD members,OED,2021,58400000000000.0,52500000000000.0,11.238095238095248
OECD members,OED,2022,59600000000000.0,58400000000000.0,2.0547945205479534
Oman,OMN,1965,63279974.8,,
Oman,OMN,1966,67759973.02,63279974.8,7.0796460241321135
Oman,OMN,1967,107151734.0,67759973.02,58.13426308238516
Oman,OMN,1968,188879849.2,107151734.0,76.27325489664962
Oman,OMN,1969,239999808.3,188879849.2,27.064803003877035
Oman,OMN,1970,256319795.3,239999808.3,6.800000014833341
Oman,OMN,1971,301010587.1,256319795.3,17.435560038464182
Oman,OMN,1972,366883549.3,301010587.1,21.88393532421371
Oman,OMN,1973,483066762.4,366883549.3,31.66759952079432
Oman,OMN,1974,1645917781.0,483066762.4,240.72263072347536
Oman,OMN,1975,2096699195.0,1645917781.0,27.387845201242158
Oman,OMN,1976,2560220042.0,2096699195.0,22.10716959806913
Oman,OMN,1977,2741169956.0,2560220042.0,7.067748515031735
Oman,OMN,1978,2740301398.0,2741169956.0,-0.03168566757777436
Oman,OMN,1979,3733352645.0,2740301398.0,36.238760003727144
Oman,OMN,1980,5981760295.0,3733352645.0,60.2248933813216
Oman,OMN,1981,7259120172.0,5981760295.0,21.35424714473617
Oman,OMN,1982,7554719478.0,7259120172.0,4.072109277653113
Oman,OMN,1983,7932541714.0,7554719478.0,5.001141830616618
Oman,OMN,1984,8821430392.0,7932541714.0,11.205597273207113
Oman,OMN,1985,10005645420.0,8821430392.0,13.424297142036545
Oman,OMN,1986,7324168967.0,10005645420.0,-26.79963501045193
Oman,OMN,1987,7811183095.0,7324168967.0,6.649411423935003
Oman,OMN,1988,8386215865.0,7811183095.0,7.361660365740019
Oman,OMN,1989,9372171651.0,8386215865.0,11.756861519805394
Oman,OMN,1990,11685045514.0,9372171651.0,24.678099688381394
Oman,OMN,1991,11341482445.0,11685045514.0,-2.940194529737794
Oman,OMN,1992,12452275683.0,11341482445.0,9.7940744817685
Oman,OMN,1993,12493107932.0,12452275683.0,0.3279099342118119
Oman,OMN,1994,12918855657.0,12493107932.0,3.4078607766565794
Oman,OMN,1995,13802600780.0,12918855657.0,6.840738425010184
Oman,OMN,1996,15277763329.0,13802600780.0,10.687569484278026
Oman,OMN,1997,15837451235.0,15277763329.0,3.663415212995269
Oman,OMN,1998,13996914694.0,15837451235.0,-11.62141883621086
Oman,OMN,1999,15593456177.0,13996914694.0,11.406381462654647
Oman,OMN,2000,19507452536.0,15593456177.0,25.100249197949175
Oman,OMN,2001,19452000520.0,19507452536.0,-0.2842606736972231
Oman,OMN,2002,20142756047.0,19452000520.0,3.5510770539502357
Oman,OMN,2003,21633708192.0,20142756047.0,7.401927231413086
Oman,OMN,2004,24763712874.0,21633708192.0,14.468183883322672
Oman,OMN,2005,31081991678.0,24763712874.0,25.514262890011572
Oman,OMN,2006,37215779714.0,31081991678.0,19.734218127152793
Oman,OMN,2007,42085379454.0,37215779714.0,13.084771506663163
Oman,OMN,2008,60905452536.0,42085379454.0,44.71879148094801
Oman,OMN,2009,48388363589.0,60905452536.0,-20.55167218337537
Oman,OMN,2010,64993498049.0,48388363589.0,34.31637945238306
Oman,OMN,2011,77497529259.0,64993498049.0,19.238895559326473
Oman,OMN,2012,87408842653.0,77497529259.0,12.789199202565516
Oman,OMN,2013,89936020806.0,87408842653.0,2.891215666854796
Oman,OMN,2014,92699089727.0,89936020806.0,3.072260587290354
Oman,OMN,2015,78710793238.0,92699089727.0,-15.09000415235544
Oman,OMN,2016,75128738622.0,78710793238.0,-4.550906513124375
Oman,OMN,2017,80856697009.0,75128738622.0,7.624190811747078
Oman,OMN,2018,91505851756.0,80856697009.0,13.170405347889314
Oman,OMN,2019,88060858257.0,91505851756.0,-3.764779446221711
Oman,OMN,2020,75909397659.0,88060858257.0,-13.798935007579349
Oman,OMN,2021,88191977373.0,75909397659.0,16.180578548621583
Oman,OMN,2022,115000000000.0,88191977373.0,30.39734840462629
Other small states,OSS,1970,3136792481.0,,
Other small states,OSS,1971,3723790335.0,3136792481.0,18.713314876758027
Other small states,OSS,1972,4506983784.0,3723790335.0,21.03215752075902
Other small states,OSS,1973,6529982802.0,4506983784.0,44.88587301293916
Other small states,OSS,1974,12038470437.0,6529982802.0,84.35684751440485
Other small states,OSS,1975,13438157793.0,12038470437.0,11.62678733419562
Other small states,OSS,1976,16705643658.0,13438157793.0,24.314983611087303
Other small states,OSS,1977,18811847922.0,16705643658.0,12.607740875589556
Other small states,OSS,1978,20754149837.0,18811847922.0,10.324886332557082
Other small states,OSS,1979,26949571910.0,20754149837.0,29.851485710847815
Other small states,OSS,1980,37433945857.0,26949571910.0,38.90367528661793
Other small states,OSS,1981,37631523061.0,37433945857.0,0.5278022379867631
Other small states,OSS,1982,35595407220.0,37631523061.0,-5.410665514918156
Other small states,OSS,1983,33626483059.0,35595407220.0,-5.531399455078356
Other small states,OSS,1984,33869280909.0,33626483059.0,0.7220435439947659
Other small states,OSS,1985,32188255619.0,33869280909.0,-4.963274226330872
Other small states,OSS,1986,32597410212.0,32188255619.0,1.2711300601157216
Other small states,OSS,1987,38688149560.0,32597410212.0,18.684733874219962
Other small states,OSS,1988,43466381094.0,38688149560.0,12.350633432569879
Other small states,OSS,1989,45513212161.0,43466381094.0,4.7089981164374795
Other small states,OSS,1990,54470069179.0,45513212161.0,19.6796855082777
Other small states,OSS,1991,56088598974.0,54470069179.0,2.9714113078894266
Other small states,OSS,1992,61185089378.0,56088598974.0,9.0864997472347
Other small states,OSS,1993,58270242537.0,61185089378.0,-4.7639823209085215
Other small states,OSS,1994,60952773468.0,58270242537.0,4.603603510482501
Other small states,OSS,1995,69995035766.0,60952773468.0,14.834866050430273
Other small states,OSS,1996,73779037903.0,69995035766.0,5.406100726414764
Other small states,OSS,1997,76822131944.0,73779037903.0,4.124605209681453
Other small states,OSS,1998,75274017480.0,76822131944.0,-2.0151933106054787
Other small states,OSS,1999,81019607840.0,75274017480.0,7.632899840275664
Other small states,OSS,2000,91702715004.0,81019607840.0,13.185829268758397
Other small states,OSS,2001,91249698436.0,91702715004.0,-0.494005622385596
Other small states,OSS,2002,98381529623.0,91249698436.0,7.8157312399252055
Other small states,OSS,2003,122000000000.0,98381529623.0,24.007016832840943
Other small states,OSS,2004,152000000000.0,122000000000.0,24.590163934426236
Other small states,OSS,2005,184000000000.0,152000000000.0,21.052631578947366
Other small states,OSS,2006,216000000000.0,184000000000.0,17.391304347826097
Other small states,OSS,2007,264000000000.0,216000000000.0,22.222222222222232
Other small states,OSS,2008,323000000000.0,264000000000.0,22.34848484848484
Other small states,OSS,2009,277000000000.0,323000000000.0,-14.241486068111453
Other small states,OSS,2010,323000000000.0,277000000000.0,16.60649819494584
Other small states,OSS,2011,397000000000.0,323000000000.0,22.910216718266252
Other small states,OSS,2012,414000000000.0,397000000000.0,4.282115869017633
Other small states,OSS,2013,432000000000.0,414000000000.0,4.347826086956519
Other small states,OSS,2014,447000000000.0,432000000000.0,3.472222222222232
Other small states,OSS,2015,370000000000.0,447000000000.0,-17.225950782997767
Other small states,OSS,2016,367000000000.0,370000000000.0,-0.8108108108108136
Other small states,OSS,2017,399000000000.0,367000000000.0,8.719346049046317
Other small states,OSS,2018,443000000000.0,399000000000.0,11.027568922305765
Other small states,OSS,2019,434000000000.0,443000000000.0,-2.031602708803615
Other small states,OSS,2020,378000000000.0,434000000000.0,-12.903225806451612
Other small states,OSS,2021,456000000000.0,378000000000.0,20.63492063492063
Other small states,OSS,2022,530000000000.0,456000000000.0,16.228070175438592
Pacific island small states,PSS,1971,437447620.8,,
Pacific island small states,PSS,1972,525633220.2,437447620.8,20.159121962699665
Pacific island small states,PSS,1973,716679448.5,525633220.2,36.34591973226278
Pacific island small states,PSS,1974,1018241425.0,716679448.5,42.077664865535766
Pacific island small states,PSS,1975,1137316353.0,1018241425.0,11.694174394839617
Pacific island small states,PSS,1976,1140399511.0,1137316353.0,0.27109062415811014
Pacific island small states,PSS,1977,1189768788.0,1140399511.0,4.329121200403607
Pacific island small states,PSS,1978,1379939153.0,1189768788.0,15.983808528014599
Pacific island small states,PSS,1979,1690540719.0,1379939153.0,22.508352293994214
Pacific island small states,PSS,1980,1966099340.0,1690540719.0,16.30002861823998
Pacific island small states,PSS,1981,2023807478.0,1966099340.0,2.9351588104393533
Pacific island small states,PSS,1982,1974341178.0,2023807478.0,-2.4442196472603372
Pacific island small states,PSS,1983,1877614434.0,1974341178.0,-4.899190934060538
Pacific island small states,PSS,1984,1979416203.0,1877614434.0,5.421867618642295
Pacific island small states,PSS,1985,1873326939.0,1979416203.0,-5.359623905230803
Pacific island small states,PSS,1986,2042414181.0,1873326939.0,9.026040168421456
Pacific island small states,PSS,1987,1987651803.0,2042414181.0,-2.6812572351601838
Pacific island small states,PSS,1988,2033226609.0,1987651803.0,2.2928968711327213
Pacific island small states,PSS,1989,2103611296.0,2033226609.0,3.4617236804026064
Pacific island small states,PSS,1990,2354687133.0,2103611296.0,11.93546723567318
Pacific island small states,PSS,1991,2500551872.0,2354687133.0,6.194654778367958
Pacific island small states,PSS,1992,2743014524.0,2500551872.0,9.696365618925263
Pacific island small states,PSS,1993,2908044291.0,2743014524.0,6.016365044955929
Pacific island small states,PSS,1994,3426105626.0,2908044291.0,17.814767698116874
Pacific island small states,PSS,1995,3716903517.0,3426105626.0,8.487709450438285
Pacific island small states,PSS,1996,3978860438.0,3716903517.0,7.047719151220577
Pacific island small states,PSS,1997,3985888306.0,3978860438.0,0.17663017111333446
Pacific island small states,PSS,1998,3413058276.0,3985888306.0,-14.37145213371165
Pacific island small states,PSS,1999,3750909585.0,3413058276.0,9.898785244181397
Pacific island small states,PSS,2000,3435656384.0,3750909585.0,-8.404713413000064
Pacific island small states,PSS,2001,3389381092.0,3435656384.0,-1.3469126952132315
Pacific island small states,PSS,2002,3558832752.0,3389381092.0,4.999486791259877
Pacific island small states,PSS,2003,4239178866.0,3558832752.0,19.117113992436362
Pacific island small states,PSS,2004,4877982920.0,4239178866.0,15.069051677047106
Pacific island small states,PSS,2005,5419134369.0,4877982920.0,11.093754485716811
Pacific island small states,PSS,2006,5688864951.0,5419134369.0,4.977373942653762
Pacific island small states,PSS,2007,6273728182.0,5688864951.0,10.28084224247916
Pacific island small states,PSS,2008,6704438240.0,6273728182.0,6.865296766215545
Pacific island small states,PSS,2009,6031359070.0,6704438240.0,-10.039307484171855
Pacific island small states,PSS,2010,6634286339.0,6031359070.0,9.996540779655483
Pacific island small states,PSS,2011,7736812460.0,6634286339.0,16.618609216770498
Pacific island small states,PSS,2012,8198532205.0,7736812460.0,5.9678290948259605
Pacific island small states,PSS,2013,8523915458.0,8198532205.0,3.9687988637961302
Pacific island small states,PSS,2014,9263444824.0,8523915458.0,8.67593501652959
Pacific island small states,PSS,2015,9054327014.0,9263444824.0,-2.257451887209516
Pacific island small states,PSS,2016,9504027365.0,9054327014.0,4.96668996276215
Pacific island small states,PSS,2017,10256678900.0,9504027365.0,7.9192904870176495
Pacific island small states,PSS,2018,10760671502.0,10256678900.0,4.913799163586963
Pacific island small states,PSS,2019,10739835369.0,10760671502.0,-0.193632274678468
Pacific island small states,PSS,2020,9531900179.0,10739835369.0,-11.247241214578063
Pacific island small states,PSS,2021,9475964549.0,9531900179.0,-0.5868255956271273
Pacific island small states,PSS,2022,10226024920.0,9475964549.0,7.915398660700501
Pakistan,PAK,1960,3749265015.0,,
Pakistan,PAK,1961,4118647627.0,3749265015.0,9.852133965515364
Pakistan,PAK,1962,4310163797.0,4118647627.0,4.64997706393977
Pakistan,PAK,1963,4630827383.0,4310163797.0,7.43970765619606
Pakistan,PAK,1964,5204955901.0,4630827383.0,12.39796845176424
Pakistan,PAK,1965,5929231415.0,5204955901.0,13.915113360727016
Pakistan,PAK,1966,6561108778.0,5929231415.0,10.656986020168691
Pakistan,PAK,1967,7464510710.0,6561108778.0,13.76904365660252
Pakistan,PAK,1968,8041999160.0,7464510710.0,7.736454168742157
Pakistan,PAK,1969,8683116338.0,8041999160.0,7.972111974207174
Pakistan,PAK,1970,10027509450.0,8683116338.0,15.482841178996075
Pakistan,PAK,1971,10665896682.0,10027509450.0,6.366358817044038
Pakistan,PAK,1972,9415016360.0,10665896682.0,-11.727849606034656
Pakistan,PAK,1973,6383429490.0,9415016360.0,-32.199485949698335
Pakistan,PAK,1974,8899191919.0,6383429490.0,39.41082819103874
Pakistan,PAK,1975,11230606061.0,8899191919.0,26.198043184374665
Pakistan,PAK,1976,13168080808.0,11230606061.0,17.251738120600436
Pakistan,PAK,1977,15126060606.0,13168080808.0,14.869135651191234
Pakistan,PAK,1978,17811515152.0,15126060606.0,17.753826432076902
Pakistan,PAK,1979,19688383838.0,17811515152.0,10.537389267466413
Pakistan,PAK,1980,23654444444.0,19688383838.0,20.144165405518045
Pakistan,PAK,1981,28100606061.0,23654444444.0,18.79630539421855
Pakistan,PAK,1982,30725971564.0,28100606061.0,9.34273622889461
Pakistan,PAK,1983,28691889764.0,30725971564.0,-6.620073170878104
Pakistan,PAK,1984,31151825467.0,28691889764.0,8.573627332440491
Pakistan,PAK,1985,31144920844.0,31151825467.0,-0.02216442502643856
Pakistan,PAK,1986,31899070056.0,31144920844.0,2.4214195816307127
Pakistan,PAK,1987,33351529275.0,31899070056.0,4.553296432937248
Pakistan,PAK,1988,38472742808.0,33351529275.0,15.355258497363167
Pakistan,PAK,1989,40171105580.0,38472742808.0,4.414457218389023
Pakistan,PAK,1990,40010423970.0,40171105580.0,-0.39999299914712516
Pakistan,PAK,1991,45625336680.0,40010423970.0,14.033624622948482
Pakistan,PAK,1992,48884672605.0,45625336680.0,7.14369725720565
Pakistan,PAK,1993,51809999353.0,48884672605.0,5.984138978770193
Pakistan,PAK,1994,52293471393.0,51809999353.0,0.9331635708117458
Pakistan,PAK,1995,60636071684.0,52293471393.0,15.953426056386721
Pakistan,PAK,1996,63320170084.0,60636071684.0,4.4265703985376215
Pakistan,PAK,1997,62433340468.0,63320170084.0,-1.4005483794871987
Pakistan,PAK,1998,62191955814.0,62433340468.0,-0.38662780525690055
Pakistan,PAK,1999,62973856844.0,62191955814.0,1.2572382067199461
Pakistan,PAK,2000,82017743416.0,62973856844.0,30.240940489282497
Pakistan,PAK,2001,79484403985.0,82017743416.0,-3.0887699727981
Pakistan,PAK,2002,79904985385.0,79484403985.0,0.5291370116826677
Pakistan,PAK,2003,91760542940.0,79904985385.0,14.837068673346575
Pakistan,PAK,2004,108000000000.0,91760542940.0,17.697647092845337
Pakistan,PAK,2005,120000000000.0,108000000000.0,11.111111111111116
Pakistan,PAK,2006,137000000000.0,120000000000.0,14.16666666666666
Pakistan,PAK,2007,152000000000.0,137000000000.0,10.948905109489049
Pakistan,PAK,2008,170000000000.0,152000000000.0,11.842105263157897
Pakistan,PAK,2009,168000000000.0,170000000000.0,-1.17647058823529
Pakistan,PAK,2010,177000000000.0,168000000000.0,5.35714285714286
Pakistan,PAK,2011,214000000000.0,177000000000.0,20.903954802259882
Pakistan,PAK,2012,224000000000.0,214000000000.0,4.672897196261672
Pakistan,PAK,2013,231000000000.0,224000000000.0,3.125
Pakistan,PAK,2014,244000000000.0,231000000000.0,5.627705627705626
Pakistan,PAK,2015,271000000000.0,244000000000.0,11.065573770491799
Pakistan,PAK,2016,314000000000.0,271000000000.0,15.867158671586722
Pakistan,PAK,2017,339000000000.0,314000000000.0,7.961783439490455
Pakistan,PAK,2018,356000000000.0,339000000000.0,5.014749262536866
Pakistan,PAK,2019,321000000000.0,356000000000.0,-9.831460674157299
Pakistan,PAK,2020,300000000000.0,321000000000.0,-6.542056074766355
Pakistan,PAK,2021,348000000000.0,300000000000.0,15.999999999999993
Pakistan,PAK,2022,377000000000.0,348000000000.0,8.333333333333325
Palau,PLW,2000,146297500.0,,
Palau,PLW,2001,156907900.0,146297500.0,7.25261880756678
Palau,PLW,2002,163184900.0,156907900.0,4.00043592451369
Palau,PLW,2003,153963200.0,163184900.0,-5.651074333470807
Palau,PLW,2004,165186200.0,153963200.0,7.2894042212684695
Palau,PLW,2005,190452900.0,165186200.0,15.295890334664763
Palau,PLW,2006,192382400.0,190452900.0,1.0131113781937762
Palau,PLW,2007,198897700.0,192382400.0,3.386640357953752
Palau,PLW,2008,198283900.0,198897700.0,-0.30860085360464584
Palau,PLW,2009,187522800.0,198283900.0,-5.427117380684965
Palau,PLW,2010,185943000.0,187522800.0,-0.8424575571610471
Palau,PLW,2011,196911100.0,185943000.0,5.898635603383839
Palau,PLW,2012,212397800.0,196911100.0,7.864818184449729
Palau,PLW,2013,221117200.0,212397800.0,4.105221428847194
Palau,PLW,2014,241669800.0,221117200.0,9.294889768864657
Palau,PLW,2015,280457700.0,241669800.0,16.04995742124171
Palau,PLW,2016,298300000.0,280457700.0,6.361850646282852
Palau,PLW,2017,285600000.0,298300000.0,-4.257458933959102
Palau,PLW,2018,284900000.0,285600000.0,-0.2450980392156854
Palau,PLW,2019,278900000.0,284900000.0,-2.106002106002103
Palau,PLW,2020,251900000.0,278900000.0,-9.680889207601295
Palau,PLW,2021,217800000.0,251900000.0,-13.53711790393013
Panama,PAN,1960,537147100.0,,
Panama,PAN,1961,599026300.0,537147100.0,11.519972834257143
Panama,PAN,1962,652120900.0,599026300.0,8.863483957215234
Panama,PAN,1963,722784500.0,652120900.0,10.83596615290201
Panama,PAN,1964,776137500.0,722784500.0,7.38159160856382
Panama,PAN,1965,852485300.0,776137500.0,9.836891014800852
Panama,PAN,1966,928833000.0,852485300.0,8.95589636560301
Panama,PAN,1967,1034376400.0,928833000.0,11.363011434778914
Panama,PAN,1968,1112791100.0,1034376400.0,7.580867080880815
Panama,PAN,1969,1221305700.0,1112791100.0,9.751569724092878
Panama,PAN,1970,1351006400.0,1221305700.0,10.619839078782656
Panama,PAN,1971,1523917200.0,1351006400.0,12.798666238738775
Panama,PAN,1972,1673411700.0,1523917200.0,9.809883371616257
Panama,PAN,1973,1913793400.0,1673411700.0,14.364767498637665
Panama,PAN,1974,2188307600.0,1913793400.0,14.343983002553994
Panama,PAN,1975,2435304100.0,2188307600.0,11.28710150254928
Panama,PAN,1976,2588106000.0,2435304100.0,6.274448435413049
Panama,PAN,1977,2738261900.0,2588106000.0,5.801767779217704
Panama,PAN,1978,3244558600.0,2738261900.0,18.48971057151254
Panama,PAN,1979,3704551600.0,3244558600.0,14.177367608647916
Panama,PAN,1980,4614086400.0,3704551600.0,24.551818902994892
Panama,PAN,1981,5222421500.0,4614086400.0,13.184302313888185
Panama,PAN,1982,5769767900.0,5222421500.0,10.48070133749257
Panama,PAN,1983,5923755900.0,5769767900.0,2.6688768537812324
Panama,PAN,1984,6183387100.0,5923755900.0,4.382881475585454
Panama,PAN,1985,6541517100.0,6183387100.0,5.791809476071785
Panama,PAN,1986,6797834200.0,6541517100.0,3.918312771818644
Panama,PAN,1987,6827665300.0,6797834200.0,0.4388324151830547
Panama,PAN,1988,5902783400.0,6827665300.0,-13.546093127910064
Panama,PAN,1989,5918469800.0,5902783400.0,0.26574581747316195
Panama,PAN,1990,6433967000.0,5918469800.0,8.709974324782399
Panama,PAN,1991,7074675500.0,6433967000.0,9.958218623129401
Panama,PAN,1992,8042337700.0,7074675500.0,13.67783158393625
Panama,PAN,1993,8782585400.0,8042337700.0,9.20438469028726
Panama,PAN,1994,9365289800.0,8782585400.0,6.634770667871903
Panama,PAN,1995,9573813700.0,9365289800.0,2.226561104387814
Panama,PAN,1996,9870494000.0,9573813700.0,3.0988727094198643
Panama,PAN,1997,10677286100.0,9870494000.0,8.173776307447223
Panama,PAN,1998,11575486400.0,10677286100.0,8.412252810196774
Panama,PAN,1999,12130252200.0,11575486400.0,4.792591696189974
Panama,PAN,2000,12304115000.0,12130252200.0,1.4332991361877934
Panama,PAN,2001,12502013400.0,12304115000.0,1.6083919891840992
Panama,PAN,2002,12994310400.0,12502013400.0,3.9377417400624504
Panama,PAN,2003,13693981200.0,12994310400.0,5.3844396390592575
Panama,PAN,2004,15013381700.0,13693981200.0,9.634893466919614
Panama,PAN,2005,16374393900.0,15013381700.0,9.065327367251319
Panama,PAN,2006,18141666300.0,16374393900.0,10.792902691805883
Panama,PAN,2007,21295984200.0,18141666300.0,17.38714541342876
Panama,PAN,2008,25155888600.0,21295984200.0,18.125034108543336
Panama,PAN,2009,27116635600.0,25155888600.0,7.7943857646118
Panama,PAN,2010,29440287600.0,27116635600.0,8.569101396929945
Panama,PAN,2011,34686224300.0,29440287600.0,17.81890439140954
Panama,PAN,2012,40429700000.0,34686224300.0,16.558376750161298
Panama,PAN,2013,45599900000.0,40429700000.0,12.7881235824159
Panama,PAN,2014,49921400000.0,45599900000.0,9.476994467093135
Panama,PAN,2015,54091800000.0,49921400000.0,8.353932381704032
Panama,PAN,2016,57907700000.0,54091800000.0,7.054488850435736
Panama,PAN,2017,62202700000.0,57907700000.0,7.416975635364564
Panama,PAN,2018,67294169235.0,62202700000.0,8.185286547047
Panama,PAN,2019,69721787533.0,67294169235.0,3.6074719780289533
Panama,PAN,2020,57086836942.0,69721787533.0,-18.12195446799145
Panama,PAN,2021,67406738052.0,57086836942.0,18.07754933152974
Panama,PAN,2022,76522511781.0,67406738052.0,13.523534875649613
Papua New Guinea,PNG,1960,230496036.9,,
Papua New Guinea,PNG,1961,244832039.2,230496036.9,6.219630711576873
Papua New Guinea,PNG,1962,261184041.8,244832039.2,6.678865500377706
Papua New Guinea,PNG,1963,275968044.2,261184041.8,5.660377371493741
Papua New Guinea,PNG,1964,305312048.9,275968044.2,10.633116883175697
Papua New Guinea,PNG,1965,344176055.1,305312048.9,12.729273652979645
Papua New Guinea,PNG,1966,390992062.6,344176055.1,13.602342988793236
Papua New Guinea,PNG,1967,441728182.7,390992062.6,12.976253216655454
Papua New Guinea,PNG,1968,485184189.7,441728182.7,9.837725710499479
Papua New Guinea,PNG,1969,551263864.3,485184189.7,13.619502861554178
Papua New Guinea,PNG,1970,645568215.4,551263864.3,17.106935028246163
Papua New Guinea,PNG,1971,717750057.6,645568215.4,11.181133221572171
Papua New Guinea,PNG,1972,858761953.1,717750057.6,19.646378848301737
Papua New Guinea,PNG,1973,1299079580.0,858761953.1,51.27353689931422
Papua New Guinea,PNG,1974,1467417949.0,1299079580.0,12.958279969268705
Papua New Guinea,PNG,1975,1356603018.0,1467417949.0,-7.551695212363796
Papua New Guinea,PNG,1976,1511842284.0,1356603018.0,11.443234604391828
Papua New Guinea,PNG,1977,1640745930.0,1511842284.0,8.526262783109196
Papua New Guinea,PNG,1978,1947878833.0,1640745930.0,18.719101927011938
Papua New Guinea,PNG,1979,2293758903.0,1947878833.0,17.756754893593516
Papua New Guinea,PNG,1980,2545809092.0,2293758903.0,10.988521447059863
Papua New Guinea,PNG,1981,2498188995.0,2545809092.0,-1.8705289862324004
Papua New Guinea,PNG,1982,2368718617.0,2498188995.0,-5.1825693836266336
Papua New Guinea,PNG,1983,2562352065.0,2368718617.0,8.174607427421599
Papua New Guinea,PNG,1984,2552663565.0,2562352065.0,-0.37810963342385095
Papua New Guinea,PNG,1985,2423338768.0,2552663565.0,-5.066268770126781
Papua New Guinea,PNG,1986,2647995148.0,2423338768.0,9.27053134157594
Papua New Guinea,PNG,1987,3143851217.0,2647995148.0,18.7257166756712
Papua New Guinea,PNG,1988,3656179989.0,3143851217.0,16.29621558519192
Papua New Guinea,PNG,1989,3546470501.0,3656179989.0,-3.000658838735304
Papua New Guinea,PNG,1990,3219730365.0,3546470501.0,-9.213107395306652
Papua New Guinea,PNG,1991,3787394958.0,3219730365.0,17.63081154778623
Papua New Guinea,PNG,1992,4377980510.0,3787394958.0,15.59345034117776
Papua New Guinea,PNG,1993,4974550286.0,4377980510.0,13.626597346364155
Papua New Guinea,PNG,1994,5502786070.0,4974550286.0,10.618764584340967
Papua New Guinea,PNG,1995,4636057476.0,5502786070.0,-15.750723051459637
Papua New Guinea,PNG,1996,5155311077.0,4636057476.0,11.200327081535955
Papua New Guinea,PNG,1997,4936615299.0,5155311077.0,-4.242145134086927
Papua New Guinea,PNG,1998,3789443015.0,4936615299.0,-23.23803283258431
Papua New Guinea,PNG,1999,3477038204.0,3789443015.0,-8.244082567369071
Papua New Guinea,PNG,2000,3521339699.0,3477038204.0,1.274115853804414
Papua New Guinea,PNG,2001,3081024212.0,3521339699.0,-12.504203645136592
Papua New Guinea,PNG,2002,2999511040.0,3081024212.0,-2.645651783018188
Papua New Guinea,PNG,2003,3536411824.0,2999511040.0,17.899610197800776
Papua New Guinea,PNG,2004,3927157867.0,3536411824.0,11.049223406283915
Papua New Guinea,PNG,2005,4865892972.0,3927157867.0,23.9036763173748
Papua New Guinea,PNG,2006,8354911622.0,4865892972.0,71.70356335572932
Papua New Guinea,PNG,2007,9545029481.0,8354911622.0,14.244529599405986
Papua New Guinea,PNG,2008,11670891360.0,9545029481.0,22.271925751844623
Papua New Guinea,PNG,2009,11619455043.0,11670891360.0,-0.440723123996245
Papua New Guinea,PNG,2010,14250785801.0,11619455043.0,22.64590506406936
Papua New Guinea,PNG,2011,17985138450.0,14250785801.0,26.204538480523333
Papua New Guinea,PNG,2012,21295165201.0,17985138450.0,18.40423280700405
Papua New Guinea,PNG,2013,21261338065.0,21295165201.0,-0.15884890152629838
Papua New Guinea,PNG,2014,23210823987.0,21261338065.0,9.169159137774141
Papua New Guinea,PNG,2015,21723439626.0,23210823987.0,-6.408149757341919
Papua New Guinea,PNG,2016,20758874953.0,21723439626.0,-4.440202332624832
Papua New Guinea,PNG,2017,22742696408.0,20758874953.0,9.556497929158269
Papua New Guinea,PNG,2018,24109780113.0,22742696408.0,6.011088924878383
Papua New Guinea,PNG,2019,24751069238.0,24109780113.0,2.65987131360943
Papua New Guinea,PNG,2020,23848442440.0,24751069238.0,-3.646819413418345
Papua New Guinea,PNG,2021,26311656000.0,23848442440.0,10.32861398054472
Papua New Guinea,PNG,2022,30633444295.0,26311656000.0,16.425375487578584
Paraguay,PRY,1965,443587301.6,,
Paraguay,PRY,1966,465888888.9,443587301.6,5.027553137693319
Paraguay,PRY,1967,492674603.2,465888888.9,5.749378218322221
Paraguay,PRY,1968,517650793.7,492674603.2,5.069510451274661
Paraguay,PRY,1969,556293650.8,517650793.7,7.465043533265603
Paraguay,PRY,1970,594611111.1,556293650.8,6.887991664994941
Paraguay,PRY,1971,664571428.6,594611111.1,11.765726572209022
Paraguay,PRY,1972,769039682.5,664571428.6,15.71964267559245
Paraguay,PRY,1973,995531746.0,769039682.5,29.451284329531326
Paraguay,PRY,1974,1333475397.0,995531746.0,33.94604464979061
Paraguay,PRY,1975,1511420635.0,1333475397.0,13.344471026637162
Paraguay,PRY,1976,1698960317.0,1511420635.0,12.408172659360318
Paraguay,PRY,1977,2092158730.0,1698960317.0,23.14347245580781
Paraguay,PRY,1978,2559857143.0,2092158730.0,22.354824530928408
Paraguay,PRY,1979,3416777778.0,2559857143.0,33.4753303458075
Paraguay,PRY,1980,4448087302.0,3416777778.0,30.183687409828373
Paraguay,PRY,1981,5624515873.0,4448087302.0,26.44796495947912
Paraguay,PRY,1982,5419411765.0,5624515873.0,-3.646609106120302
Paraguay,PRY,1983,5673248726.0,5419411765.0,4.683847103837846
Paraguay,PRY,1984,4502462807.0,5673248726.0,-20.636957333359828
Paraguay,PRY,1985,3282449236.0,4502462807.0,-27.096582987942497
Paraguay,PRY,1986,3723993943.0,3282449236.0,13.451684253251916
Paraguay,PRY,1987,3971044724.0,3723993943.0,6.634027465710091
Paraguay,PRY,1988,4255683528.0,3971044724.0,7.167856918853488
Paraguay,PRY,1989,4757732200.0,4255683528.0,11.79713361430197
Paraguay,PRY,1990,5812114523.0,4757732200.0,22.161447485421725
Paraguay,PRY,1991,6984367763.0,5812114523.0,20.16913526671058
Paraguay,PRY,1992,7157424031.0,6984367763.0,2.477765688639333
Paraguay,PRY,1993,7249533620.0,7157424031.0,1.2869097681101227
Paraguay,PRY,1994,7870982005.0,7249533620.0,8.572253300344034
Paraguay,PRY,1995,9062131475.0,7870982005.0,15.133428957699667
Paraguay,PRY,1996,9788391781.0,9062131475.0,8.014232722219461
Paraguay,PRY,1997,9965225678.0,9788391781.0,1.8065674214557736
Paraguay,PRY,1998,9260481572.0,9965225678.0,-7.072033577281123
Paraguay,PRY,1999,8837070236.0,9260481572.0,-4.572238848573784
Paraguay,PRY,2000,8855705140.0,8837070236.0,0.21087196890305915
Paraguay,PRY,2001,8495806432.0,8855705140.0,-4.064032195182143
Paraguay,PRY,2002,7196260657.0,8495806432.0,-15.296320430573573
Paraguay,PRY,2003,7691367471.0,7196260657.0,6.8800567072066166
Paraguay,PRY,2004,9624440836.0,7691367471.0,25.13302572382059
Paraguay,PRY,2005,10737500188.0,9624440836.0,11.564924871652039
Paraguay,PRY,2006,13429430050.0,10737500188.0,25.070359160584154
Paraguay,PRY,2007,17856393235.0,13429430050.0,32.96463936680618
Paraguay,PRY,2008,24615267617.0,17856393235.0,37.85128549225747
Paraguay,PRY,2009,22355151178.0,24615267617.0,-9.181766674919679
Paraguay,PRY,2010,27129301048.0,22355151178.0,21.355927463815604
Paraguay,PRY,2011,33737033607.0,27129301048.0,24.356442310507397
Paraguay,PRY,2012,33296438409.0,33737033607.0,-1.305968992806117
Paraguay,PRY,2013,38651334593.0,33296438409.0,16.082489418906064
Paraguay,PRY,2014,40377987315.0,38651334593.0,4.467252528746335
Paraguay,PRY,2015,36211372646.0,40377987315.0,-10.319025157185447
Paraguay,PRY,2016,36089550672.0,36211372646.0,-0.3364191001289152
Paraguay,PRY,2017,38997129809.0,36089550672.0,8.056567850970332
Paraguay,PRY,2018,40225448651.0,38997129809.0,3.1497672983013203
Paraguay,PRY,2019,37925338460.0,40225448651.0,-5.718047326099418
Paraguay,PRY,2020,35432177936.0,37925338460.0,-6.573864928402806
Paraguay,PRY,2021,39950899733.0,35432177936.0,12.753158457157276
Paraguay,PRY,2022,41722295362.0,39950899733.0,4.433931753323694
Peru,PER,1960,2571986572.0,,
Peru,PER,1961,2897852693.0,2571986572.0,12.669822018028798
Peru,PER,1962,3284322201.0,2897852693.0,13.336409712389763
Peru,PER,1963,3598272493.0,3284322201.0,9.559058849476143
Peru,PER,1964,4353664867.0,3598272493.0,20.993195358870786
Peru,PER,1965,5163008077.0,4353664867.0,18.589929053443612
Peru,PER,1966,6109048737.0,5163008077.0,18.323439473480406
Peru,PER,1967,6194340080.0,6109048737.0,1.396147692903904
Peru,PER,1968,5736083835.0,6194340080.0,-7.397983305430655
Peru,PER,1969,6420909790.0,5736083835.0,11.938911192709224
Peru,PER,1970,7432223177.0,6420909790.0,15.750312963048184
Peru,PER,1971,8289582884.0,7432223177.0,11.535709929341365
Peru,PER,1972,9189413409.0,8289582884.0,10.854955401155264
Peru,PER,1973,10994381895.0,9189413409.0,19.64182484414332
Peru,PER,1974,13858441211.0,10994381895.0,26.05020767290711
Peru,PER,1975,16931162355.0,13858441211.0,22.172198858563252
Peru,PER,1976,16131958851.0,16931162355.0,-4.7203109109870685
Peru,PER,1977,14544913961.0,16131958851.0,-9.837893244450102
Peru,PER,1978,12491876743.0,14544913961.0,-14.11515546606127
Peru,PER,1979,15954012439.0,12491876743.0,27.715096516142435
Peru,PER,1980,18136838538.0,15954012439.0,13.68198819792834
Peru,PER,1981,21648214893.0,18136838538.0,19.360465428652418
Peru,PER,1982,21794535621.0,21648214893.0,0.6759020488442902
Peru,PER,1983,17345260564.0,21794535621.0,-20.414635734256837
Peru,PER,1984,17600400385.0,17345260564.0,1.4709483323043449
Peru,PER,1985,15078736875.0,17600400385.0,-14.327307645507293
Peru,PER,1986,21859448586.0,15078736875.0,44.96869842090139
Peru,PER,1987,36889706593.0,21859448586.0,68.75863289903026
Peru,PER,1988,15439408447.0,36889706593.0,-58.147109660314555
Peru,PER,1989,22499559086.0,15439408447.0,45.72811622437416
Peru,PER,1990,26410386669.0,22499559086.0,17.381796541219565
Peru,PER,1991,34341465998.0,26410386669.0,30.030152259411437
Peru,PER,1992,35966302303.0,34341465998.0,4.731412179941974
Peru,PER,1993,34832077221.0,35966302303.0,-3.153577124622542
Peru,PER,1994,44882079767.0,34832077221.0,28.85272239790777
Peru,PER,1995,53312793687.0,44882079767.0,18.78414272192166
Peru,PER,1996,55252414130.0,53312793687.0,3.638189464216657
Peru,PER,1997,58147522523.0,55252414130.0,5.239786240268662
Peru,PER,1998,55501467877.0,58147522523.0,-4.5505887975766495
Peru,PER,1999,50187324568.0,55501467877.0,-9.574779753171537
Peru,PER,2000,51744749133.0,50187324568.0,3.1032229320967497
Peru,PER,2001,52030158775.0,51744749133.0,0.5515721822641595
Peru,PER,2002,54777553515.0,52030158775.0,5.280388921895995
Peru,PER,2003,58731030122.0,54777553515.0,7.217329641999082
Peru,PER,2004,66768703498.0,58731030122.0,13.685565125119737
Peru,PER,2005,76060606061.0,66768703498.0,13.916553828663659
Peru,PER,2006,88643193062.0,76060606061.0,16.54284346736452
Peru,PER,2007,102000000000.0,88643193062.0,15.068057091149466
Peru,PER,2008,121000000000.0,102000000000.0,18.627450980392158
Peru,PER,2009,121000000000.0,121000000000.0,0.0
Peru,PER,2010,148000000000.0,121000000000.0,22.314049586776854
Peru,PER,2011,172000000000.0,148000000000.0,16.216216216216207
Peru,PER,2012,193000000000.0,172000000000.0,12.209302325581394
Peru,PER,2013,201000000000.0,193000000000.0,4.145077720207246
Peru,PER,2014,201000000000.0,201000000000.0,0.0
Peru,PER,2015,190000000000.0,201000000000.0,-5.472636815920396
Peru,PER,2016,192000000000.0,190000000000.0,1.0526315789473717
Peru,PER,2017,211000000000.0,192000000000.0,9.895833333333325
Peru,PER,2018,223000000000.0,211000000000.0,5.687203791469186
Peru,PER,2019,228000000000.0,223000000000.0,2.2421524663677195
Peru,PER,2020,202000000000.0,228000000000.0,-11.403508771929827
Peru,PER,2021,224000000000.0,202000000000.0,10.8910891089109
Peru,PER,2022,243000000000.0,224000000000.0,8.482142857142861
Philippines,PHL,1960,7515892289.0,,
Philippines,PHL,1961,8171194489.0,7515892289.0,8.71888758915662
Philippines,PHL,1962,4954593633.0,8171194489.0,-39.365124160612794
Philippines,PHL,1963,5505023033.0,4954593633.0,11.109476190617794
Philippines,PHL,1964,5953755756.0,5505023033.0,8.151332343390028
Philippines,PHL,1965,6517349193.0,5953755756.0,9.466183365550872
Philippines,PHL,1966,7189017882.0,6517349193.0,10.30585701501785
Philippines,PHL,1967,7724873929.0,7189017882.0,7.453814356780031
Philippines,PHL,1968,8632749263.0,7724873929.0,11.752623309381649
Philippines,PHL,1969,9571800645.0,8632749263.0,10.87777894841424
Philippines,PHL,1970,7559115518.0,9571800645.0,-21.027236166387997
Philippines,PHL,1971,8375075197.0,7559115518.0,10.79438033533171
Philippines,PHL,1972,9067815975.0,8375075197.0,8.27145741029458
Philippines,PHL,1973,11412449174.0,9067815975.0,25.856647349970064
Philippines,PHL,1974,15607882557.0,11412449174.0,36.761902016248136
Philippines,PHL,1975,16875240686.0,15607882557.0,8.119987604799084
Philippines,PHL,1976,19381054332.0,16875240686.0,14.84905426017933
Philippines,PHL,1977,22283109806.0,19381054332.0,14.973671835842417
Philippines,PHL,1978,25762223400.0,22283109806.0,15.613231834737928
Philippines,PHL,1979,31218296296.0,25762223400.0,21.17857923707005
Philippines,PHL,1980,36848079269.0,31218296296.0,18.033600935876002
Philippines,PHL,1981,40499388874.0,36848079269.0,9.909090724497593
Philippines,PHL,1982,42206011278.0,40499388874.0,4.213946065481555
Philippines,PHL,1983,37759181030.0,42206011278.0,-10.536011609128115
Philippines,PHL,1984,35730184921.0,37759181030.0,-5.37351725766495
Philippines,PHL,1985,34961486975.0,35730184921.0,-2.151396494867308
Philippines,PHL,1986,33987206739.0,34961486975.0,-2.7867242508783474
Philippines,PHL,1987,37791488666.0,33987206739.0,11.193276211883042
Philippines,PHL,1988,43152128959.0,37791488666.0,14.184782029565369
Philippines,PHL,1989,48513772977.0,43152128959.0,12.424981448990025
Philippines,PHL,1990,50508286642.0,48513772977.0,4.1112318061627295
Philippines,PHL,1991,51784144315.0,50508286642.0,2.5260363354694837
Philippines,PHL,1992,60422329032.0,51784144315.0,16.68113827362756
Philippines,PHL,1993,62036529910.0,60422329032.0,2.671530382658882
Philippines,PHL,1994,73159337838.0,62036529910.0,17.929448897506852
Philippines,PHL,1995,84644329825.0,73159337838.0,15.698600242161476
Philippines,PHL,1996,94648084429.0,84644329825.0,11.8185761818689
Philippines,PHL,1997,94106316501.0,94648084429.0,-0.5724024223716873
Philippines,PHL,1998,74492416330.0,94106316501.0,-20.842278074704556
Philippines,PHL,1999,85640170315.0,74492416330.0,14.96495151347441
Philippines,PHL,2000,83669788255.0,85640170315.0,-2.3007684977185083
Philippines,PHL,2001,78921234458.0,83669788255.0,-5.675350560859382
Philippines,PHL,2002,84307346432.0,78921234458.0,6.8246676714951215
Philippines,PHL,2003,87039092439.0,84307346432.0,3.2402229729805887
Philippines,PHL,2004,95002000250.0,87039092439.0,9.148656756250851
Philippines,PHL,2005,107000000000.0,95002000250.0,12.629207509765038
Philippines,PHL,2006,128000000000.0,107000000000.0,19.626168224299057
Philippines,PHL,2007,156000000000.0,128000000000.0,21.875
Philippines,PHL,2008,182000000000.0,156000000000.0,16.666666666666675
Philippines,PHL,2009,176000000000.0,182000000000.0,-3.296703296703296
Philippines,PHL,2010,208000000000.0,176000000000.0,18.181818181818187
Philippines,PHL,2011,234000000000.0,208000000000.0,12.5
Philippines,PHL,2012,262000000000.0,234000000000.0,11.965811965811968
Philippines,PHL,2013,284000000000.0,262000000000.0,8.3969465648855
Philippines,PHL,2014,297000000000.0,284000000000.0,4.577464788732399
Philippines,PHL,2015,306000000000.0,297000000000.0,3.0303030303030276
Philippines,PHL,2016,319000000000.0,306000000000.0,4.2483660130719025
Philippines,PHL,2017,328000000000.0,319000000000.0,2.8213166144200663
Philippines,PHL,2018,347000000000.0,328000000000.0,5.792682926829262
Philippines,PHL,2019,377000000000.0,347000000000.0,8.645533141210372
Philippines,PHL,2020,362000000000.0,377000000000.0,-3.9787798408488118
Philippines,PHL,2021,394000000000.0,362000000000.0,8.83977900552486
Philippines,PHL,2022,404000000000.0,394000000000.0,2.538071065989844
Poland,POL,1990,65977748211.0,,
Poland,POL,1991,85500934319.0,65977748211.0,29.590561420138073
Poland,POL,1992,94337047233.0,85500934319.0,10.334522054499274
Poland,POL,1993,96043157273.0,94337047233.0,1.8085260139488302
Poland,POL,1994,111000000000.0,96043157273.0,15.573043568825629
Poland,POL,1995,142000000000.0,111000000000.0,27.927927927927932
Poland,POL,1996,160000000000.0,142000000000.0,12.676056338028175
Poland,POL,1997,159000000000.0,160000000000.0,-0.6249999999999978
Poland,POL,1998,175000000000.0,159000000000.0,10.062893081761004
Poland,POL,1999,170000000000.0,175000000000.0,-2.857142857142858
Poland,POL,2000,172000000000.0,170000000000.0,1.17647058823529
Poland,POL,2001,191000000000.0,172000000000.0,11.046511627906973
Poland,POL,2002,199000000000.0,191000000000.0,4.188481675392675
Poland,POL,2003,218000000000.0,199000000000.0,9.547738693467345
Poland,POL,2004,255000000000.0,218000000000.0,16.972477064220183
Poland,POL,2005,306000000000.0,255000000000.0,19.999999999999996
Poland,POL,2006,345000000000.0,306000000000.0,12.745098039215685
Poland,POL,2007,429000000000.0,345000000000.0,24.347826086956516
Poland,POL,2008,534000000000.0,429000000000.0,24.47552447552448
Poland,POL,2009,440000000000.0,534000000000.0,-17.602996254681646
Poland,POL,2010,476000000000.0,440000000000.0,8.18181818181818
Poland,POL,2011,524000000000.0,476000000000.0,10.084033613445387
Poland,POL,2012,495000000000.0,524000000000.0,-5.534351145038164
Poland,POL,2013,516000000000.0,495000000000.0,4.2424242424242475
Poland,POL,2014,539000000000.0,516000000000.0,4.457364341085279
Poland,POL,2015,477000000000.0,539000000000.0,-11.50278293135436
Poland,POL,2016,470000000000.0,477000000000.0,-1.4675052410901501
Poland,POL,2017,525000000000.0,470000000000.0,11.702127659574458
Poland,POL,2018,589000000000.0,525000000000.0,12.190476190476197
Poland,POL,2019,596000000000.0,589000000000.0,1.1884550084889645
Poland,POL,2020,599000000000.0,596000000000.0,0.5033557046979942
Poland,POL,2021,679000000000.0,599000000000.0,13.355592654424031
Poland,POL,2022,688000000000.0,679000000000.0,1.3254786450662692
Portugal,PRT,1960,3193200404.0,,
Portugal,PRT,1961,3417516639.0,3193200404.0,7.02480917636763
Portugal,PRT,1962,3668222358.0,3417516639.0,7.335903390754495
Portugal,PRT,1963,3905734460.0,3668222358.0,6.474855633601706
Portugal,PRT,1964,4235608178.0,3905734460.0,8.445881853422254
Portugal,PRT,1965,4687464055.0,4235608178.0,10.668028250275041
Portugal,PRT,1966,5135387846.0,4687464055.0,9.555780817608861
Portugal,PRT,1967,5740241166.0,5135387846.0,11.77814292003525
Portugal,PRT,1968,6354262628.0,5740241166.0,10.696788588551097
Portugal,PRT,1969,6969025826.0,6354262628.0,9.674815694445037
Portugal,PRT,1970,8108235704.0,6969025826.0,16.346759309598813
Portugal,PRT,1971,9201604240.0,8108235704.0,13.484666404808788
Portugal,PRT,1972,11239117865.0,9201604240.0,22.143026062159787
Portugal,PRT,1973,15090564186.0,11239117865.0,34.268226094450704
Portugal,PRT,1974,17512391476.0,15090564186.0,16.048619920034568
Portugal,PRT,1975,19347607843.0,17512391476.0,10.479530277261606
Portugal,PRT,1976,20332831565.0,19347607843.0,5.092224992333905
Portugal,PRT,1977,21439523311.0,20332831565.0,5.442880606481815
Portugal,PRT,1978,23487614051.0,21439523311.0,9.552874428645453
Portugal,PRT,1979,26622819672.0,23487614051.0,13.348335910971421
Portugal,PRT,1980,32896519824.0,26622819672.0,23.565122813036353
Portugal,PRT,1981,31977276873.0,32896519824.0,-2.7943471100227324
Portugal,PRT,1982,30527754793.0,31977276873.0,-4.532975355459056
Portugal,PRT,1983,27239650742.0,30527754793.0,-10.770867603253809
Portugal,PRT,1984,25217969050.0,27239650742.0,-7.421834116554327
Portugal,PRT,1985,27115807742.0,25217969050.0,7.52573963524632
Portugal,PRT,1986,38745901354.0,27115807742.0,42.89045608619657
Portugal,PRT,1987,48182925857.0,38745901354.0,24.356187811399966
Portugal,PRT,1988,56347250696.0,48182925857.0,16.944435593700845
Portugal,PRT,1989,60594092182.0,56347250696.0,7.536909846608508
Portugal,PRT,1990,78713860217.0,60594092182.0,29.90352257539495
Portugal,PRT,1991,89233599278.0,78713860217.0,13.364532030317111
Portugal,PRT,1992,108000000000.0,89233599278.0,21.030644145076806
Portugal,PRT,1993,95009751901.0,108000000000.0,-12.028007499074079
Portugal,PRT,1994,99688641304.0,95009751901.0,4.924641217751402
Portugal,PRT,1995,118000000000.0,99688641304.0,18.36855077617079
Portugal,PRT,1996,123000000000.0,118000000000.0,4.237288135593231
Portugal,PRT,1997,117000000000.0,123000000000.0,-4.878048780487809
Portugal,PRT,1998,124000000000.0,117000000000.0,5.982905982905984
Portugal,PRT,1999,127000000000.0,124000000000.0,2.4193548387096753
Portugal,PRT,2000,119000000000.0,127000000000.0,-6.299212598425196
Portugal,PRT,2001,122000000000.0,119000000000.0,2.5210084033613356
Portugal,PRT,2002,135000000000.0,122000000000.0,10.655737704918034
Portugal,PRT,2003,165000000000.0,135000000000.0,22.222222222222232
Portugal,PRT,2004,189000000000.0,165000000000.0,14.54545454545455
Portugal,PRT,2005,197000000000.0,189000000000.0,4.232804232804233
Portugal,PRT,2006,209000000000.0,197000000000.0,6.091370558375631
Portugal,PRT,2007,240000000000.0,209000000000.0,14.832535885167463
Portugal,PRT,2008,263000000000.0,240000000000.0,9.583333333333343
Portugal,PRT,2009,245000000000.0,263000000000.0,-6.8441064638783295
Portugal,PRT,2010,238000000000.0,245000000000.0,-2.857142857142858
Portugal,PRT,2011,245000000000.0,238000000000.0,2.941176470588225
Portugal,PRT,2012,216000000000.0,245000000000.0,-11.836734693877549
Portugal,PRT,2013,226000000000.0,216000000000.0,4.629629629629628
Portugal,PRT,2014,230000000000.0,226000000000.0,1.7699115044247815
Portugal,PRT,2015,199000000000.0,230000000000.0,-13.478260869565217
Portugal,PRT,2016,206000000000.0,199000000000.0,3.5175879396984966
Portugal,PRT,2017,221000000000.0,206000000000.0,7.281553398058249
Portugal,PRT,2018,242000000000.0,221000000000.0,9.502262443438925
Portugal,PRT,2019,240000000000.0,242000000000.0,-0.8264462809917328
Portugal,PRT,2020,229000000000.0,240000000000.0,-4.583333333333329
Portugal,PRT,2021,254000000000.0,229000000000.0,10.917030567685583
Portugal,PRT,2022,252000000000.0,254000000000.0,-0.7874015748031482
Post-demographic dividend,PST,1960,1050000000000.0,,
Post-demographic dividend,PST,1961,1110000000000.0,1050000000000.0,5.714285714285716
Post-demographic dividend,PST,1962,1200000000000.0,1110000000000.0,8.108108108108114
Post-demographic dividend,PST,1963,1290000000000.0,1200000000000.0,7.499999999999996
Post-demographic dividend,PST,1964,1410000000000.0,1290000000000.0,9.302325581395344
Post-demographic dividend,PST,1965,1530000000000.0,1410000000000.0,8.51063829787233
Post-demographic dividend,PST,1966,1680000000000.0,1530000000000.0,9.80392156862746
Post-demographic dividend,PST,1967,1800000000000.0,1680000000000.0,7.14285714285714
Post-demographic dividend,PST,1968,1950000000000.0,1800000000000.0,8.333333333333325
Post-demographic dividend,PST,1969,2140000000000.0,1950000000000.0,9.743589743589753
Post-demographic dividend,PST,1970,2340000000000.0,2140000000000.0,9.345794392523366
Post-demographic dividend,PST,1971,2600000000000.0,2340000000000.0,11.111111111111116
Post-demographic dividend,PST,1972,3010000000000.0,2600000000000.0,15.76923076923078
Post-demographic dividend,PST,1973,3640000000000.0,3010000000000.0,20.93023255813953
Post-demographic dividend,PST,1974,4060000000000.0,3640000000000.0,11.538461538461542
Post-demographic dividend,PST,1975,4550000000000.0,4060000000000.0,12.06896551724137
Post-demographic dividend,PST,1976,4940000000000.0,4550000000000.0,8.571428571428562
Post-demographic dividend,PST,1977,5580000000000.0,4940000000000.0,12.955465587044523
Post-demographic dividend,PST,1978,6710000000000.0,5580000000000.0,20.250896057347667
Post-demographic dividend,PST,1979,7710000000000.0,6710000000000.0,14.903129657228021
Post-demographic dividend,PST,1980,8540000000000.0,7710000000000.0,10.765239948119332
Post-demographic dividend,PST,1981,8640000000000.0,8540000000000.0,1.1709601873536313
Post-demographic dividend,PST,1982,8600000000000.0,8640000000000.0,-0.462962962962965
Post-demographic dividend,PST,1983,8930000000000.0,8600000000000.0,3.8372093023255838
Post-demographic dividend,PST,1984,9330000000000.0,8930000000000.0,4.4792833146696465
Post-demographic dividend,PST,1985,9820000000000.0,9330000000000.0,5.2518756698821
Post-demographic dividend,PST,1986,12000000000000.0,9820000000000.0,22.199592668024447
Post-demographic dividend,PST,1987,13900000000000.0,12000000000000.0,15.833333333333343
Post-demographic dividend,PST,1988,15700000000000.0,13900000000000.0,12.949640287769792
Post-demographic dividend,PST,1989,16400000000000.0,15700000000000.0,4.458598726114649
Post-demographic dividend,PST,1990,18400000000000.0,16400000000000.0,12.195121951219523
Post-demographic dividend,PST,1991,19400000000000.0,18400000000000.0,5.434782608695654
Post-demographic dividend,PST,1992,20800000000000.0,19400000000000.0,7.216494845360821
Post-demographic dividend,PST,1993,20900000000000.0,20800000000000.0,0.48076923076922906
Post-demographic dividend,PST,1994,22500000000000.0,20900000000000.0,7.655502392344493
Post-demographic dividend,PST,1995,25000000000000.0,22500000000000.0,11.111111111111116
Post-demographic dividend,PST,1996,25100000000000.0,25000000000000.0,0.40000000000000036
Post-demographic dividend,PST,1997,24600000000000.0,25100000000000.0,-1.9920318725099584
Post-demographic dividend,PST,1998,24700000000000.0,24600000000000.0,0.40650406504065817
Post-demographic dividend,PST,1999,25900000000000.0,24700000000000.0,4.858299595141702
Post-demographic dividend,PST,2000,26400000000000.0,25900000000000.0,1.9305019305019266
Post-demographic dividend,PST,2001,26100000000000.0,26400000000000.0,-1.1363636363636354
Post-demographic dividend,PST,2002,27300000000000.0,26100000000000.0,4.597701149425282
Post-demographic dividend,PST,2003,30600000000000.0,27300000000000.0,12.08791208791209
Post-demographic dividend,PST,2004,34000000000000.0,30600000000000.0,11.111111111111116
Post-demographic dividend,PST,2005,35700000000000.0,34000000000000.0,5.000000000000004
Post-demographic dividend,PST,2006,37600000000000.0,35700000000000.0,5.3221288515406195
Post-demographic dividend,PST,2007,41000000000000.0,37600000000000.0,9.042553191489366
Post-demographic dividend,PST,2008,43500000000000.0,41000000000000.0,6.0975609756097615
Post-demographic dividend,PST,2009,40900000000000.0,43500000000000.0,-5.977011494252871
Post-demographic dividend,PST,2010,42700000000000.0,40900000000000.0,4.400977995110034
Post-demographic dividend,PST,2011,45800000000000.0,42700000000000.0,7.259953161592514
Post-demographic dividend,PST,2012,45800000000000.0,45800000000000.0,0.0
Post-demographic dividend,PST,2013,46200000000000.0,45800000000000.0,0.8733624454148492
Post-demographic dividend,PST,2014,47100000000000.0,46200000000000.0,1.9480519480519431
Post-demographic dividend,PST,2015,44600000000000.0,47100000000000.0,-5.307855626326963
Post-demographic dividend,PST,2016,45600000000000.0,44600000000000.0,2.2421524663677195
Post-demographic dividend,PST,2017,47500000000000.0,45600000000000.0,4.166666666666674
Post-demographic dividend,PST,2018,50400000000000.0,47500000000000.0,6.105263157894747
Post-demographic dividend,PST,2019,50900000000000.0,50400000000000.0,0.9920634920634885
Post-demographic dividend,PST,2020,49700000000000.0,50900000000000.0,-2.3575638506876273
Post-demographic dividend,PST,2021,55100000000000.0,49700000000000.0,10.865191146881292
Post-demographic dividend,PST,2022,56000000000000.0,55100000000000.0,1.6333938294010864
Pre-demographic dividend,PRE,1960,20753285598.0,,
Pre-demographic dividend,PRE,1961,21438148383.0,20753285598.0,3.300021010003351
Pre-demographic dividend,PRE,1962,23419301226.0,21438148383.0,9.241249792687366
Pre-demographic dividend,PRE,1963,27350179504.0,23419301226.0,16.784780382926012
Pre-demographic dividend,PRE,1964,25448359290.0,27350179504.0,-6.953593170099149
Pre-demographic dividend,PRE,1965,28693503052.0,25448359290.0,12.751878127071192
Pre-demographic dividend,PRE,1966,31531025978.0,28693503052.0,9.889078098472947
Pre-demographic dividend,PRE,1967,29711210460.0,31531025978.0,-5.77150746464683
Pre-demographic dividend,PRE,1968,31366965477.0,29711210460.0,5.572829216194775
Pre-demographic dividend,PRE,1969,35545604544.0,31366965477.0,13.321782975991137
Pre-demographic dividend,PRE,1970,43519848652.0,35545604544.0,22.43384016195058
Pre-demographic dividend,PRE,1971,42419967120.0,43519848652.0,-2.5273101034772427
Pre-demographic dividend,PRE,1972,49357021177.0,42419967120.0,16.353275421869306
Pre-demographic dividend,PRE,1973,60920765155.0,49357021177.0,23.42877204143068
Pre-demographic dividend,PRE,1974,86057756449.0,60920765155.0,41.26177868916163
Pre-demographic dividend,PRE,1975,98342389194.0,86057756449.0,14.27486986867963
Pre-demographic dividend,PRE,1976,116000000000.0,98342389194.0,17.955238784332185
Pre-demographic dividend,PRE,1977,128000000000.0,116000000000.0,10.344827586206895
Pre-demographic dividend,PRE,1978,144000000000.0,128000000000.0,12.5
Pre-demographic dividend,PRE,1979,181000000000.0,144000000000.0,25.694444444444443
Pre-demographic dividend,PRE,1980,224000000000.0,181000000000.0,23.756906077348063
Pre-demographic dividend,PRE,1981,311000000000.0,224000000000.0,38.83928571428572
Pre-demographic dividend,PRE,1982,291000000000.0,311000000000.0,-6.430868167202575
Pre-demographic dividend,PRE,1983,233000000000.0,291000000000.0,-19.931271477663227
Pre-demographic dividend,PRE,1984,213000000000.0,233000000000.0,-8.58369098712446
Pre-demographic dividend,PRE,1985,215000000000.0,213000000000.0,0.9389671361502261
Pre-demographic dividend,PRE,1986,207000000000.0,215000000000.0,-3.7209302325581395
Pre-demographic dividend,PRE,1987,227000000000.0,207000000000.0,9.661835748792269
Pre-demographic dividend,PRE,1988,238000000000.0,227000000000.0,4.8458149779735615
Pre-demographic dividend,PRE,1989,241000000000.0,238000000000.0,1.2605042016806678
Pre-demographic dividend,PRE,1990,394000000000.0,241000000000.0,63.48547717842323
Pre-demographic dividend,PRE,1991,211000000000.0,394000000000.0,-46.44670050761421
Pre-demographic dividend,PRE,1992,173000000000.0,211000000000.0,-18.00947867298578
Pre-demographic dividend,PRE,1993,153000000000.0,173000000000.0,-11.560693641618503
Pre-demographic dividend,PRE,1994,136000000000.0,153000000000.0,-11.111111111111116
Pre-demographic dividend,PRE,1995,175000000000.0,136000000000.0,28.676470588235304
Pre-demographic dividend,PRE,1996,194000000000.0,175000000000.0,10.857142857142854
Pre-demographic dividend,PRE,1997,214000000000.0,194000000000.0,10.309278350515472
Pre-demographic dividend,PRE,1998,220000000000.0,214000000000.0,2.8037383177569986
Pre-demographic dividend,PRE,1999,241000000000.0,220000000000.0,9.545454545454547
Pre-demographic dividend,PRE,2000,279000000000.0,241000000000.0,15.767634854771796
Pre-demographic dividend,PRE,2001,266000000000.0,279000000000.0,-4.659498207885305
Pre-demographic dividend,PRE,2002,306000000000.0,266000000000.0,15.037593984962406
Pre-demographic dividend,PRE,2003,332000000000.0,306000000000.0,8.496732026143782
Pre-demographic dividend,PRE,2004,414000000000.0,332000000000.0,24.69879518072289
Pre-demographic dividend,PRE,2005,517000000000.0,414000000000.0,24.879227053140095
Pre-demographic dividend,PRE,2006,653000000000.0,517000000000.0,26.305609284332697
Pre-demographic dividend,PRE,2007,790000000000.0,653000000000.0,20.980091883614094
Pre-demographic dividend,PRE,2008,986000000000.0,790000000000.0,24.81012658227848
Pre-demographic dividend,PRE,2009,902000000000.0,986000000000.0,-8.519269776876271
Pre-demographic dividend,PRE,2010,1060000000000.0,902000000000.0,17.51662971175165
Pre-demographic dividend,PRE,2011,1240000000000.0,1060000000000.0,16.981132075471695
Pre-demographic dividend,PRE,2012,1340000000000.0,1240000000000.0,8.064516129032251
Pre-demographic dividend,PRE,2013,1470000000000.0,1340000000000.0,9.701492537313428
Pre-demographic dividend,PRE,2014,1560000000000.0,1470000000000.0,6.1224489795918435
Pre-demographic dividend,PRE,2015,1330000000000.0,1560000000000.0,-14.743589743589746
Pre-demographic dividend,PRE,2016,1220000000000.0,1330000000000.0,-8.270676691729328
Pre-demographic dividend,PRE,2017,1290000000000.0,1220000000000.0,5.737704918032782
Pre-demographic dividend,PRE,2018,1350000000000.0,1290000000000.0,4.651162790697683
Pre-demographic dividend,PRE,2019,1420000000000.0,1350000000000.0,5.185185185185182
Pre-demographic dividend,PRE,2020,1310000000000.0,1420000000000.0,-7.746478873239438
Pre-demographic dividend,PRE,2021,1430000000000.0,1310000000000.0,9.160305343511443
Pre-demographic dividend,PRE,2022,1610000000000.0,1430000000000.0,12.587412587412583
Puerto Rico,PRI,1960,1691900000.0,,
Puerto Rico,PRI,1961,1865100000.0,1691900000.0,10.237011643714178
Puerto Rico,PRI,1962,2094400000.0,1865100000.0,12.294246957267706
Puerto Rico,PRI,1963,2333600000.0,2094400000.0,11.420932009167295
Puerto Rico,PRI,1964,2570500000.0,2333600000.0,10.15169694892013
Puerto Rico,PRI,1965,2881500000.0,2570500000.0,12.098813460416258
Puerto Rico,PRI,1966,3170500000.0,2881500000.0,10.029498525073755
Puerto Rico,PRI,1967,3532700000.0,3170500000.0,11.424065604794187
Puerto Rico,PRI,1968,3941700000.0,3532700000.0,11.577546918787341
Puerto Rico,PRI,1969,4460700000.0,3941700000.0,13.166907679427652
Puerto Rico,PRI,1970,5034700000.0,4460700000.0,12.867935525814334
Puerto Rico,PRI,1971,5646800000.0,5034700000.0,12.157626075039229
Puerto Rico,PRI,1972,6328900000.0,5646800000.0,12.079407806191123
Puerto Rico,PRI,1973,7002400000.0,6328900000.0,10.641659688097448
Puerto Rico,PRI,1974,7684800000.0,7002400000.0,9.745230206786237
Puerto Rico,PRI,1975,8198300000.0,7684800000.0,6.682021653133452
Puerto Rico,PRI,1976,8968600000.0,8198300000.0,9.395850359220814
Puerto Rico,PRI,1977,9910900000.0,8968600000.0,10.506656557322213
Puerto Rico,PRI,1978,11165000000.0,9910900000.0,12.65374486676285
Puerto Rico,PRI,1979,12750000000.0,11165000000.0,14.196148678907306
Puerto Rico,PRI,1980,14436100000.0,12750000000.0,13.2243137254902
Puerto Rico,PRI,1981,15955700000.0,14436100000.0,10.526388706090973
Puerto Rico,PRI,1982,16764200000.0,15955700000.0,5.067154684532804
Puerto Rico,PRI,1983,17276600000.0,16764200000.0,3.056513284260509
Puerto Rico,PRI,1984,19162600000.0,17276600000.0,10.916499774261146
Puerto Rico,PRI,1985,20289200000.0,19162600000.0,5.879160447955911
Puerto Rico,PRI,1986,22009300000.0,20289200000.0,8.477909429647301
Puerto Rico,PRI,1987,24025800000.0,22009300000.0,9.162036048397715
Puerto Rico,PRI,1988,26385800000.0,24025800000.0,9.822773851443035
Puerto Rico,PRI,1989,28161200000.0,26385800000.0,6.728619181529449
Puerto Rico,PRI,1990,30603919000.0,28161200000.0,8.674058633865034
Puerto Rico,PRI,1991,32287031000.0,30603919000.0,5.499661660978772
Puerto Rico,PRI,1992,34630430000.0,32287031000.0,7.258019481568301
Puerto Rico,PRI,1993,36922456000.0,34630430000.0,6.618531736394839
Puerto Rico,PRI,1994,39690630000.0,36922456000.0,7.4972639956562
Puerto Rico,PRI,1995,42647331000.0,39690630000.0,7.449367772695981
Puerto Rico,PRI,1996,45340835000.0,42647331000.0,6.315762175128858
Puerto Rico,PRI,1997,48187039000.0,45340835000.0,6.277352413117221
Puerto Rico,PRI,1998,54086400000.0,48187039000.0,12.242630222620644
Puerto Rico,PRI,1999,57841000000.0,54086400000.0,6.941855993373558
Puerto Rico,PRI,2000,61701800000.0,57841000000.0,6.674850019882084
Puerto Rico,PRI,2001,69208400000.0,61701800000.0,12.165933570819654
Puerto Rico,PRI,2002,71623500000.0,69208400000.0,3.4896053080262
Puerto Rico,PRI,2003,74827400000.0,71623500000.0,4.4732524939440355
Puerto Rico,PRI,2004,80322313000.0,74827400000.0,7.343450393839679
Puerto Rico,PRI,2005,83914521300.0,80322313000.0,4.472242102888635
Puerto Rico,PRI,2006,87276164400.0,83914521300.0,4.006032624534561
Puerto Rico,PRI,2007,89524131600.0,87276164400.0,2.5756943094992435
Puerto Rico,PRI,2008,93639300000.0,89524131600.0,4.5967141221618935
Puerto Rico,PRI,2009,96385600000.0,93639300000.0,2.9328497756818006
Puerto Rico,PRI,2010,98381300000.0,96385600000.0,2.0705375076774946
Puerto Rico,PRI,2011,100000000000.0,98381300000.0,1.6453330053577186
Puerto Rico,PRI,2012,102000000000.0,100000000000.0,2.0000000000000018
Puerto Rico,PRI,2013,102000000000.0,102000000000.0,0.0
Puerto Rico,PRI,2014,102000000000.0,102000000000.0,0.0
Puerto Rico,PRI,2015,103000000000.0,102000000000.0,0.9803921568627416
Puerto Rico,PRI,2016,104000000000.0,103000000000.0,0.9708737864077666
Puerto Rico,PRI,2017,103000000000.0,104000000000.0,-0.9615384615384581
Puerto Rico,PRI,2018,101000000000.0,103000000000.0,-1.9417475728155331
Puerto Rico,PRI,2019,105000000000.0,101000000000.0,3.960396039603964
Puerto Rico,PRI,2020,103000000000.0,105000000000.0,-1.904761904761909
Puerto Rico,PRI,2021,106000000000.0,103000000000.0,2.9126213592232997
Puerto Rico,PRI,2022,113000000000.0,106000000000.0,6.60377358490567
Qatar,QAT,1970,301791301.6,,
Qatar,QAT,1971,387703114.9,301791301.6,28.46729274320474
Qatar,QAT,1972,510262518.5,387703114.9,31.611663381041353
Qatar,QAT,1973,793885649.3,510262518.5,55.58376727997902
Qatar,QAT,1974,2401403228.0,793885649.3,202.4872952568687
Qatar,QAT,1975,2512773380.0,2401403228.0,4.63771143061027
Qatar,QAT,1976,3284273711.0,2512773380.0,30.703140089776014
Qatar,QAT,1977,3617564943.0,3284273711.0,10.148095479487896
Qatar,QAT,1978,4052000414.0,3617564943.0,12.00905796703482
Qatar,QAT,1979,5632962998.0,4052000414.0,39.01684162068795
Qatar,QAT,1980,7829165978.0,5632962998.0,38.98841481436624
Qatar,QAT,1981,8661263766.0,7829165978.0,10.628179174361607
Qatar,QAT,1982,7596703216.0,8661263766.0,-12.291053346960268
Qatar,QAT,1983,6467582309.0,7596703216.0,-14.863301551939944
Qatar,QAT,1984,6704395825.0,6467582309.0,3.661546226794221
Qatar,QAT,1985,6153296456.0,6704395825.0,-8.219970648883933
Qatar,QAT,1986,5053021951.0,6153296456.0,-17.88105794784415
Qatar,QAT,1987,5446428681.0,5053021951.0,7.785573342347041
Qatar,QAT,1988,6038187033.0,5446428681.0,10.865071162399742
Qatar,QAT,1989,6487912088.0,6038187033.0,7.448014653109536
Qatar,QAT,1990,7360439423.0,6487912088.0,13.448507365163298
Qatar,QAT,1991,6883516484.0,7360439423.0,-6.479544380321977
Qatar,QAT,1992,7646153984.0,6883516484.0,11.079184625658556
Qatar,QAT,1993,7156593654.0,7646153984.0,-6.402700377528781
Qatar,QAT,1994,7374450769.0,7156593654.0,3.044145378831642
Qatar,QAT,1995,8137911978.0,7374450769.0,10.35278738600256
Qatar,QAT,1996,9059340385.0,8137911978.0,11.322663718789116
Qatar,QAT,1997,11297802115.0,9059340385.0,24.708882047376555
Qatar,QAT,1998,10255495027.0,11297802115.0,-9.225750968112079
Qatar,QAT,1999,12393131868.0,10255495027.0,20.84381919519407
Qatar,QAT,2000,17759890110.0,12393131868.0,43.304293855352036
Qatar,QAT,2001,17538461538.0,17759890110.0,-1.2467902145144483
Qatar,QAT,2002,19363736264.0,17538461538.0,10.407268174835282
Qatar,QAT,2003,23533791209.0,19363736264.0,21.535383916340244
Qatar,QAT,2004,31734065934.0,23533791209.0,34.844682066627584
Qatar,QAT,2005,44530494505.0,31734065934.0,40.323949025674196
Qatar,QAT,2006,60882142857.0,44530494505.0,36.72011401122886
Qatar,QAT,2007,79712087912.0,60882142857.0,30.92851889137309
Qatar,QAT,2008,115000000000.0,79712087912.0,44.269210620799335
Qatar,QAT,2009,97798351648.0,115000000000.0,-14.957955088695652
Qatar,QAT,2010,125000000000.0,97798351648.0,27.81401515835904
Qatar,QAT,2011,168000000000.0,125000000000.0,34.400000000000006
Qatar,QAT,2012,187000000000.0,168000000000.0,11.309523809523814
Qatar,QAT,2013,199000000000.0,187000000000.0,6.417112299465244
Qatar,QAT,2014,206000000000.0,199000000000.0,3.5175879396984966
Qatar,QAT,2015,162000000000.0,206000000000.0,-21.359223300970875
Qatar,QAT,2016,152000000000.0,162000000000.0,-6.172839506172845
Qatar,QAT,2017,161000000000.0,152000000000.0,5.921052631578938
Qatar,QAT,2018,183000000000.0,161000000000.0,13.664596273291929
Qatar,QAT,2019,176000000000.0,183000000000.0,-3.825136612021862
Qatar,QAT,2020,144000000000.0,176000000000.0,-18.181818181818176
Qatar,QAT,2021,180000000000.0,144000000000.0,25.0
Qatar,QAT,2022,237000000000.0,180000000000.0,31.666666666666664
Romania,ROU,1987,38067565161.0,,
Romania,ROU,1988,40424526826.0,38067565161.0,6.191521982116921
Romania,ROU,1989,41450779109.0,40424526826.0,2.5386871871557526
Romania,ROU,1990,38244330108.0,41450779109.0,-7.735557859041064
Romania,ROU,1991,28851673545.0,38244330108.0,-24.55960540157358
Romania,ROU,1992,25121666667.0,28851673545.0,-12.928216701822526
Romania,ROU,1993,26361131547.0,25121666667.0,4.933848125722373
Romania,ROU,1994,30072880812.0,26361131547.0,14.080386717778847
Romania,ROU,1995,37430238806.0,30072880812.0,24.46509212068633
Romania,ROU,1996,36937074278.0,37430238806.0,-1.3175564563081221
Romania,ROU,1997,35575197535.0,36937074278.0,-3.6870184485920277
Romania,ROU,1998,41696111548.0,35575197535.0,17.205565779299057
Romania,ROU,1999,35953162616.0,41696111548.0,-13.773344129197262
Romania,ROU,2000,37253738081.0,35953162616.0,3.617416022314579
Romania,ROU,2001,40395114265.0,37253738081.0,8.432378456008284
Romania,ROU,2002,46065502703.0,40395114265.0,14.037312534385027
Romania,ROU,2003,57806382692.0,46065502703.0,25.48735886960238
Romania,ROU,2004,74973660681.0,57806382692.0,29.697893536202578
Romania,ROU,2005,98454374488.0,74973660681.0,31.318617223329113
Romania,ROU,2006,122000000000.0,98454374488.0,23.915265964002263
Romania,ROU,2007,175000000000.0,122000000000.0,43.44262295081967
Romania,ROU,2008,214000000000.0,175000000000.0,22.285714285714285
Romania,ROU,2009,174000000000.0,214000000000.0,-18.691588785046733
Romania,ROU,2010,170000000000.0,174000000000.0,-2.298850574712641
Romania,ROU,2011,193000000000.0,170000000000.0,13.529411764705879
Romania,ROU,2012,179000000000.0,193000000000.0,-7.253886010362698
Romania,ROU,2013,190000000000.0,179000000000.0,6.145251396648055
Romania,ROU,2014,200000000000.0,190000000000.0,5.263157894736836
Romania,ROU,2015,178000000000.0,200000000000.0,-10.999999999999998
Romania,ROU,2016,185000000000.0,178000000000.0,3.93258426966292
Romania,ROU,2017,210000000000.0,185000000000.0,13.513513513513509
Romania,ROU,2018,243000000000.0,210000000000.0,15.714285714285726
Romania,ROU,2019,251000000000.0,243000000000.0,3.292181069958855
Romania,ROU,2020,251000000000.0,251000000000.0,0.0
Romania,ROU,2021,285000000000.0,251000000000.0,13.545816733067738
Romania,ROU,2022,301000000000.0,285000000000.0,5.6140350877192935
Russian Federation,RUS,1988,555000000000.0,,
Russian Federation,RUS,1989,507000000000.0,555000000000.0,-8.64864864864865
Russian Federation,RUS,1990,517000000000.0,507000000000.0,1.9723865877712132
Russian Federation,RUS,1991,518000000000.0,517000000000.0,0.19342359767891004
Russian Federation,RUS,1992,460000000000.0,518000000000.0,-11.196911196911197
Russian Federation,RUS,1993,435000000000.0,460000000000.0,-5.434782608695654
Russian Federation,RUS,1994,395000000000.0,435000000000.0,-9.195402298850574
Russian Federation,RUS,1995,396000000000.0,395000000000.0,0.25316455696202667
Russian Federation,RUS,1996,392000000000.0,396000000000.0,-1.0101010101010055
Russian Federation,RUS,1997,405000000000.0,392000000000.0,3.316326530612246
Russian Federation,RUS,1998,271000000000.0,405000000000.0,-33.08641975308642
Russian Federation,RUS,1999,196000000000.0,271000000000.0,-27.67527675276753
Russian Federation,RUS,2000,260000000000.0,196000000000.0,32.65306122448979
Russian Federation,RUS,2001,307000000000.0,260000000000.0,18.07692307692308
Russian Federation,RUS,2002,345000000000.0,307000000000.0,12.377850162866455
Russian Federation,RUS,2003,430000000000.0,345000000000.0,24.63768115942029
Russian Federation,RUS,2004,591000000000.0,430000000000.0,37.441860465116285
Russian Federation,RUS,2005,764000000000.0,591000000000.0,29.272419627749578
Russian Federation,RUS,2006,990000000000.0,764000000000.0,29.581151832460726
Russian Federation,RUS,2007,1300000000000.0,990000000000.0,31.313131313131315
Russian Federation,RUS,2008,1660000000000.0,1300000000000.0,27.692307692307683
Russian Federation,RUS,2009,1220000000000.0,1660000000000.0,-26.506024096385538
Russian Federation,RUS,2010,1520000000000.0,1220000000000.0,24.590163934426236
Russian Federation,RUS,2011,2050000000000.0,1520000000000.0,34.86842105263157
Russian Federation,RUS,2012,2210000000000.0,2050000000000.0,7.804878048780495
Russian Federation,RUS,2013,2290000000000.0,2210000000000.0,3.619909502262453
Russian Federation,RUS,2014,2060000000000.0,2290000000000.0,-10.043668122270743
Russian Federation,RUS,2015,1360000000000.0,2060000000000.0,-33.98058252427184
Russian Federation,RUS,2016,1280000000000.0,1360000000000.0,-5.882352941176472
Russian Federation,RUS,2017,1570000000000.0,1280000000000.0,22.65625
Russian Federation,RUS,2018,1660000000000.0,1570000000000.0,5.73248407643312
Russian Federation,RUS,2019,1690000000000.0,1660000000000.0,1.8072289156626509
Russian Federation,RUS,2020,1490000000000.0,1690000000000.0,-11.834319526627224
Russian Federation,RUS,2021,1840000000000.0,1490000000000.0,23.48993288590604
Russian Federation,RUS,2022,2240000000000.0,1840000000000.0,21.739130434782616
Rwanda,RWA,1960,119000024.1,,
Rwanda,RWA,1961,122000016.1,119000024.1,2.521001170116577
Rwanda,RWA,1962,125000008.1,122000016.1,2.459009511556931
Rwanda,RWA,1963,128000000.1,125000008.1,2.3999934444804305
Rwanda,RWA,1964,129999994.1,128000000.1,1.5624953112792994
Rwanda,RWA,1965,148799980.1,129999994.1,14.461528348638586
Rwanda,RWA,1966,124525703.0,148799980.1,-16.313360447821722
Rwanda,RWA,1967,159560018.2,124525703.0,28.13420390808794
Rwanda,RWA,1968,172200018.2,159560018.2,7.92178400491057
Rwanda,RWA,1969,188700037.2,172200018.2,9.581891554062572
Rwanda,RWA,1970,219900006.2,188700037.2,16.534161552353943
Rwanda,RWA,1971,222952503.9,219900006.2,1.3881298835543232
Rwanda,RWA,1972,246457838.6,222952503.9,10.542754303644308
Rwanda,RWA,1973,290746157.5,246457838.6,17.969937232095813
Rwanda,RWA,1974,308458423.2,290746157.5,6.092003365513099
Rwanda,RWA,1975,571863503.0,308458423.2,85.39403043930234
Rwanda,RWA,1976,637753856.1,571863503.0,11.52204201777851
Rwanda,RWA,1977,746650611.3,637753856.1,17.075044573768118
Rwanda,RWA,1978,905709080.9,746650611.3,21.302931678186397
Rwanda,RWA,1979,1109346137.0,905709080.9,22.483715841476016
Rwanda,RWA,1980,1254765643.0,1109346137.0,13.108578211058397
Rwanda,RWA,1981,1407062526.0,1254765643.0,12.137476336686714
Rwanda,RWA,1982,1407243133.0,1407062526.0,0.01283574799717524
Rwanda,RWA,1983,1479687583.0,1407243133.0,5.147969693450261
Rwanda,RWA,1984,1587413091.0,1479687583.0,7.280287355090964
Rwanda,RWA,1985,1715626337.0,1587413091.0,8.076867119650078
Rwanda,RWA,1986,1944710688.0,1715626337.0,13.35281151026071
Rwanda,RWA,1987,2157432668.0,1944710688.0,10.938489787330251
Rwanda,RWA,1988,2395492695.0,2157432668.0,11.034412824604555
Rwanda,RWA,1989,2405022588.0,2395492695.0,0.39782600965101445
Rwanda,RWA,1990,2550185693.0,2405022588.0,6.035831252658497
Rwanda,RWA,1991,1911600232.0,2550185693.0,-25.040743611449635
Rwanda,RWA,1992,2029026957.0,1911600232.0,6.142849484651025
Rwanda,RWA,1993,1971525718.0,2029026957.0,-2.833931742583551
Rwanda,RWA,1994,753636370.5,1971525718.0,-61.77395183743679
Rwanda,RWA,1995,1293535192.0,753636370.5,71.6391674597398
Rwanda,RWA,1996,1382334879.0,1293535192.0,6.864883734836957
Rwanda,RWA,1997,1851558199.0,1382334879.0,33.94425816264164
Rwanda,RWA,1998,1989343548.0,1851558199.0,7.441588877649963
Rwanda,RWA,1999,2157024758.0,1989343548.0,8.428971967590982
Rwanda,RWA,2000,2068762707.0,2157024758.0,-4.091842278242408
Rwanda,RWA,2001,1966548410.0,2068762707.0,-4.9408420141247245
Rwanda,RWA,2002,1965932546.0,1966548410.0,-0.03131700175130758
Rwanda,RWA,2003,2138185328.0,1965932546.0,8.761886685811039
Rwanda,RWA,2004,2376464520.0,2138185328.0,11.143991537107766
Rwanda,RWA,2005,2933765825.0,2376464520.0,23.450857368575395
Rwanda,RWA,2006,3319711249.0,2933765825.0,13.155290743084436
Rwanda,RWA,2007,4070391531.0,3319711249.0,22.612818576499038
Rwanda,RWA,2008,5179804291.0,4070391531.0,27.25567679548122
Rwanda,RWA,2009,5674428928.0,5179804291.0,9.549098946835088
Rwanda,RWA,2010,6124693374.0,5674428928.0,7.934973751776275
Rwanda,RWA,2011,6884907733.0,6124693374.0,12.412284380262918
Rwanda,RWA,2012,7654782979.0,6884907733.0,11.182070637053233
Rwanda,RWA,2013,7820052084.0,7654782979.0,2.1590305754375594
Rwanda,RWA,2014,8239042500.0,7820052084.0,5.357898022920637
Rwanda,RWA,2015,8543869360.0,8239042500.0,3.699785017494439
Rwanda,RWA,2016,8695318854.0,8543869360.0,1.77261013269987
Rwanda,RWA,2017,9252833678.0,8695318854.0,6.41166624664411
Rwanda,RWA,2018,9636510839.0,9252833678.0,4.146590918544768
Rwanda,RWA,2019,10346675636.0,9636510839.0,7.3695221109064235
Rwanda,RWA,2020,10172925172.0,10346675636.0,-1.6792878226070673
Rwanda,RWA,2021,11055281971.0,10172925172.0,8.67357995936706
Rwanda,RWA,2022,13312796765.0,11055281971.0,20.420237131190945
Samoa,WSM,1982,121221651.6,,
Samoa,WSM,1983,111862823.6,121221651.6,-7.720426076095466
Samoa,WSM,1984,109200934.3,111862823.6,-2.3796013852809605
Samoa,WSM,1985,95572172.98,109200934.3,-12.480443878400038
Samoa,WSM,1986,100947848.6,95572172.98,5.624728885388985
Samoa,WSM,1987,111713922.1,100947848.6,10.66498558345701
Samoa,WSM,1988,133016065.4,111713922.1,19.068476783879753
Samoa,WSM,1989,122888609.7,133016065.4,-7.6137086671036025
Samoa,WSM,1990,125766269.8,122888609.7,2.3416817124264355
Samoa,WSM,1991,125597205.4,125766269.8,-0.1344274583867766
Samoa,WSM,1992,132303041.4,125597205.4,5.3391601975882885
Samoa,WSM,1993,133122897.2,132303041.4,0.619680236617759
Samoa,WSM,1994,221098106.5,133122897.2,66.08570813165866
Samoa,WSM,1995,224865731.4,221098106.5,1.7040511832696392
Samoa,WSM,1996,249907893.8,224865731.4,11.136495651911504
Samoa,WSM,1997,285475620.9,249907893.8,14.232334384949286
Samoa,WSM,1998,269485285.0,285475620.9,-5.601296478343166
Samoa,WSM,1999,255408053.2,269485285.0,-5.223747856956273
Samoa,WSM,2000,258856139.8,255408053.2,1.3500304930870621
Samoa,WSM,2001,266299591.5,258856139.8,2.8755167660890812
Samoa,WSM,2002,281790139.0,266299591.5,5.816962546861437
Samoa,WSM,2003,333426144.5,281790139.0,18.324276954205267
Samoa,WSM,2004,407747521.1,333426144.5,22.290206639749588
Samoa,WSM,2005,476801793.2,407747521.1,16.93554676033564
Samoa,WSM,2006,499923757.8,476801793.2,4.8493870890920165
Samoa,WSM,2007,573548459.8,499923757.8,14.72718606613097
Samoa,WSM,2008,641346191.7,573548459.8,11.820750407671143
Samoa,WSM,2009,628006115.4,641346191.7,-2.0800117740841118
Samoa,WSM,2010,680260919.9,628006115.4,8.32074771544493
Samoa,WSM,2011,744096948.5,680260919.9,9.384050550689294
Samoa,WSM,2012,773141695.1,744096948.5,3.903355155339683
Samoa,WSM,2013,797736265.9,773141695.1,3.181120738394383
Samoa,WSM,2014,796683672.8,797736265.9,-0.13194750508334074
Samoa,WSM,2015,824150487.2,796683672.8,3.4476436931945686
Samoa,WSM,2016,843924750.7,824150487.2,2.399351065990607
Samoa,WSM,2017,884844419.8,843924750.7,4.848734329222926
Samoa,WSM,2018,878448439.5,884844419.8,-0.7228367108248923
Samoa,WSM,2019,912950619.4,878448439.5,3.927627205944839
Samoa,WSM,2020,868898350.4,912950619.4,-4.8252630606627545
Samoa,WSM,2021,843850777.8,868898350.4,-2.8826815689624974
Samoa,WSM,2022,832421565.4,843850777.8,-1.3544115500843668
San Marino,SMR,1999,1109098658.0,,
San Marino,SMR,2000,1005159388.0,1109098658.0,-9.371508048475164
San Marino,SMR,2001,1077413479.0,1005159388.0,7.18832175897659
San Marino,SMR,2002,1168269231.0,1077413479.0,8.432765486127725
San Marino,SMR,2003,1464326161.0,1168269231.0,25.341498529973695
San Marino,SMR,2004,1723750000.0,1464326161.0,17.716260619344347
San Marino,SMR,2005,1785847531.0,1723750000.0,3.6024673531544593
San Marino,SMR,2006,1908167106.0,1785847531.0,6.849385116964957
San Marino,SMR,2007,2185874624.0,1908167106.0,14.55362673042535
San Marino,SMR,2008,2393437820.0,2185874624.0,9.495658795845019
San Marino,SMR,2009,2056126702.0,2393437820.0,-14.093164032980809
San Marino,SMR,2010,1881191950.0,2056126702.0,-8.507975302778792
San Marino,SMR,2011,1813717695.0,1881191950.0,-3.5867820399720474
San Marino,SMR,2012,1604701051.0,1813717695.0,-11.524210442243055
San Marino,SMR,2013,1678741202.0,1604701051.0,4.613952920007147
San Marino,SMR,2014,1673910988.0,1678741202.0,-0.28772832847883123
San Marino,SMR,2015,1419400404.0,1673910988.0,-15.204547065199147
San Marino,SMR,2016,1468342431.0,1419400404.0,3.4480775729016866
San Marino,SMR,2017,1528621195.0,1468342431.0,4.10522523407213
San Marino,SMR,2018,1655354304.0,1528621195.0,8.290681132417511
San Marino,SMR,2019,1616188702.0,1655354304.0,-2.3659951168979454
San Marino,SMR,2020,1541247884.0,1616188702.0,-4.636885402506663
San Marino,SMR,2021,1855382833.0,1541247884.0,20.381857601304574
Sao Tome and Principe,STP,2001,75951131.95,,
Sao Tome and Principe,STP,2002,85171073.88,75951131.95,12.139308122582882
Sao Tome and Principe,STP,2003,102085765.5,85171073.88,19.859666961381283
Sao Tome and Principe,STP,2004,114582282.0,102085765.5,12.241193900828407
Sao Tome and Principe,STP,2005,136450658.1,114582282.0,19.085303345590553
Sao Tome and Principe,STP,2006,142775109.8,136450658.1,4.634973394826014
Sao Tome and Principe,STP,2007,149146918.9,142775109.8,4.462829066582863
Sao Tome and Principe,STP,2008,188021169.3,149146918.9,26.064400583470594
Sao Tome and Principe,STP,2009,187821029.4,188021169.3,-0.10644540758103505
Sao Tome and Principe,STP,2010,196652514.3,187821029.4,4.702074591014882
Sao Tome and Principe,STP,2011,231489270.1,196652514.3,17.714879427809073
Sao Tome and Principe,STP,2012,250680845.7,231489270.1,8.290481710754683
Sao Tome and Principe,STP,2013,300554483.6,250680845.7,19.895272716482637
Sao Tome and Principe,STP,2014,346528329.2,300554483.6,15.296343295009818
Sao Tome and Principe,STP,2015,316066072.3,346528329.2,-8.790697421571725
Sao Tome and Principe,STP,2016,345495615.0,316066072.3,9.311199549462046
Sao Tome and Principe,STP,2017,375614126.2,345495615.0,8.717480017799929
Sao Tome and Principe,STP,2018,412253809.7,375614126.2,9.754607440001006
Sao Tome and Principe,STP,2019,427425039.7,412253809.7,3.680070297237581
Sao Tome and Principe,STP,2020,472551023.6,427425039.7,10.55763694416989
Sao Tome and Principe,STP,2021,526653790.7,472551023.6,11.449084733291425
Sao Tome and Principe,STP,2022,546680341.6,526653790.7,3.8026026307304894
Saudi Arabia,SAU,1968,4187777708.0,,
Saudi Arabia,SAU,1969,4485777641.0,4187777708.0,7.115944392910922
Saudi Arabia,SAU,1970,5377268844.0,4485777641.0,19.873727017847955
Saudi Arabia,SAU,1971,7184816177.0,5377268844.0,33.6145985153202
Saudi Arabia,SAU,1972,9664177037.0,7184816177.0,34.508340908385634
Saudi Arabia,SAU,1973,14947535254.0,9664177037.0,54.66950984830143
Saudi Arabia,SAU,1974,45412971922.0,14947535254.0,203.81578735428886
Saudi Arabia,SAU,1975,46773137523.0,45412971922.0,2.99510369710263
Saudi Arabia,SAU,1976,64005623888.0,46773137523.0,36.842699202135364
Saudi Arabia,SAU,1977,74189100135.0,64005623888.0,15.910283547613746
Saudi Arabia,SAU,1978,80266637390.0,74189100135.0,8.191954402925571
Saudi Arabia,SAU,1979,112000000000.0,80266637390.0,39.53493461525459
Saudi Arabia,SAU,1980,165000000000.0,112000000000.0,47.321428571428584
Saudi Arabia,SAU,1981,184000000000.0,165000000000.0,11.515151515151523
Saudi Arabia,SAU,1982,153000000000.0,184000000000.0,-16.84782608695652
Saudi Arabia,SAU,1983,129000000000.0,153000000000.0,-15.686274509803921
Saudi Arabia,SAU,1984,120000000000.0,129000000000.0,-6.976744186046513
Saudi Arabia,SAU,1985,104000000000.0,120000000000.0,-13.33333333333333
Saudi Arabia,SAU,1986,86962013011.0,104000000000.0,-16.382679797115387
Saudi Arabia,SAU,1987,85695941760.0,86962013011.0,-1.4558899997402897
Saudi Arabia,SAU,1988,88256162069.0,85695941760.0,2.987563070571242
Saudi Arabia,SAU,1989,95344352824.0,88256162069.0,8.031383405793635
Saudi Arabia,SAU,1990,118000000000.0,95344352824.0,23.761918252065726
Saudi Arabia,SAU,1991,132000000000.0,118000000000.0,11.864406779661007
Saudi Arabia,SAU,1992,137000000000.0,132000000000.0,3.7878787878787845
Saudi Arabia,SAU,1993,133000000000.0,137000000000.0,-2.9197080291970767
Saudi Arabia,SAU,1994,135000000000.0,133000000000.0,1.5037593984962516
Saudi Arabia,SAU,1995,143000000000.0,135000000000.0,5.9259259259259345
Saudi Arabia,SAU,1996,159000000000.0,143000000000.0,11.188811188811187
Saudi Arabia,SAU,1997,166000000000.0,159000000000.0,4.402515723270439
Saudi Arabia,SAU,1998,147000000000.0,166000000000.0,-11.445783132530119
Saudi Arabia,SAU,1999,162000000000.0,147000000000.0,10.20408163265305
Saudi Arabia,SAU,2000,190000000000.0,162000000000.0,17.28395061728396
Saudi Arabia,SAU,2001,184000000000.0,190000000000.0,-3.157894736842104
Saudi Arabia,SAU,2002,190000000000.0,184000000000.0,3.2608695652173836
Saudi Arabia,SAU,2003,216000000000.0,190000000000.0,13.684210526315788
Saudi Arabia,SAU,2004,259000000000.0,216000000000.0,19.90740740740742
Saudi Arabia,SAU,2005,328000000000.0,259000000000.0,26.640926640926633
Saudi Arabia,SAU,2006,377000000000.0,328000000000.0,14.939024390243905
Saudi Arabia,SAU,2007,416000000000.0,377000000000.0,10.344827586206895
Saudi Arabia,SAU,2008,520000000000.0,416000000000.0,25.0
Saudi Arabia,SAU,2009,429000000000.0,520000000000.0,-17.500000000000004
Saudi Arabia,SAU,2010,528000000000.0,429000000000.0,23.076923076923084
Saudi Arabia,SAU,2011,677000000000.0,528000000000.0,28.219696969696972
Saudi Arabia,SAU,2012,742000000000.0,677000000000.0,9.601181683899561
Saudi Arabia,SAU,2013,754000000000.0,742000000000.0,1.6172506738544534
Saudi Arabia,SAU,2014,767000000000.0,754000000000.0,1.724137931034475
Saudi Arabia,SAU,2015,669000000000.0,767000000000.0,-12.77705345501956
Saudi Arabia,SAU,2016,666000000000.0,669000000000.0,-0.4484304932735439
Saudi Arabia,SAU,2017,715000000000.0,666000000000.0,7.357357357357364
Saudi Arabia,SAU,2018,847000000000.0,715000000000.0,18.461538461538463
Saudi Arabia,SAU,2019,839000000000.0,847000000000.0,-0.9445100354191216
Saudi Arabia,SAU,2020,734000000000.0,839000000000.0,-12.514898688915377
Saudi Arabia,SAU,2021,869000000000.0,734000000000.0,18.392370572207085
Saudi Arabia,SAU,2022,1110000000000.0,869000000000.0,27.73302646720368
Senegal,SEN,1960,1003692369.0,,
Senegal,SEN,1961,1058975259.0,1003692369.0,5.507951610220929
Senegal,SEN,1962,1085475792.0,1058975259.0,2.502469512368477
Senegal,SEN,1963,1122139863.0,1085475792.0,3.377695870346953
Senegal,SEN,1964,1188930645.0,1122139863.0,5.952090661981946
Senegal,SEN,1965,1210058227.0,1188930645.0,1.7770239238807717
Senegal,SEN,1966,1246908188.0,1210058227.0,3.0453047777179387
Senegal,SEN,1967,1246480767.0,1246908188.0,-0.03427846605815743
Senegal,SEN,1968,1309384863.0,1246480767.0,5.046535627773552
Senegal,SEN,1969,1245234930.0,1309384863.0,-4.899241988564218
Senegal,SEN,1970,1297407655.0,1245234930.0,4.189789713014225
Senegal,SEN,1971,1339549034.0,1297407655.0,3.2481216553327696
Senegal,SEN,1972,1620857101.0,1339549034.0,21.00020677555876
Senegal,SEN,1973,1863398590.0,1620857101.0,14.963779894622565
Senegal,SEN,1974,2099325232.0,1863398590.0,12.661093727671012
Senegal,SEN,1975,2830388400.0,2099325232.0,34.823721301321456
Senegal,SEN,1976,2869777881.0,2830388400.0,1.391663455093295
Senegal,SEN,1977,2938046468.0,2869777881.0,2.3788805207534347
Senegal,SEN,1978,3280354917.0,2938046468.0,11.65088614929286
Senegal,SEN,1979,4084877818.0,3280354917.0,24.525483411281733
Senegal,SEN,1980,4510108282.0,4084877818.0,10.409869840567154
Senegal,SEN,1981,4095892787.0,4510108282.0,-9.18415854122946
Senegal,SEN,1982,4013951446.0,4095892787.0,-2.0005733856138685
Senegal,SEN,1983,3569356125.0,4013951446.0,-11.076250596978443
Senegal,SEN,1984,3485165433.0,3569356125.0,-2.3587080989291853
Senegal,SEN,1985,3818944920.0,3485165433.0,9.577149016788145
Senegal,SEN,1986,5392093452.0,3818944920.0,41.193276283230595
Senegal,SEN,1987,6487353094.0,5392093452.0,20.312326775303813
Senegal,SEN,1988,6418419393.0,6487353094.0,-1.062585926820525
Senegal,SEN,1989,6366039363.0,6418419393.0,-0.8160892393090813
Senegal,SEN,1990,7390967362.0,6366039363.0,16.099931850201465
Senegal,SEN,1991,7255210474.0,7390967362.0,-1.8367945811529562
Senegal,SEN,1992,7769817847.0,7255210474.0,7.092935137363177
Senegal,SEN,1993,7367986228.0,7769817847.0,-5.171699348848325
Senegal,SEN,1994,5034588199.0,7367986228.0,-31.66941355200372
Senegal,SEN,1995,6326342635.0,5034588199.0,25.657598694101246
Senegal,SEN,1996,6559712162.0,6326342635.0,3.68885374163741
Senegal,SEN,1997,6041478722.0,6559712162.0,-7.900246644999054
Senegal,SEN,1998,6505607914.0,6041478722.0,7.682377334374735
Senegal,SEN,1999,6592834929.0,6505607914.0,1.3407972960111536
Senegal,SEN,2000,6013185004.0,6592834929.0,-8.792119494002272
Senegal,SEN,2001,6507824827.0,6013185004.0,8.225920584032643
Senegal,SEN,2002,7006402325.0,6507824827.0,7.6612003434922915
Senegal,SEN,2003,8768721561.0,7006402325.0,25.152983717645693
Senegal,SEN,2004,10076816661.0,8768721561.0,14.917740184816886
Senegal,SEN,2005,11009033445.0,10076816661.0,9.25110394841191
Senegal,SEN,2006,11697918245.0,11009033445.0,6.2574503333248765
Senegal,SEN,2007,13994218399.0,11697918245.0,19.629989763191414
Senegal,SEN,2008,16853989611.0,13994218399.0,20.435376456639798
Senegal,SEN,2009,16145867483.0,16853989611.0,-4.201510409961529
Senegal,SEN,2010,16121315902.0,16145867483.0,-0.15206108328246204
Senegal,SEN,2011,17814283650.0,16121315902.0,10.501424066691545
Senegal,SEN,2012,17660870396.0,17814283650.0,-0.8611811567286853
Senegal,SEN,2013,18918667731.0,17660870396.0,7.121944200920449
Senegal,SEN,2014,19797253445.0,18918667731.0,4.644014718649325
Senegal,SEN,2015,17774766697.0,19797253445.0,-10.21599664629641
Senegal,SEN,2016,19040312331.0,17774766697.0,7.119900112183175
Senegal,SEN,2017,20996562959.0,19040312331.0,10.274257028940536
Senegal,SEN,2018,23116701540.0,20996562959.0,10.097550656933695
Senegal,SEN,2019,23403995985.0,23116701540.0,1.2428003385469122
Senegal,SEN,2020,24530513059.0,23403995985.0,4.813353560315092
Senegal,SEN,2021,27569136728.0,24530513059.0,12.38711828689274
Senegal,SEN,2022,27684430244.0,27569136728.0,0.4181977736100295
Serbia,SRB,1995,16832598870.0,,
Serbia,SRB,1996,21818007449.0,16832598870.0,29.617580847157686
Serbia,SRB,1997,25676488000.0,21818007449.0,17.684843861288748
Serbia,SRB,1998,19457979423.0,25676488000.0,-24.218688229480602
Serbia,SRB,1999,19388663551.0,19457979423.0,-0.35623365866070955
Serbia,SRB,2000,6875845987.0,19388663551.0,-64.53677186715963
Serbia,SRB,2001,12960546471.0,6875845987.0,88.49384491020014
Serbia,SRB,2002,17120906918.0,12960546471.0,32.10019312309906
Serbia,SRB,2003,22482365322.0,17120906918.0,31.315271029032065
Serbia,SRB,2004,26141968161.0,22482365322.0,16.27765934138128
Serbia,SRB,2005,27683225959.0,26141968161.0,5.895722114371371
Serbia,SRB,2006,32482070360.0,27683225959.0,17.33484532513403
Serbia,SRB,2007,43170990616.0,32482070360.0,32.90713965438255
Serbia,SRB,2008,52194221469.0,43170990616.0,20.901143856670767
Serbia,SRB,2009,45162894381.0,52194221469.0,-13.471466553392608
Serbia,SRB,2010,41819468692.0,45162894381.0,-7.403036795636764
Serbia,SRB,2011,49258136129.0,41819468692.0,17.78757040598893
Serbia,SRB,2012,43309252921.0,49258136129.0,-12.07695555597298
Serbia,SRB,2013,48394239475.0,43309252921.0,11.74110891101141
Serbia,SRB,2014,47062202241.0,48394239475.0,-2.752470642064986
Serbia,SRB,2015,39655949731.0,47062202241.0,-15.737156693334175
Serbia,SRB,2016,40692661657.0,39655949731.0,2.6142657861742746
Serbia,SRB,2017,44179075779.0,40692661657.0,8.567672843293273
Serbia,SRB,2018,50640662859.0,44179075779.0,14.625899175263957
Serbia,SRB,2019,51514242776.0,50640662859.0,1.7250562446868623
Serbia,SRB,2020,53356484764.0,51514242776.0,3.5761798848730875
Serbia,SRB,2021,63082021206.0,53356484764.0,18.227468479261375
Serbia,SRB,2022,63501748652.0,63082021206.0,0.6653677830476434
Seychelles,SYC,1960,12012025.25,,
Seychelles,SYC,1961,11592024.36,12012025.25,-3.496503555884556
Seychelles,SYC,1962,12642026.57,11592024.36,9.057971044498391
Seychelles,SYC,1963,13923029.26,12642026.57,10.132890347184254
Seychelles,SYC,1964,15393032.35,13923029.26,10.558069386690349
Seychelles,SYC,1965,15603032.8,15393032.35,1.3642565364971881
Seychelles,SYC,1966,16443034.56,15603032.8,5.383580043489999
Seychelles,SYC,1967,16632032.81,16443034.56,1.149412228687785
Seychelles,SYC,1968,16074027.35,16632032.81,-3.3550045648328752
Seychelles,SYC,1969,16452027.99,16074027.35,2.3516237204859625
Seychelles,SYC,1970,18432031.36,16452027.99,12.03501094943129
Seychelles,SYC,1971,21965951.75,18432031.36,19.172712551200878
Seychelles,SYC,1972,30645121.01,21965951.75,39.51191989666463
Seychelles,SYC,1973,36896278.22,30645121.01,20.398539813108062
Seychelles,SYC,1974,43134498.69,36896278.22,16.907451837834707
Seychelles,SYC,1975,47803145.96,43134498.69,10.823464771325497
Seychelles,SYC,1976,49278979.55,47803145.96,3.087314778895345
Seychelles,SYC,1977,64526398.66,49278979.55,30.941020388885065
Seychelles,SYC,1978,85552369.91,64526398.66,32.58506857137531
Seychelles,SYC,1979,127261099.2,85552369.91,48.7522780887041
Seychelles,SYC,1980,156783829.6,127261099.2,23.198550527685512
Seychelles,SYC,1981,163750728.2,156783829.6,4.443633388580004
Seychelles,SYC,1982,157211797.7,163750728.2,-3.9932222420492436
Seychelles,SYC,1983,156098244.7,157211797.7,-0.7083138901095354
Seychelles,SYC,1984,160992928.6,156098244.7,3.135643138977584
Seychelles,SYC,1985,179691474.3,160992928.6,11.614513670012228
Seychelles,SYC,1986,221147073.3,179691474.3,23.070431783974744
Seychelles,SYC,1987,265212941.1,221147073.3,19.926046111504192
Seychelles,SYC,1988,301985636.8,265212941.1,13.865347425160014
Seychelles,SYC,1989,324333385.6,301985636.8,7.400268779935559
Seychelles,SYC,1990,392163560.9,324333385.6,20.913719743811644
Seychelles,SYC,1991,398307144.8,392163560.9,1.5665871367295692
Seychelles,SYC,1992,461409398.9,398307144.8,15.842611643756776
Seychelles,SYC,1993,504230588.1,461409398.9,9.280519491385686
Seychelles,SYC,1994,517570058.2,504230588.1,2.6455098946425837
Seychelles,SYC,1995,540733047.7,517570058.2,4.475334137480069
Seychelles,SYC,1996,535250347.1,540733047.7,-1.01393850871897
Seychelles,SYC,1997,598967022.1,535250347.1,11.904088497133824
Seychelles,SYC,1998,647287375.8,598967022.1,8.067281155244089
Seychelles,SYC,1999,662838614.9,647287375.8,2.4025247025372343
Seychelles,SYC,2000,654212432.4,662838614.9,-1.3014001155170152
Seychelles,SYC,2001,662064193.6,654212432.4,1.2001852626364107
Seychelles,SYC,2002,742134792.4,662064193.6,12.094083862867278
Seychelles,SYC,2003,750847276.4,742134792.4,1.1739759527813698
Seychelles,SYC,2004,893012218.2,750847276.4,18.933935870636944
Seychelles,SYC,2005,977899381.8,893012218.2,9.505711329583221
Seychelles,SYC,2006,1081441349.0,977899381.8,10.588202541800618
Seychelles,SYC,2007,1077308888.0,1081441349.0,-0.3821253000748759
Seychelles,SYC,2008,979597364.9,1077308888.0,-9.069963516350388
Seychelles,SYC,2009,851064318.8,979597364.9,-13.1210077431273
Seychelles,SYC,2010,981918002.9,851064318.8,15.375299047256918
Seychelles,SYC,2011,1059249940.0,981918002.9,7.8756002916340995
Seychelles,SYC,2012,1089880668.0,1059249940.0,2.891737525139715
Seychelles,SYC,2013,1324915222.0,1089880668.0,21.56516404968476
Seychelles,SYC,2014,1387576414.0,1324915222.0,4.72944917225806
Seychelles,SYC,2015,1391427967.0,1387576414.0,0.27757411852347147
Seychelles,SYC,2016,1458954110.0,1391427967.0,4.853010331939078
Seychelles,SYC,2017,1529773286.0,1458954110.0,4.854105795006802
Seychelles,SYC,2018,1587813245.0,1529773286.0,3.7940235674895906
Seychelles,SYC,2019,1645090567.0,1587813245.0,3.6073084904893804
Seychelles,SYC,2020,1183515398.0,1645090567.0,-28.0577360456046
Seychelles,SYC,2021,1286687873.0,1183515398.0,8.717459458013742
Seychelles,SYC,2022,1588406479.0,1286687873.0,23.44924610943311
Sierra Leone,SLE,1960,321993630.6,,
Sierra Leone,SLE,1961,327818553.0,321993630.6,1.8090178955235459
Sierra Leone,SLE,1962,342704719.9,327818553.0,4.5409775510783845
Sierra Leone,SLE,1963,348529805.7,342704719.9,1.6997390061332496
Sierra Leone,SLE,1964,371829822.0,348529805.7,6.685229188133102
Sierra Leone,SLE,1965,359379856.2,371829822.0,-3.3482967377479467
Sierra Leone,SLE,1966,375479849.8,359379856.2,4.4799376821610615
Sierra Leone,SLE,1967,348795351.2,375479849.8,-7.106772471069633
Sierra Leone,SLE,1968,329860091.9,348795351.2,-5.428759080318846
Sierra Leone,SLE,1969,408690163.5,329860091.9,23.898032388803813
Sierra Leone,SLE,1970,434410373.8,408690163.5,6.293327463458764
Sierra Leone,SLE,1971,419549425.1,434410373.8,-3.4209470114638374
Sierra Leone,SLE,1972,465381264.3,419549425.1,10.924061971739295
Sierra Leone,SLE,1973,575230445.8,465381264.3,23.60412632107758
Sierra Leone,SLE,1974,648590794.6,575230445.8,12.753210358671897
Sierra Leone,SLE,1975,679336126.6,648590794.6,4.740328147728534
Sierra Leone,SLE,1976,594895244.7,679336126.6,-12.429911879207278
Sierra Leone,SLE,1977,691779749.6,594895244.7,16.2859773654533
Sierra Leone,SLE,1978,960725311.0,691779749.6,38.87733943578275
Sierra Leone,SLE,1979,1109372098.0,960725311.0,15.472350452105443
Sierra Leone,SLE,1980,1100688361.0,1109372098.0,-0.782761439165025
Sierra Leone,SLE,1981,1114831915.0,1100688361.0,1.2849735221284853
Sierra Leone,SLE,1982,1295361468.0,1114831915.0,16.193432442235036
Sierra Leone,SLE,1983,995104199.8,1295361468.0,-23.17941946069991
Sierra Leone,SLE,1984,1087471862.0,995104199.8,9.282210065897068
Sierra Leone,SLE,1985,856863164.5,1087471862.0,-21.205946154402653
Sierra Leone,SLE,1986,490177396.2,856863164.5,-42.79397032010004
Sierra Leone,SLE,1987,660115532.0,490177396.2,34.66870098813422
Sierra Leone,SLE,1988,1055081242.0,660115532.0,59.8328157501981
Sierra Leone,SLE,1989,932978182.0,1055081242.0,-11.572858576136069
Sierra Leone,SLE,1990,649644812.6,932978182.0,-30.368702598449403
Sierra Leone,SLE,1991,780098205.2,649644812.6,20.080725662674226
Sierra Leone,SLE,1992,679997997.6,780098205.2,-12.831744379457522
Sierra Leone,SLE,1993,768812334.8,679997997.6,13.060970401892824
Sierra Leone,SLE,1994,911915970.7,768812334.8,18.613597808264526
Sierra Leone,SLE,1995,870758739.4,911915970.7,-4.5132701501441215
Sierra Leone,SLE,1996,941742152.7,870758739.4,8.151903631643309
Sierra Leone,SLE,1997,850218033.6,941742152.7,-9.718596415972025
Sierra Leone,SLE,1998,672375927.3,850218033.6,-20.917235258699417
Sierra Leone,SLE,1999,669384768.9,672375927.3,-0.44486399327401394
Sierra Leone,SLE,2000,635874002.2,669384768.9,-5.006203943819665
Sierra Leone,SLE,2001,1074851475.0,635874002.2,69.03529178441381
Sierra Leone,SLE,2002,1236235827.0,1074851475.0,15.014572315677377
Sierra Leone,SLE,2003,1369685677.0,1236235827.0,10.794853788038616
Sierra Leone,SLE,2004,1430217081.0,1369685677.0,4.419364604336162
Sierra Leone,SLE,2005,1627058706.0,1430217081.0,13.763059301625002
Sierra Leone,SLE,2006,1862116165.0,1627058706.0,14.446771842539775
Sierra Leone,SLE,2007,2126679686.0,1862116165.0,14.207680808141209
Sierra Leone,SLE,2008,2451896682.0,2126679686.0,15.292241616869418
Sierra Leone,SLE,2009,2419014960.0,2451896682.0,-1.3410729025163715
Sierra Leone,SLE,2010,2578159480.0,2419014960.0,6.5788977179372266
Sierra Leone,SLE,2011,2932274242.0,2578159480.0,13.735176770367975
Sierra Leone,SLE,2012,3789251962.0,2932274242.0,29.225701597933963
Sierra Leone,SLE,2013,4920343203.0,3789251962.0,29.8499876055484
Sierra Leone,SLE,2014,5015180836.0,4920343203.0,1.9274597134235627
Sierra Leone,SLE,2015,4252029354.0,5015180836.0,-15.216828803498805
Sierra Leone,SLE,2016,3862721205.0,4252029354.0,-9.155819882423133
Sierra Leone,SLE,2017,3719443318.0,3862721205.0,-3.7092474293650146
Sierra Leone,SLE,2018,4085114542.0,3719443318.0,9.831342831072543
Sierra Leone,SLE,2019,4076578654.0,4085114542.0,-0.20895100767042152
Sierra Leone,SLE,2020,4062906364.0,4076578654.0,-0.3353863904130616
Sierra Leone,SLE,2021,4249234574.0,4062906364.0,4.586081816971954
Sierra Leone,SLE,2022,3970343852.0,4249234574.0,-6.563316690174325
Singapore,SGP,1960,704751699.8,,
Singapore,SGP,1961,764629787.6,704751699.8,8.496338187902609
Singapore,SGP,1962,826239211.3,764629787.6,8.057418727221965
Singapore,SGP,1963,917608011.9,826239211.3,11.05839560146762
Singapore,SGP,1964,894153310.8,917608011.9,-2.5560697809770327
Singapore,SGP,1965,974644095.5,894153310.8,9.00189975564536
Singapore,SGP,1966,1096425607.0,974644095.5,12.494972478905254
Singapore,SGP,1967,1238035815.0,1096425607.0,12.915623923402219
Singapore,SGP,1968,1425706090.0,1238035815.0,15.158711301094296
Singapore,SGP,1969,1659893767.0,1425706090.0,16.426083794030788
Singapore,SGP,1970,1920574149.0,1659893767.0,15.704642500775169
Singapore,SGP,1971,2263785444.0,1920574149.0,17.870244435951733
Singapore,SGP,1972,2721440981.0,2263785444.0,20.21638305931257
Singapore,SGP,1973,3696213333.0,2721440981.0,35.818243305861344
Singapore,SGP,1974,5221534956.0,3696213333.0,41.2671424936933
Singapore,SGP,1975,5633673930.0,5221534956.0,7.893061666213996
Singapore,SGP,1976,6327077974.0,5633673930.0,12.30820336099927
Singapore,SGP,1977,6618585074.0,6327077974.0,4.607294254913508
Singapore,SGP,1978,7517176355.0,6618585074.0,13.576788255392614
Singapore,SGP,1979,9296921724.0,7517176355.0,23.675716584941032
Singapore,SGP,1980,11896256783.0,9296921724.0,27.959093731958795
Singapore,SGP,1981,14175228844.0,11896256783.0,19.157051689206117
Singapore,SGP,1982,16084252378.0,14175228844.0,13.467320739643917
Singapore,SGP,1983,17784112150.0,16084252378.0,10.568472391822592
Singapore,SGP,1984,19749361098.0,17784112150.0,11.050587914786636
Singapore,SGP,1985,19156532746.0,19749361098.0,-3.0017596471008656
Singapore,SGP,1986,18586746057.0,19156532746.0,-2.9743727456054136
Singapore,SGP,1987,20919215578.0,18586746057.0,12.549100923028767
Singapore,SGP,1988,25371462488.0,20919215578.0,21.28304903880942
Singapore,SGP,1989,30465364739.0,25371462488.0,20.07729059138501
Singapore,SGP,1990,36144336769.0,30465364739.0,18.640748530839367
Singapore,SGP,1991,45466164978.0,36144336769.0,25.790563729461134
Singapore,SGP,1992,52131330700.0,45466164978.0,14.659617157561279
Singapore,SGP,1993,60603821967.0,52131330700.0,16.252206021282323
Singapore,SGP,1994,73688716391.0,60603821967.0,21.590873313443804
Singapore,SGP,1995,87812540788.0,73688716391.0,19.166875321938726
Singapore,SGP,1996,96293097895.0,87812540788.0,9.657569443838376
Singapore,SGP,1997,100000000000.0,96293097895.0,3.8496031242468476
Singapore,SGP,1998,85728224856.0,100000000000.0,-14.271775144
Singapore,SGP,1999,86286866724.0,85728224856.0,0.6516428736724311
Singapore,SGP,2000,96076521349.0,86286866724.0,11.345474690040035
Singapore,SGP,2001,89793815728.0,96076521349.0,-6.53927258479513
Singapore,SGP,2002,92538355643.0,89793815728.0,3.0564910208445317
Singapore,SGP,2003,97646382413.0,92538355643.0,5.519902244325636
Singapore,SGP,2004,115000000000.0,97646382413.0,17.77190015458232
Singapore,SGP,2005,128000000000.0,115000000000.0,11.304347826086957
Singapore,SGP,2006,149000000000.0,128000000000.0,16.40625
Singapore,SGP,2007,181000000000.0,149000000000.0,21.476510067114084
Singapore,SGP,2008,194000000000.0,181000000000.0,7.182320441988943
Singapore,SGP,2009,194000000000.0,194000000000.0,0.0
Singapore,SGP,2010,240000000000.0,194000000000.0,23.71134020618557
Singapore,SGP,2011,279000000000.0,240000000000.0,16.250000000000007
Singapore,SGP,2012,295000000000.0,279000000000.0,5.7347670250896154
Singapore,SGP,2013,308000000000.0,295000000000.0,4.406779661016946
Singapore,SGP,2014,315000000000.0,308000000000.0,2.2727272727272707
Singapore,SGP,2015,308000000000.0,315000000000.0,-2.2222222222222254
Singapore,SGP,2016,319000000000.0,308000000000.0,3.571428571428581
Singapore,SGP,2017,343000000000.0,319000000000.0,7.523510971786829
Singapore,SGP,2018,377000000000.0,343000000000.0,9.912536443148689
Singapore,SGP,2019,377000000000.0,377000000000.0,0.0
Singapore,SGP,2020,348000000000.0,377000000000.0,-7.692307692307687
Singapore,SGP,2021,424000000000.0,348000000000.0,21.839080459770123
Singapore,SGP,2022,467000000000.0,424000000000.0,10.14150943396226
Sint Maarten (Dutch part),SXM,2011,936089385.5,,
Sint Maarten (Dutch part),SXM,2012,985865921.8,936089385.5,5.317498208081117
Sint Maarten (Dutch part),SXM,2013,1022905028.0,985865921.8,3.757012528881587
Sint Maarten (Dutch part),SXM,2014,1245251397.0,1022905028.0,21.73675589753774
Sint Maarten (Dutch part),SXM,2015,1253072626.0,1245251397.0,0.628084338539403
Sint Maarten (Dutch part),SXM,2016,1263687151.0,1253072626.0,0.8470797924844398
Sint Maarten (Dutch part),SXM,2017,1191620112.0,1263687151.0,-5.702917762752502
Sint Maarten (Dutch part),SXM,2018,1185474860.0,1191620112.0,-0.5157056295135742
Sint Maarten (Dutch part),SXM,2019,1459776536.0,1185474860.0,23.13854854754154
Sint Maarten (Dutch part),SXM,2020,1240279330.0,1459776536.0,-15.036356633149772
Sint Maarten (Dutch part),SXM,2021,1384636872.0,1240279330.0,11.639115359602092
Sint Maarten (Dutch part),SXM,2022,1571564246.0,1384636872.0,13.500100840879536
Slovak Republic,SVK,1990,12747380650.0,,
Slovak Republic,SVK,1991,14272201755.0,12747380650.0,11.961838646435963
Slovak Republic,SVK,1992,15495514297.0,14272201755.0,8.571295186262585
Slovak Republic,SVK,1993,16520676974.0,15495514297.0,6.615867388141328
Slovak Republic,SVK,1994,20162936291.0,16520676974.0,22.046671106348327
Slovak Republic,SVK,1995,25840146405.0,20162936291.0,28.156663454489504
Slovak Republic,SVK,1996,27925036755.0,25840146405.0,8.068415392555895
Slovak Republic,SVK,1997,27706028096.0,27925036755.0,-0.7842734851934874
Slovak Republic,SVK,1998,29856000671.0,27706028096.0,7.759945119345346
Slovak Republic,SVK,1999,30463670124.0,29856000671.0,2.0353344029438114
Slovak Republic,SVK,2000,29242558797.0,30463670124.0,-4.0084182963824215
Slovak Republic,SVK,2001,30778781607.0,29242558797.0,5.253380255347562
Slovak Republic,SVK,2002,35297794386.0,30778781607.0,14.68223413357026
Slovak Republic,SVK,2003,46919965224.0,35297794386.0,32.92605399336126
Slovak Republic,SVK,2004,57437444469.0,46919965224.0,22.415786530933346
Slovak Republic,SVK,2005,62808723477.0,57437444469.0,9.351528532748299
Slovak Republic,SVK,2006,70767338922.0,62808723477.0,12.67119438896791
Slovak Republic,SVK,2007,86563986799.0,70767338922.0,22.32194698519203
Slovak Republic,SVK,2008,101000000000.0,86563986799.0,16.676696320052997
Slovak Republic,SVK,2009,89399303222.0,101000000000.0,-11.48583839405941
Slovak Republic,SVK,2010,91162836320.0,89399303222.0,1.9726474753619883
Slovak Republic,SVK,2011,99922685425.0,91162836320.0,9.609013342071936
Slovak Republic,SVK,2012,94623731086.0,99922685425.0,-5.303054372950466
Slovak Republic,SVK,2013,98935222175.0,94623731086.0,4.556458553807663
Slovak Republic,SVK,2014,101000000000.0,98935222175.0,2.086999735390238
Slovak Republic,SVK,2015,88900883131.0,101000000000.0,-11.979323632673267
Slovak Republic,SVK,2016,89952699525.0,88900883131.0,1.1831337968263966
Slovak Republic,SVK,2017,95649966261.0,89952699525.0,6.333625078607663
Slovak Republic,SVK,2018,106000000000.0,95649966261.0,10.820739560699755
Slovak Republic,SVK,2019,106000000000.0,106000000000.0,0.0
Slovak Republic,SVK,2020,107000000000.0,106000000000.0,0.9433962264151052
Slovak Republic,SVK,2021,119000000000.0,107000000000.0,11.214953271028039
Slovak Republic,SVK,2022,115000000000.0,119000000000.0,-3.361344537815125
Slovenia,SVN,1995,21352224019.0,,
Slovenia,SVN,1996,21507232649.0,21352224019.0,0.7259601147967976
Slovenia,SVN,1997,20763101741.0,21507232649.0,-3.459910069065064
Slovenia,SVN,1998,22146231968.0,20763101741.0,6.661481720088047
Slovenia,SVN,1999,22711384311.0,22146231968.0,2.5519119632477993
Slovenia,SVN,2000,20289627637.0,22711384311.0,-10.66318389419816
Slovenia,SVN,2001,20876309970.0,20289627637.0,2.8915381962463016
Slovenia,SVN,2002,23489890274.0,20876309970.0,12.519359540818309
Slovenia,SVN,2003,29634713641.0,23489890274.0,26.159438359750254
Slovenia,SVN,2004,34414784504.0,29634713641.0,16.12997149527611
Slovenia,SVN,2005,36206395971.0,34414784504.0,5.205935451351618
Slovenia,SVN,2006,39481045038.0,36206395971.0,9.044393895550584
Slovenia,SVN,2007,48067401207.0,39481045038.0,21.748046843075564
Slovenia,SVN,2008,55779427740.0,48067401207.0,16.044192819554603
Slovenia,SVN,2009,50567734886.0,55779427740.0,-9.343396060448717
Slovenia,SVN,2010,48208240226.0,50567734886.0,-4.666008207247662
Slovenia,SVN,2011,51583869785.0,48208240226.0,7.002183741151025
Slovenia,SVN,2012,46577793184.0,51583869785.0,-9.704732548886263
Slovenia,SVN,2013,48415657265.0,46577793184.0,3.9457946703050917
Slovenia,SVN,2014,49997186439.0,48415657265.0,3.2665655354911394
Slovenia,SVN,2015,43107506024.0,49997186439.0,-13.780136255078833
Slovenia,SVN,2016,44766722791.0,43107506024.0,3.8490205535811617
Slovenia,SVN,2017,48589100043.0,44766722791.0,8.538434385392302
Slovenia,SVN,2018,54177882426.0,48589100043.0,11.502131914470691
Slovenia,SVN,2019,54331588482.0,54177882426.0,0.28370628218985505
Slovenia,SVN,2020,53706800044.0,54331588482.0,-1.1499542999869994
Slovenia,SVN,2021,61748586535.0,53706800044.0,14.973497740345088
Slovenia,SVN,2022,62117768015.0,61748586535.0,0.5978784304491613
Small states,SST,1970,7870516443.0,,
Small states,SST,1971,8854444228.0,7870516443.0,12.501438655592946
Small states,SST,1972,10432353642.0,8854444228.0,17.820535918112746
Small states,SST,1973,13000903185.0,10432353642.0,24.620997630478914
Small states,SST,1974,20195896869.0,13000903185.0,55.34226031543208
Small states,SST,1975,22990972084.0,20195896869.0,13.839817231837536
Small states,SST,1976,26244271977.0,22990972084.0,14.150336406454311
Small states,SST,1977,29802486041.0,26244271977.0,13.558059705822112
Small states,SST,1978,32042454157.0,29802486041.0,7.51604451024126
Small states,SST,1979,39764312931.0,32042454157.0,24.098836924802413
Small states,SST,1980,52929369092.0,39764312931.0,33.10771692156311
Small states,SST,1981,54690453043.0,52929369092.0,3.327233974655819
Small states,SST,1982,54430175683.0,54690453043.0,-0.47591004557113736
Small states,SST,1983,52658286981.0,54430175683.0,-3.2553426105391137
Small states,SST,1984,52176614051.0,52658286981.0,-0.9147143927674573
Small states,SST,1985,50257275477.0,52176614051.0,-3.6785418312578533
Small states,SST,1986,49329292753.0,50257275477.0,-1.8464644475697622
Small states,SST,1987,56349718833.0,49329292753.0,14.231759038493497
Small states,SST,1988,62054839423.0,56349718833.0,10.124488121951236
Small states,SST,1989,64562256113.0,62054839423.0,4.0406464883553594
Small states,SST,1990,74906851775.0,64562256113.0,16.022667553460934
Small states,SST,1991,76506139355.0,74906851775.0,2.1350351030688497
Small states,SST,1992,81410676569.0,76506139355.0,6.410645283304928
Small states,SST,1993,80324622896.0,81410676569.0,-1.3340432960036952
Small states,SST,1994,84517547649.0,80324622896.0,5.219974401160621
Small states,SST,1995,95833246427.0,84517547649.0,13.388579168191095
Small states,SST,1996,102000000000.0,95833246427.0,6.43487912902696
Small states,SST,1997,109000000000.0,102000000000.0,6.8627450980392135
Small states,SST,1998,109000000000.0,109000000000.0,0.0
Small states,SST,1999,117000000000.0,109000000000.0,7.339449541284404
Small states,SST,2000,130000000000.0,117000000000.0,11.111111111111116
Small states,SST,2001,130000000000.0,130000000000.0,0.0
Small states,SST,2002,139000000000.0,130000000000.0,6.923076923076921
Small states,SST,2003,166000000000.0,139000000000.0,19.424460431654666
Small states,SST,2004,200000000000.0,166000000000.0,20.481927710843383
Small states,SST,2005,238000000000.0,200000000000.0,18.999999999999993
Small states,SST,2006,277000000000.0,238000000000.0,16.38655462184875
Small states,SST,2007,332000000000.0,277000000000.0,19.85559566787003
Small states,SST,2008,400000000000.0,332000000000.0,20.481927710843383
Small states,SST,2009,343000000000.0,400000000000.0,-14.249999999999996
Small states,SST,2010,394000000000.0,343000000000.0,14.868804664723022
Small states,SST,2011,475000000000.0,394000000000.0,20.558375634517766
Small states,SST,2012,496000000000.0,475000000000.0,4.421052631578948
Small states,SST,2013,516000000000.0,496000000000.0,4.0322580645161255
Small states,SST,2014,533000000000.0,516000000000.0,3.2945736434108586
Small states,SST,2015,455000000000.0,533000000000.0,-14.634146341463417
Small states,SST,2016,447000000000.0,455000000000.0,-1.758241758241763
Small states,SST,2017,483000000000.0,447000000000.0,8.053691275167797
Small states,SST,2018,530000000000.0,483000000000.0,9.730848861283636
Small states,SST,2019,522000000000.0,530000000000.0,-1.5094339622641506
Small states,SST,2020,454000000000.0,522000000000.0,-13.026819923371647
Small states,SST,2021,541000000000.0,454000000000.0,19.16299559471366
Small states,SST,2022,633000000000.0,541000000000.0,17.00554528650646
Solomon Islands,SLB,1967,25203524.03,,
Solomon Islands,SLB,1968,28084252.76,25203524.03,11.429864833866255
Solomon Islands,SLB,1969,28606411.4,28084252.76,1.8592577287429135
Solomon Islands,SLB,1971,50056882.82,28606411.4,74.98483860859248
Solomon Islands,SLB,1972,40606712.05,50056882.82,-18.878863879682562
Solomon Islands,SLB,1973,55272108.84,40606712.05,36.11569627194184
Solomon Islands,SLB,1974,84539332.28,55272108.84,52.95116118098886
Solomon Islands,SLB,1975,74620352.59,84539332.28,-11.732976145526752
Solomon Islands,SLB,1976,83100800.46,74620352.59,11.364792011364022
Solomon Islands,SLB,1977,93145317.78,83100800.46,12.08714869700307
Solomon Islands,SLB,1978,111027384.8,93145317.78,19.198031040310216
Solomon Islands,SLB,1979,151276440.3,111027384.8,36.251466764260854
Solomon Islands,SLB,1980,182852054.2,151276440.3,20.87279013003056
Solomon Islands,SLB,1981,193750476.5,182852054.2,5.9602405604257225
Solomon Islands,SLB,1982,192901942.9,193750476.5,-0.43795174872769405
Solomon Islands,SLB,1983,181220349.8,192901942.9,-6.055715626490976
Solomon Islands,SLB,1984,181570454.3,181220349.8,0.1931927073236528
Solomon Islands,SLB,1985,165524980.9,181570454.3,-8.837050863731854
Solomon Islands,SLB,1986,147620047.5,165524980.9,-10.817058127810364
Solomon Islands,SLB,1987,155128568.1,147620047.5,5.08638272860602
Solomon Islands,SLB,1988,176494422.1,155128568.1,13.772997624929406
Solomon Islands,SLB,1989,172882435.8,176494422.1,-2.0465158371710257
Solomon Islands,SLB,1990,214877638.4,172882435.8,24.29119095046901
Solomon Islands,SLB,1991,227540473.3,214877638.4,5.893044522589097
Solomon Islands,SLB,1992,269034595.8,227540473.3,18.235930469078433
Solomon Islands,SLB,1993,300746329.7,269034595.8,11.787232718417528
Solomon Islands,SLB,1994,402836964.5,300746329.7,33.94576249752983
Solomon Islands,SLB,1995,469443201.5,402836964.5,16.534291256680334
Solomon Islands,SLB,1996,510586382.5,469443201.5,8.764251110365695
Solomon Islands,SLB,1997,526554053.2,510586382.5,3.1273201258946504
Solomon Islands,SLB,1998,457579824.4,526554053.2,-13.099173462026636
Solomon Islands,SLB,1999,488024548.0,457579824.4,6.6534235070177195
Solomon Islands,SLB,2000,419842688.0,488024548.0,-13.97098983635553
Solomon Islands,SLB,2001,409508556.6,419842688.0,-2.4614294104366996
Solomon Islands,SLB,2002,346406733.6,409508556.6,-15.409158608042627
Solomon Islands,SLB,2003,417668997.4,346406733.6,20.571847163423595
Solomon Islands,SLB,2004,468005324.5,417668997.4,12.051726944864228
Solomon Islands,SLB,2005,552864568.4,468005324.5,18.132110781145606
Solomon Islands,SLB,2006,617258127.2,552864568.4,11.647257299623348
Solomon Islands,SLB,2007,695295347.6,617258127.2,12.642558592787045
Solomon Islands,SLB,2008,776337725.2,695295347.6,11.655820491211365
Solomon Islands,SLB,2009,805557595.9,776337725.2,3.763809196889456
Solomon Islands,SLB,2010,898133646.6,805557595.9,11.492170289396931
Solomon Islands,SLB,2011,1063895357.0,898133646.6,18.45624100906498
Solomon Islands,SLB,2012,1185283422.0,1063895357.0,11.409774861908705
Solomon Islands,SLB,2013,1285911569.0,1185283422.0,8.489796206733757
Solomon Islands,SLB,2014,1335571357.0,1285911569.0,3.861835385664847
Solomon Islands,SLB,2015,1307909891.0,1335571357.0,-2.071133515631396
Solomon Islands,SLB,2016,1379490315.0,1307909891.0,5.472886510956121
Solomon Islands,SLB,2017,1469789050.0,1379490315.0,6.54580420160471
Solomon Islands,SLB,2018,1615478421.0,1469789050.0,9.912264008226224
Solomon Islands,SLB,2019,1619154958.0,1615478421.0,0.2275819319037531
Solomon Islands,SLB,2020,1536145831.0,1619154958.0,-5.126694427229738
Solomon Islands,SLB,2021,1580303517.0,1536145831.0,2.8745764307581467
Solomon Islands,SLB,2022,1595710784.0,1580303517.0,0.9749561925451289
Somalia,SOM,1960,180459936.6,,
Somalia,SOM,1961,191659914.2,180459936.6,6.2063512882781335
Somalia,SOM,1962,203531927.4,191659914.2,6.194312070708419
Somalia,SOM,1963,216145935.8,203531927.4,6.197557582801139
Somalia,SOM,1964,229529912.5,216145935.8,6.192101947447304
Somalia,SOM,1965,243725897.8,229529912.5,6.184808396160579
Somalia,SOM,1966,257375896.8,243725897.8,5.600553377056849
Somalia,SOM,1967,271781886.6,257375896.8,5.597256766897063
Somalia,SOM,1968,286719885.1,271781886.6,5.496318642450682
Somalia,SOM,1969,306357284.6,286719885.1,6.848984155093052
Somalia,SOM,1970,322600009.1,306357284.6,5.301889433185036
Somalia,SOM,1971,331104677.2,322600009.1,2.636288859298719
Somalia,SOM,1972,416940943.7,331104677.2,25.924208388077695
Somalia,SOM,1973,507028428.3,416940943.7,21.606773323950733
Somalia,SOM,1974,467577432.3,507028428.3,-7.780825255158574
Somalia,SOM,1975,710850226.6,467577432.3,52.02834386239474
Somalia,SOM,1976,807275808.9,710850226.6,13.564824022242195
Somalia,SOM,1977,498550873.0,807275808.9,-38.24280778593761
Somalia,SOM,1978,564986059.7,498550873.0,13.325658483001002
Somalia,SOM,1979,590419855.1,564986059.7,4.501667778051899
Somalia,SOM,1980,603592656.8,590419855.1,2.231090568214178
Somalia,SOM,1981,699112266.8,603592656.8,15.825177613393393
Somalia,SOM,1982,774419569.7,699112266.8,10.771846880144054
Somalia,SOM,1983,733901365.9,774419569.7,-5.232073850573826
Somalia,SOM,1984,788307213.4,733901365.9,7.413236986319127
Somalia,SOM,1985,876404617.7,788307213.4,11.175516702432864
Somalia,SOM,1986,930318705.3,876404617.7,6.15173477080595
Somalia,SOM,1987,1009792724.0,930318705.3,8.542665889360146
Somalia,SOM,1988,1038291284.0,1009792724.0,2.8222187903187868
Somalia,SOM,1989,1092392963.0,1038291284.0,5.210645589894014
Somalia,SOM,1990,917044228.0,1092392963.0,-16.051800124970228
Somalia,SOM,2013,4577000012.0,917044228.0,399.10351891991843
Somalia,SOM,2014,5024999992.0,4577000012.0,9.788070326096388
Somalia,SOM,2015,5335000000.0,5024999992.0,6.169154397881238
Somalia,SOM,2016,5534000000.0,5335000000.0,3.7300843486410606
Somalia,SOM,2017,5609000000.0,5534000000.0,1.3552584026020886
Somalia,SOM,2018,5856000006.0,5609000000.0,4.403637118916026
Somalia,SOM,2019,6485000000.0,5856000006.0,10.741120105114966
Somalia,SOM,2020,6883000000.0,6485000000.0,6.137239784117199
Somalia,SOM,2021,7628000011.0,6883000000.0,10.82376886532035
Somalia,SOM,2022,8126105600.0,7628000011.0,6.529963139508443
South Africa,ZAF,1960,8748596504.0,,
South Africa,ZAF,1961,9225996313.0,8748596504.0,5.456873097093062
South Africa,ZAF,1962,9813996078.0,9225996313.0,6.373292867800862
South Africa,ZAF,1963,10854195663.0,9813996078.0,10.599144087002554
South Africa,ZAF,1964,11955995222.0,10854195663.0,10.150909318466006
South Africa,ZAF,1965,13068994778.0,11955995222.0,9.309133496072253
South Africa,ZAF,1966,14211394321.0,13068994778.0,8.741296193055991
South Africa,ZAF,1967,15821393678.0,14211394321.0,11.328933112642758
South Africa,ZAF,1968,17124793157.0,15821393678.0,8.23820900691199
South Africa,ZAF,1969,19256992305.0,17124793157.0,12.45094833235072
South Africa,ZAF,1970,21218391521.0,19256992305.0,10.18538713073449
South Africa,ZAF,1971,23411079377.0,21218391521.0,10.333902331050314
South Africa,ZAF,1972,24515911652.0,23411079377.0,4.719270979386936
South Africa,ZAF,1973,33262767310.0,24515911652.0,35.67828022127186
South Africa,ZAF,1974,41389185877.0,33262767310.0,24.430975604837602
South Africa,ZAF,1975,42906919870.0,41389185877.0,3.666981992616103
South Africa,ZAF,1976,41150449964.0,42906919870.0,-4.09367512588128
South Africa,ZAF,1977,45328399961.0,41150449964.0,10.152865887627073
South Africa,ZAF,1978,51607399955.0,45328399961.0,13.852242742744881
South Africa,ZAF,1979,63038687890.0,51607399955.0,22.1504821885383
South Africa,ZAF,1980,89411894564.0,63038687890.0,41.836541268149794
South Africa,ZAF,1981,93141478239.0,89411894564.0,4.171238841528413
South Africa,ZAF,1982,85904070615.0,93141478239.0,-7.770337942703565
South Africa,ZAF,1983,96204110963.0,85904070615.0,11.990165628078486
South Africa,ZAF,1984,84870134616.0,96204110963.0,-11.781176743433585
South Africa,ZAF,1985,64459376104.0,84870134616.0,-24.049400421419975
South Africa,ZAF,1986,73354782108.0,64459376104.0,13.8000187740694
South Africa,ZAF,1987,96535747614.0,73354782108.0,31.60116469553511
South Africa,ZAF,1988,104000000000.0,96535747614.0,7.7321122697945555
South Africa,ZAF,1989,108000000000.0,104000000000.0,3.8461538461538547
South Africa,ZAF,1990,126000000000.0,108000000000.0,16.666666666666675
South Africa,ZAF,1991,135000000000.0,126000000000.0,7.14285714285714
South Africa,ZAF,1992,147000000000.0,135000000000.0,8.888888888888879
South Africa,ZAF,1993,147000000000.0,147000000000.0,0.0
South Africa,ZAF,1994,154000000000.0,147000000000.0,4.761904761904767
South Africa,ZAF,1995,172000000000.0,154000000000.0,11.688311688311682
South Africa,ZAF,1996,163000000000.0,172000000000.0,-5.232558139534882
South Africa,ZAF,1997,169000000000.0,163000000000.0,3.6809815950920255
South Africa,ZAF,1998,153000000000.0,169000000000.0,-9.467455621301779
South Africa,ZAF,1999,152000000000.0,153000000000.0,-0.6535947712418277
South Africa,ZAF,2000,152000000000.0,152000000000.0,0.0
South Africa,ZAF,2001,135000000000.0,152000000000.0,-11.184210526315786
South Africa,ZAF,2002,129000000000.0,135000000000.0,-4.444444444444439
South Africa,ZAF,2003,197000000000.0,129000000000.0,52.71317829457365
South Africa,ZAF,2004,256000000000.0,197000000000.0,29.949238578680195
South Africa,ZAF,2005,289000000000.0,256000000000.0,12.890625
South Africa,ZAF,2006,304000000000.0,289000000000.0,5.190311418685112
South Africa,ZAF,2007,333000000000.0,304000000000.0,9.539473684210531
South Africa,ZAF,2008,316000000000.0,333000000000.0,-5.1051051051051015
South Africa,ZAF,2009,330000000000.0,316000000000.0,4.430379746835444
South Africa,ZAF,2010,417000000000.0,330000000000.0,26.363636363636367
South Africa,ZAF,2011,458000000000.0,417000000000.0,9.832134292565954
South Africa,ZAF,2012,434000000000.0,458000000000.0,-5.2401746724890845
South Africa,ZAF,2013,401000000000.0,434000000000.0,-7.603686635944696
South Africa,ZAF,2014,381000000000.0,401000000000.0,-4.987531172069826
South Africa,ZAF,2015,347000000000.0,381000000000.0,-8.923884514435699
South Africa,ZAF,2016,324000000000.0,347000000000.0,-6.628242074927959
South Africa,ZAF,2017,381000000000.0,324000000000.0,17.59259259259258
South Africa,ZAF,2018,404000000000.0,381000000000.0,6.036745406824151
South Africa,ZAF,2019,389000000000.0,404000000000.0,-3.712871287128716
South Africa,ZAF,2020,338000000000.0,389000000000.0,-13.110539845758352
South Africa,ZAF,2021,419000000000.0,338000000000.0,23.964497041420117
South Africa,ZAF,2022,406000000000.0,419000000000.0,-3.1026252983293534
South Asia,SAS,1960,47156704039.0,,
South Asia,SAS,1961,50316837320.0,47156704039.0,6.701344687674693
South Asia,SAS,1962,53705580293.0,50316837320.0,6.7348091682484235
South Asia,SAS,1963,60408326895.0,53705580293.0,12.480540318961308
South Asia,SAS,1964,69158968714.0,60408326895.0,14.48582052969305
South Asia,SAS,1965,74274468930.0,69158968714.0,7.396727150681848
South Asia,SAS,1966,62456580600.0,74274468930.0,-15.911104448471757
South Asia,SAS,1967,68712964033.0,62456580600.0,10.01717252673291
South Asia,SAS,1968,72018446517.0,68712964033.0,4.810565998015326
South Asia,SAS,1969,79171992804.0,72018446517.0,9.932936119791759
South Asia,SAS,1970,85711844745.0,79171992804.0,8.260309876486517
South Asia,SAS,1971,91169238617.0,85711844745.0,6.3671408406110075
South Asia,SAS,1972,91653327298.0,91169238617.0,0.5309780890390581
South Asia,SAS,1973,105000000000.0,91653327298.0,14.562125670140546
South Asia,SAS,1974,127000000000.0,105000000000.0,20.952380952380945
South Asia,SAS,1975,136000000000.0,127000000000.0,7.086614173228356
South Asia,SAS,1976,133000000000.0,136000000000.0,-2.2058823529411797
South Asia,SAS,1977,154000000000.0,133000000000.0,15.789473684210531
South Asia,SAS,1978,175000000000.0,154000000000.0,13.636363636363647
South Asia,SAS,1979,196000000000.0,175000000000.0,12.00000000000001
South Asia,SAS,1980,236000000000.0,196000000000.0,20.408163265306122
South Asia,SAS,1981,250000000000.0,236000000000.0,5.932203389830515
South Asia,SAS,1982,259000000000.0,250000000000.0,3.600000000000003
South Asia,SAS,1983,274000000000.0,259000000000.0,5.791505791505802
South Asia,SAS,1984,273000000000.0,274000000000.0,-0.36496350364964014
South Asia,SAS,1985,297000000000.0,273000000000.0,8.791208791208781
South Asia,SAS,1986,314000000000.0,297000000000.0,5.723905723905731
South Asia,SAS,1987,349000000000.0,314000000000.0,11.146496815286632
South Asia,SAS,1988,375000000000.0,349000000000.0,7.449856733524363
South Asia,SAS,1989,378000000000.0,375000000000.0,0.8000000000000007
South Asia,SAS,1990,407000000000.0,378000000000.0,7.671957671957674
South Asia,SAS,1991,362000000000.0,407000000000.0,-11.056511056511054
South Asia,SAS,1992,385000000000.0,362000000000.0,6.353591160220984
South Asia,SAS,1993,381000000000.0,385000000000.0,-1.0389610389610393
South Asia,SAS,1994,432000000000.0,381000000000.0,13.38582677165354
South Asia,SAS,1995,480000000000.0,432000000000.0,11.111111111111116
South Asia,SAS,1996,525000000000.0,480000000000.0,9.375
South Asia,SAS,1997,551000000000.0,525000000000.0,4.9523809523809526
South Asia,SAS,1998,558000000000.0,551000000000.0,1.2704174228675091
South Asia,SAS,1999,598000000000.0,558000000000.0,7.168458781362008
South Asia,SAS,2000,630000000000.0,598000000000.0,5.351170568561869
South Asia,SAS,2001,646000000000.0,630000000000.0,2.5396825396825307
South Asia,SAS,2002,677000000000.0,646000000000.0,4.798761609907132
South Asia,SAS,2003,791000000000.0,677000000000.0,16.838995568685377
South Asia,SAS,2004,917000000000.0,791000000000.0,15.92920353982301
South Asia,SAS,2005,1050000000000.0,917000000000.0,14.50381679389312
South Asia,SAS,2006,1200000000000.0,1050000000000.0,14.28571428571428
South Asia,SAS,2007,1500000000000.0,1200000000000.0,25.0
South Asia,SAS,2008,1530000000000.0,1500000000000.0,2.0000000000000018
South Asia,SAS,2009,1680000000000.0,1530000000000.0,9.80392156862746
South Asia,SAS,2010,2060000000000.0,1680000000000.0,22.619047619047628
South Asia,SAS,2011,2280000000000.0,2060000000000.0,10.679611650485432
South Asia,SAS,2012,2300000000000.0,2280000000000.0,0.8771929824561431
South Asia,SAS,2013,2360000000000.0,2300000000000.0,2.60869565217392
South Asia,SAS,2014,2590000000000.0,2360000000000.0,9.745762711864403
South Asia,SAS,2015,2700000000000.0,2590000000000.0,4.247104247104239
South Asia,SAS,2016,3010000000000.0,2700000000000.0,11.481481481481492
South Asia,SAS,2017,3430000000000.0,3010000000000.0,13.953488372093027
South Asia,SAS,2018,3530000000000.0,3430000000000.0,2.9154518950437414
South Asia,SAS,2019,3660000000000.0,3530000000000.0,3.682719546742219
South Asia,SAS,2020,3490000000000.0,3660000000000.0,-4.6448087431694045
South Asia,SAS,2021,4060000000000.0,3490000000000.0,16.33237822349569
South Asia,SAS,2022,4360000000000.0,4060000000000.0,7.389162561576357
South Asia (IDA & IBRD),TSA,1960,47156704039.0,,
South Asia (IDA & IBRD),TSA,1961,50316837320.0,47156704039.0,6.701344687674693
South Asia (IDA & IBRD),TSA,1962,53705580293.0,50316837320.0,6.7348091682484235
South Asia (IDA & IBRD),TSA,1963,60408326895.0,53705580293.0,12.480540318961308
South Asia (IDA & IBRD),TSA,1964,69158968714.0,60408326895.0,14.48582052969305
South Asia (IDA & IBRD),TSA,1965,74274468930.0,69158968714.0,7.396727150681848
South Asia (IDA & IBRD),TSA,1966,62456580600.0,74274468930.0,-15.911104448471757
South Asia (IDA & IBRD),TSA,1967,68712964033.0,62456580600.0,10.01717252673291
South Asia (IDA & IBRD),TSA,1968,72018446517.0,68712964033.0,4.810565998015326
South Asia (IDA & IBRD),TSA,1969,79171992804.0,72018446517.0,9.932936119791759
South Asia (IDA & IBRD),TSA,1970,85711844745.0,79171992804.0,8.260309876486517
South Asia (IDA & IBRD),TSA,1971,91169238617.0,85711844745.0,6.3671408406110075
South Asia (IDA & IBRD),TSA,1972,91653327298.0,91169238617.0,0.5309780890390581
South Asia (IDA & IBRD),TSA,1973,105000000000.0,91653327298.0,14.562125670140546
South Asia (IDA & IBRD),TSA,1974,127000000000.0,105000000000.0,20.952380952380945
South Asia (IDA & IBRD),TSA,1975,136000000000.0,127000000000.0,7.086614173228356
South Asia (IDA & IBRD),TSA,1976,133000000000.0,136000000000.0,-2.2058823529411797
South Asia (IDA & IBRD),TSA,1977,154000000000.0,133000000000.0,15.789473684210531
South Asia (IDA & IBRD),TSA,1978,175000000000.0,154000000000.0,13.636363636363647
South Asia (IDA & IBRD),TSA,1979,196000000000.0,175000000000.0,12.00000000000001
South Asia (IDA & IBRD),TSA,1980,236000000000.0,196000000000.0,20.408163265306122
South Asia (IDA & IBRD),TSA,1981,250000000000.0,236000000000.0,5.932203389830515
South Asia (IDA & IBRD),TSA,1982,259000000000.0,250000000000.0,3.600000000000003
South Asia (IDA & IBRD),TSA,1983,274000000000.0,259000000000.0,5.791505791505802
South Asia (IDA & IBRD),TSA,1984,273000000000.0,274000000000.0,-0.36496350364964014
South Asia (IDA & IBRD),TSA,1985,297000000000.0,273000000000.0,8.791208791208781
South Asia (IDA & IBRD),TSA,1986,314000000000.0,297000000000.0,5.723905723905731
South Asia (IDA & IBRD),TSA,1987,349000000000.0,314000000000.0,11.146496815286632
South Asia (IDA & IBRD),TSA,1988,375000000000.0,349000000000.0,7.449856733524363
South Asia (IDA & IBRD),TSA,1989,378000000000.0,375000000000.0,0.8000000000000007
South Asia (IDA & IBRD),TSA,1990,407000000000.0,378000000000.0,7.671957671957674
South Asia (IDA & IBRD),TSA,1991,362000000000.0,407000000000.0,-11.056511056511054
South Asia (IDA & IBRD),TSA,1992,385000000000.0,362000000000.0,6.353591160220984
South Asia (IDA & IBRD),TSA,1993,381000000000.0,385000000000.0,-1.0389610389610393
South Asia (IDA & IBRD),TSA,1994,432000000000.0,381000000000.0,13.38582677165354
South Asia (IDA & IBRD),TSA,1995,480000000000.0,432000000000.0,11.111111111111116
South Asia (IDA & IBRD),TSA,1996,525000000000.0,480000000000.0,9.375
South Asia (IDA & IBRD),TSA,1997,551000000000.0,525000000000.0,4.9523809523809526
South Asia (IDA & IBRD),TSA,1998,558000000000.0,551000000000.0,1.2704174228675091
South Asia (IDA & IBRD),TSA,1999,598000000000.0,558000000000.0,7.168458781362008
South Asia (IDA & IBRD),TSA,2000,630000000000.0,598000000000.0,5.351170568561869
South Asia (IDA & IBRD),TSA,2001,646000000000.0,630000000000.0,2.5396825396825307
South Asia (IDA & IBRD),TSA,2002,677000000000.0,646000000000.0,4.798761609907132
South Asia (IDA & IBRD),TSA,2003,791000000000.0,677000000000.0,16.838995568685377
South Asia (IDA & IBRD),TSA,2004,917000000000.0,791000000000.0,15.92920353982301
South Asia (IDA & IBRD),TSA,2005,1050000000000.0,917000000000.0,14.50381679389312
South Asia (IDA & IBRD),TSA,2006,1200000000000.0,1050000000000.0,14.28571428571428
South Asia (IDA & IBRD),TSA,2007,1500000000000.0,1200000000000.0,25.0
South Asia (IDA & IBRD),TSA,2008,1530000000000.0,1500000000000.0,2.0000000000000018
South Asia (IDA & IBRD),TSA,2009,1680000000000.0,1530000000000.0,9.80392156862746
South Asia (IDA & IBRD),TSA,2010,2060000000000.0,1680000000000.0,22.619047619047628
South Asia (IDA & IBRD),TSA,2011,2280000000000.0,2060000000000.0,10.679611650485432
South Asia (IDA & IBRD),TSA,2012,2300000000000.0,2280000000000.0,0.8771929824561431
South Asia (IDA & IBRD),TSA,2013,2360000000000.0,2300000000000.0,2.60869565217392
South Asia (IDA & IBRD),TSA,2014,2590000000000.0,2360000000000.0,9.745762711864403
South Asia (IDA & IBRD),TSA,2015,2700000000000.0,2590000000000.0,4.247104247104239
South Asia (IDA & IBRD),TSA,2016,3010000000000.0,2700000000000.0,11.481481481481492
South Asia (IDA & IBRD),TSA,2017,3430000000000.0,3010000000000.0,13.953488372093027
South Asia (IDA & IBRD),TSA,2018,3530000000000.0,3430000000000.0,2.9154518950437414
South Asia (IDA & IBRD),TSA,2019,3660000000000.0,3530000000000.0,3.682719546742219
South Asia (IDA & IBRD),TSA,2020,3490000000000.0,3660000000000.0,-4.6448087431694045
South Asia (IDA & IBRD),TSA,2021,4060000000000.0,3490000000000.0,16.33237822349569
South Asia (IDA & IBRD),TSA,2022,4360000000000.0,4060000000000.0,7.389162561576357
South Sudan,SSD,2008,14586253383.0,,
South Sudan,SSD,2009,12231264525.0,14586253383.0,-16.145262228508205
South Sudan,SSD,2010,14602072411.0,12231264525.0,19.383178911339915
South Sudan,SSD,2011,14907308933.0,14602072411.0,2.090364390811139
South Sudan,SSD,2012,11931472169.0,14907308933.0,-19.962266679886486
South Sudan,SSD,2013,18426469017.0,11931472169.0,54.435837891614995
South Sudan,SSD,2014,13962212847.0,18426469017.0,-24.227409851997905
South Sudan,SSD,2015,11997800760.0,13962212847.0,-14.069489618345743
Spain,ESP,1960,12072126075.0,,
Spain,ESP,1961,13834300571.0,12072126075.0,14.597051795617544
Spain,ESP,1962,16138545209.0,13834300571.0,16.656025551665742
Spain,ESP,1963,19074913948.0,16138545209.0,18.19475486156257
Spain,ESP,1964,21343844644.0,19074913948.0,11.8948410576599
Spain,ESP,1965,24756958695.0,21343844644.0,15.99109301968924
Spain,ESP,1966,28721062242.0,24756958695.0,16.01207804172087
Spain,ESP,1967,31647119228.0,28721062242.0,10.187843894301052
Spain,ESP,1968,31475548481.0,31647119228.0,-0.5421370133689818
Spain,ESP,1969,36038711600.0,31475548481.0,14.49748563318769
Spain,ESP,1970,40992995008.0,36038711600.0,13.747115776469654
Spain,ESP,1971,46619420359.0,40992995008.0,13.725333681771668
Spain,ESP,1972,59132415221.0,46619420359.0,26.84073453861451
Spain,ESP,1973,78639525985.0,59132415221.0,32.9888618469153
Spain,ESP,1974,97274006346.0,78639525985.0,23.696074114885192
Spain,ESP,1975,115000000000.0,97274006346.0,18.22274451300927
Spain,ESP,1976,119000000000.0,115000000000.0,3.4782608695652195
Spain,ESP,1977,132000000000.0,119000000000.0,10.924369747899165
Spain,ESP,1978,161000000000.0,132000000000.0,21.969696969696972
Spain,ESP,1979,215000000000.0,161000000000.0,33.54037267080745
Spain,ESP,1980,233000000000.0,215000000000.0,8.372093023255811
Spain,ESP,1981,203000000000.0,233000000000.0,-12.8755364806867
Spain,ESP,1982,196000000000.0,203000000000.0,-3.4482758620689613
Spain,ESP,1983,171000000000.0,196000000000.0,-12.755102040816324
Spain,ESP,1984,172000000000.0,171000000000.0,0.5847953216374213
Spain,ESP,1985,181000000000.0,172000000000.0,5.232558139534893
Spain,ESP,1986,251000000000.0,181000000000.0,38.67403314917126
Spain,ESP,1987,319000000000.0,251000000000.0,27.091633466135455
Spain,ESP,1988,376000000000.0,319000000000.0,17.868338557993724
Spain,ESP,1989,415000000000.0,376000000000.0,10.372340425531924
Spain,ESP,1990,537000000000.0,415000000000.0,29.39759036144578
Spain,ESP,1991,577000000000.0,537000000000.0,7.448789571694592
Spain,ESP,1992,631000000000.0,577000000000.0,9.358752166377826
Spain,ESP,1993,525000000000.0,631000000000.0,-16.798732171156892
Spain,ESP,1994,531000000000.0,525000000000.0,1.1428571428571344
Spain,ESP,1995,615000000000.0,531000000000.0,15.819209039548031
Spain,ESP,1996,643000000000.0,615000000000.0,4.552845528455274
Spain,ESP,1997,590000000000.0,643000000000.0,-8.242612752721612
Spain,ESP,1998,619000000000.0,590000000000.0,4.915254237288136
Spain,ESP,1999,635000000000.0,619000000000.0,2.5848142164781818
Spain,ESP,2000,598000000000.0,635000000000.0,-5.826771653543306
Spain,ESP,2001,628000000000.0,598000000000.0,5.0167224080267525
Spain,ESP,2002,709000000000.0,628000000000.0,12.898089171974526
Spain,ESP,2003,907000000000.0,709000000000.0,27.926657263751764
Spain,ESP,2004,1070000000000.0,907000000000.0,17.971334068357226
Spain,ESP,2005,1150000000000.0,1070000000000.0,7.476635514018692
Spain,ESP,2006,1260000000000.0,1150000000000.0,9.565217391304337
Spain,ESP,2007,1470000000000.0,1260000000000.0,16.666666666666675
Spain,ESP,2008,1630000000000.0,1470000000000.0,10.88435374149659
Spain,ESP,2009,1490000000000.0,1630000000000.0,-8.588957055214719
Spain,ESP,2010,1420000000000.0,1490000000000.0,-4.697986577181212
Spain,ESP,2011,1480000000000.0,1420000000000.0,4.225352112676051
Spain,ESP,2012,1320000000000.0,1480000000000.0,-10.81081081081081
Spain,ESP,2013,1360000000000.0,1320000000000.0,3.0303030303030276
Spain,ESP,2014,1370000000000.0,1360000000000.0,0.7352941176470562
Spain,ESP,2015,1200000000000.0,1370000000000.0,-12.408759124087588
Spain,ESP,2016,1230000000000.0,1200000000000.0,2.499999999999991
Spain,ESP,2017,1310000000000.0,1230000000000.0,6.5040650406503975
Spain,ESP,2018,1420000000000.0,1310000000000.0,8.3969465648855
Spain,ESP,2019,1390000000000.0,1420000000000.0,-2.1126760563380254
Spain,ESP,2020,1280000000000.0,1390000000000.0,-7.913669064748197
Spain,ESP,2021,1430000000000.0,1280000000000.0,11.71875
Spain,ESP,2022,1400000000000.0,1430000000000.0,-2.0979020979020935
Sri Lanka,LKA,1960,1409873950.0,,
Sri Lanka,LKA,1961,1444327731.0,1409873950.0,2.44374903160669
Sri Lanka,LKA,1962,1434156379.0,1444327731.0,-0.7042274257905268
Sri Lanka,LKA,1963,1240672269.0,1434156379.0,-13.491144538569177
Sri Lanka,LKA,1964,1309747899.0,1240672269.0,5.567596836485755
Sri Lanka,LKA,1965,1698319328.0,1309747899.0,29.667650491875296
Sri Lanka,LKA,1966,1751470588.0,1698319328.0,3.129638762493081
Sri Lanka,LKA,1967,1859465021.0,1751470588.0,6.165929005026483
Sri Lanka,LKA,1968,1801344538.0,1859465021.0,-3.1256561615094824
Sri Lanka,LKA,1969,1965546218.0,1801344538.0,9.115506586114286
Sri Lanka,LKA,1970,2296470588.0,1965546218.0,16.836254826748622
Sri Lanka,LKA,1971,2369308600.0,2296470588.0,3.1717372031938362
Sri Lanka,LKA,1972,2553936348.0,2369308600.0,7.79247363555764
Sri Lanka,LKA,1973,2875625000.0,2553936348.0,12.595797551959986
Sri Lanka,LKA,1974,3574586466.0,2875625000.0,24.30641916105194
Sri Lanka,LKA,1975,3791298146.0,3574586466.0,6.062566455204621
Sri Lanka,LKA,1976,3591319857.0,3791298146.0,-5.274665333587302
Sri Lanka,LKA,1977,4104509583.0,3591319857.0,14.28972484864357
Sri Lanka,LKA,1978,2733183857.0,4104509583.0,-33.41022108170334
Sri Lanka,LKA,1979,3364611432.0,2733183857.0,23.10227222302814
Sri Lanka,LKA,1980,4024621900.0,3364611432.0,19.616246373141365
Sri Lanka,LKA,1981,4415844156.0,4024621900.0,9.720720746463174
Sri Lanka,LKA,1982,4768765017.0,4415844156.0,7.992149372401891
Sri Lanka,LKA,1983,5167913302.0,4768765017.0,8.370055634469109
Sri Lanka,LKA,1984,6043474843.0,5167913302.0,16.942264504730666
Sri Lanka,LKA,1985,5978460972.0,6043474843.0,-1.0757696968872743
Sri Lanka,LKA,1986,6405210564.0,5978460972.0,7.138117886838646
Sri Lanka,LKA,1987,6682167120.0,6405210564.0,4.323925860558164
Sri Lanka,LKA,1988,6978371581.0,6682167120.0,4.432760445536421
Sri Lanka,LKA,1989,6987267684.0,6978371581.0,0.12748107343869552
Sri Lanka,LKA,1990,8032551173.0,6987267684.0,14.959831743580864
Sri Lanka,LKA,1991,9000362582.0,8032551173.0,12.048618031256698
Sri Lanka,LKA,1992,9703011636.0,9000362582.0,7.80689719551122
Sri Lanka,LKA,1993,10338679636.0,9703011636.0,6.55124433368246
Sri Lanka,LKA,1994,11717604209.0,10338679636.0,13.337530724895363
Sri Lanka,LKA,1995,13029697561.0,11717604209.0,11.197624775482806
Sri Lanka,LKA,1996,13897738375.0,13029697561.0,6.662018131550407
Sri Lanka,LKA,1997,15091913884.0,13897738375.0,8.592588785151879
Sri Lanka,LKA,1998,15794972847.0,15091913884.0,4.658514277273751
Sri Lanka,LKA,1999,15656327860.0,15794972847.0,-0.8777792044532329
Sri Lanka,LKA,2000,16330814180.0,15656327860.0,4.30807483102873
Sri Lanka,LKA,2001,15749753805.0,16330814180.0,-3.558061273586788
Sri Lanka,LKA,2002,16536535647.0,15749753805.0,4.99551835375498
Sri Lanka,LKA,2003,18881765437.0,16536535647.0,14.18211069151878
Sri Lanka,LKA,2004,20662525941.0,18881765437.0,9.431112307488409
Sri Lanka,LKA,2005,24405791045.0,20662525941.0,18.116202804480718
Sri Lanka,LKA,2006,28279802451.0,24405791045.0,15.873328583601332
Sri Lanka,LKA,2007,32350238663.0,28279802451.0,14.393439342629023
Sri Lanka,LKA,2008,40713826321.0,32350238663.0,25.85324870436181
Sri Lanka,LKA,2009,42066223971.0,40713826321.0,3.321715918659396
Sri Lanka,LKA,2010,58636160849.0,42066223971.0,39.390121845552706
Sri Lanka,LKA,2011,67753284135.0,58636160849.0,15.548636121451477
Sri Lanka,LKA,2012,70447217164.0,67753284135.0,3.9760921752992395
Sri Lanka,LKA,2013,77000578207.0,70447217164.0,9.302512301861231
Sri Lanka,LKA,2014,82528535573.0,77000578207.0,7.17911150113606
Sri Lanka,LKA,2015,85140955517.0,82528535573.0,3.165474736540319
Sri Lanka,LKA,2016,88012281910.0,85140955517.0,3.3724385350910158
Sri Lanka,LKA,2017,94376237832.0,88012281910.0,7.230758916701752
Sri Lanka,LKA,2018,94493871351.0,94376237832.0,0.12464315351221611
Sri Lanka,LKA,2019,89014978319.0,94493871351.0,-5.798146433908402
Sri Lanka,LKA,2020,84440535699.0,89014978319.0,-5.138958303856144
Sri Lanka,LKA,2021,88496535599.0,84440535699.0,4.803380114093758
Sri Lanka,LKA,2022,74403578363.0,88496535599.0,-15.924868855724162
St. Kitts and Nevis,KNA,1960,12366635.74,,
St. Kitts and Nevis,KNA,1961,12483302.12,12366635.74,0.9433962676093088
St. Kitts and Nevis,KNA,1962,12541635.31,12483302.12,0.46728973984009325
St. Kitts and Nevis,KNA,1963,12833301.24,12541635.31,2.325581336011595
St. Kitts and Nevis,KNA,1964,13416633.12,12833301.24,4.545454587957587
St. Kitts and Nevis,KNA,1965,13593932.32,13416633.12,1.3214880247094385
St. Kitts and Nevis,KNA,1966,14469078.18,13593932.32,6.437768258654963
St. Kitts and Nevis,KNA,1967,16742338.25,14469078.18,15.71116032217057
St. Kitts and Nevis,KNA,1968,14599999.99,16742338.25,-12.795932252772403
St. Kitts and Nevis,KNA,1969,15849999.99,14599999.99,8.56164384148057
St. Kitts and Nevis,KNA,1970,16299999.99,15849999.99,2.8391167210341406
St. Kitts and Nevis,KNA,1971,19624746.45,16299999.99,20.397217558525902
St. Kitts and Nevis,KNA,1972,22944849.12,19624746.45,16.917939186928965
St. Kitts and Nevis,KNA,1973,24196018.38,22944849.12,5.452941762469066
St. Kitts and Nevis,KNA,1974,31514856.31,24196018.38,30.248108655966387
St. Kitts and Nevis,KNA,1975,33364055.3,31514856.31,5.867705604652351
St. Kitts and Nevis,KNA,1976,30095602.29,33364055.3,-9.79633015414646
St. Kitts and Nevis,KNA,1977,44496296.3,30095602.29,47.849828261403424
St. Kitts and Nevis,KNA,1978,49433333.33,44496296.3,11.095388696429541
St. Kitts and Nevis,KNA,1979,58840740.74,49433333.33,19.03049375044037
St. Kitts and Nevis,KNA,1980,68459259.26,58840740.74,16.346698561293472
St. Kitts and Nevis,KNA,1981,80888888.89,68459259.26,18.156243237739055
St. Kitts and Nevis,KNA,1982,86022222.22,80888888.89,6.34615384194579
St. Kitts and Nevis,KNA,1983,86874074.07,86022222.22,0.9902695234045522
St. Kitts and Nevis,KNA,1984,98603703.7,86874074.07,13.501875853719824
St. Kitts and Nevis,KNA,1985,111007407.4,98603703.7,12.579348680185532
St. Kitts and Nevis,KNA,1986,130685185.2,111007407.4,17.726544796325005
St. Kitts and Nevis,KNA,1987,147748148.1,130685185.2,13.056539556405667
St. Kitts and Nevis,KNA,1988,172692592.6,147748148.1,16.883084370788136
St. Kitts and Nevis,KNA,1989,192518518.5,172692592.6,11.480472671993457
St. Kitts and Nevis,KNA,1990,217259259.3,192518518.5,12.851096607623248
St. Kitts and Nevis,KNA,1991,220540740.7,217259259.3,1.5103988711794303
St. Kitts and Nevis,KNA,1992,242137037.0,220540740.7,9.792429385814616
St. Kitts and Nevis,KNA,1993,263755555.6,242137037.0,8.928216380214483
St. Kitts and Nevis,KNA,1994,295159259.3,263755555.6,11.90636672223333
St. Kitts and Nevis,KNA,1995,313485185.2,295159259.3,6.20882636155875
St. Kitts and Nevis,KNA,1996,333944444.4,313485185.2,6.526387901535835
St. Kitts and Nevis,KNA,1997,374641308.0,333944444.4,12.186716767551054
St. Kitts and Nevis,KNA,1998,383257331.4,374641308.0,2.299806032067342
St. Kitts and Nevis,KNA,1999,406595484.4,383257331.4,6.089421150731322
St. Kitts and Nevis,KNA,2000,421695769.8,406595484.4,3.71383499801603
St. Kitts and Nevis,KNA,2001,458643829.0,421695769.8,8.761780849147138
St. Kitts and Nevis,KNA,2002,481077373.7,458643829.0,4.891277998640642
St. Kitts and Nevis,KNA,2003,469869869.9,481077373.7,-2.3296676195353583
St. Kitts and Nevis,KNA,2004,506900000.0,469869869.9,7.88093309917508
St. Kitts and Nevis,KNA,2005,547203703.7,506900000.0,7.951016709410141
St. Kitts and Nevis,KNA,2006,644414814.8,547203703.7,17.765068189906685
St. Kitts and Nevis,KNA,2007,689285185.2,644414814.8,6.962963819186263
St. Kitts and Nevis,KNA,2008,777691333.3,689285185.2,12.825772263529544
St. Kitts and Nevis,KNA,2009,774273111.1,777691333.3,-0.4395345625744951
St. Kitts and Nevis,KNA,2010,778718518.5,774273111.1,0.5741394523806287
St. Kitts and Nevis,KNA,2011,836092592.6,778718518.5,7.367755194844516
St. Kitts and Nevis,KNA,2012,825381481.5,836092592.6,-1.2810914957028463
St. Kitts and Nevis,KNA,2013,874896296.3,825381481.5,5.999021774757374
St. Kitts and Nevis,KNA,2014,953170370.4,874896296.3,8.94666881446713
St. Kitts and Nevis,KNA,2015,957037037.0,953170370.4,0.4056637428183407
St. Kitts and Nevis,KNA,2016,1008100000.0,957037037.0,5.335526319865935
St. Kitts and Nevis,KNA,2017,1058944444.0,1008100000.0,5.043591310385875
St. Kitts and Nevis,KNA,2018,1076922222.0,1058944444.0,1.6977073822769917
St. Kitts and Nevis,KNA,2019,1107844444.0,1076922222.0,2.871351465157157
St. Kitts and Nevis,KNA,2020,884522222.2,1107844444.0,-20.158265269956978
St. Kitts and Nevis,KNA,2021,860844444.4,884522222.2,-2.676900275168692
St. Kitts and Nevis,KNA,2022,961563259.3,860844444.4,11.700001731462638
St. Lucia,LCA,1980,170370370.4,,
St. Lucia,LCA,1981,194444444.4,170370370.4,14.13043473667297
St. Lucia,LCA,1982,183333333.3,194444444.4,-5.714285709877542
St. Lucia,LCA,1983,197037037.0,183333333.3,7.4747474740863185
St. Lucia,LCA,1984,251481481.5,197037037.0,27.63157898075781
St. Lucia,LCA,1985,284444444.4,251481481.5,13.107511019653352
St. Lucia,LCA,1986,340000000.0,284444444.4,19.531250018676772
St. Lucia,LCA,1987,375555555.6,340000000.0,10.457516352941187
St. Lucia,LCA,1988,429629629.6,375555555.6,14.398422069301953
St. Lucia,LCA,1989,486666666.7,429629629.6,13.27586208453626
St. Lucia,LCA,1990,579629629.6,486666666.7,19.101978676773832
St. Lucia,LCA,1991,613703703.7,579629629.6,5.878594253974634
St. Lucia,LCA,1992,674074074.1,613703703.7,9.837054923414822
St. Lucia,LCA,1993,684814814.8,674074074.1,1.593406587301338
St. Lucia,LCA,1994,713703703.7,684814814.8,4.2184964863000385
St. Lucia,LCA,1995,762962963.0,713703703.7,6.901920088774793
St. Lucia,LCA,1996,788888888.9,762962963.0,3.3980582488641664
St. Lucia,LCA,1997,805925925.9,788888888.9,2.15962440842028
St. Lucia,LCA,1998,877407407.4,805925925.9,8.869485296700773
St. Lucia,LCA,1999,921851851.9,877407407.4,5.065428457197685
St. Lucia,LCA,2000,932592592.6,921851851.9,1.165126552369844
St. Lucia,LCA,2001,892592592.6,932592592.6,-4.289118347861088
St. Lucia,LCA,2002,900000000.0,892592592.6,0.8298755178354433
St. Lucia,LCA,2003,987407407.4,900000000.0,9.711934155555557
St. Lucia,LCA,2004,1066666667.0,987407407.4,8.027006786256763
St. Lucia,LCA,2005,1135555556.0,1066666667.0,6.458333341731781
St. Lucia,LCA,2006,1268319185.0,1135555556.0,11.691513312449509
St. Lucia,LCA,2007,1336088815.0,1268319185.0,5.343263020972122
St. Lucia,LCA,2008,1437731111.0,1336088815.0,7.607450557094886
St. Lucia,LCA,2009,1401507889.0,1437731111.0,-2.5194712504207573
St. Lucia,LCA,2010,1482370370.0,1401507889.0,5.769677190878797
St. Lucia,LCA,2011,1568370370.0,1482370370.0,5.801519089996376
St. Lucia,LCA,2012,1598222222.0,1568370370.0,1.903367506235143
St. Lucia,LCA,2013,1660222222.0,1598222222.0,3.879310345366971
St. Lucia,LCA,2014,1749296296.0,1660222222.0,5.365189841435569
St. Lucia,LCA,2015,1807222222.0,1749296296.0,3.311384476858237
St. Lucia,LCA,2016,1865444444.0,1807222222.0,3.22164154973521
St. Lucia,LCA,2017,1996703704.0,1865444444.0,7.036353209133694
St. Lucia,LCA,2018,2057074074.0,1996703704.0,3.0235016782439894
St. Lucia,LCA,2019,2094185185.0,2057074074.0,1.804072661702305
St. Lucia,LCA,2020,1516000000.0,2094185185.0,-27.609076271829323
St. Lucia,LCA,2021,1691259259.0,1516000000.0,11.560637137203166
St. Lucia,LCA,2022,2065027556.0,1691259259.0,22.100000044996058
St. Martin (French part),MAF,2011,775875858.0,,
St. Martin (French part),MAF,2014,772921756.3,775875858.0,-0.3807441189902394
St. Vincent and the Grenadines,VCT,1960,13066633.99,,
St. Vincent and the Grenadines,VCT,1961,13999964.99,13066633.99,7.142857148323634
St. Vincent and the Grenadines,VCT,1962,14524963.68,13999964.99,3.7500000205357598
St. Vincent and the Grenadines,VCT,1963,13708299.06,14524963.68,-5.622489928319041
St. Vincent and the Grenadines,VCT,1964,14758296.43,13708299.06,7.659574433007732
St. Vincent and the Grenadines,VCT,1965,15108295.56,14758296.43,2.3715415370607396
St. Vincent and the Grenadines,VCT,1966,16099959.74,15108295.56,6.56370651515108
St. Vincent and the Grenadines,VCT,1967,15835103.03,16099959.74,-1.6450768466331644
St. Vincent and the Grenadines,VCT,1968,15349999.99,15835103.03,-3.063466269091897
St. Vincent and the Grenadines,VCT,1969,16649999.99,15349999.99,8.469055380110134
St. Vincent and the Grenadines,VCT,1970,18449999.99,16649999.99,10.810810817303773
St. Vincent and the Grenadines,VCT,1971,20051925.03,18449999.99,8.682520546711414
St. Vincent and the Grenadines,VCT,1972,27585802.72,20051925.03,37.57184249755794
St. Vincent and the Grenadines,VCT,1973,30165077.45,27585802.72,9.350007886955547
St. Vincent and the Grenadines,VCT,1974,32923696.18,30165077.45,9.145074248765116
St. Vincent and the Grenadines,VCT,1975,33237228.56,32923696.18,0.9523000646277868
St. Vincent and the Grenadines,VCT,1976,32792846.78,33237228.56,-1.3370001027546485
St. Vincent and the Grenadines,VCT,1977,49353161.85,32792846.78,50.499778750834025
St. Vincent and the Grenadines,VCT,1978,60844771.48,49353161.85,23.28444460139487
St. Vincent and the Grenadines,VCT,1979,71096359.63,60844771.48,16.848757749660948
St. Vincent and the Grenadines,VCT,1980,82340339.63,71096359.63,15.815127607821244
St. Vincent and the Grenadines,VCT,1981,102086539.3,82340339.63,23.98119774430181
St. Vincent and the Grenadines,VCT,1982,113759203.3,102086539.3,11.434087275402426
St. Vincent and the Grenadines,VCT,1983,122255349.6,113759203.3,7.468535339153526
St. Vincent and the Grenadines,VCT,1984,135024987.8,122255349.6,10.445054749571492
St. Vincent and the Grenadines,VCT,1985,145641705.2,135024987.8,7.8627797513490805
St. Vincent and the Grenadines,VCT,1986,160846656.7,145641705.2,10.43997080308834
St. Vincent and the Grenadines,VCT,1987,175580647.4,160846656.7,9.160271653939844
St. Vincent and the Grenadines,VCT,1988,200726712.6,175580647.4,14.321661055681911
St. Vincent and the Grenadines,VCT,1989,214745002.2,200726712.6,6.983768835957105
St. Vincent and the Grenadines,VCT,1990,240366666.7,214745002.2,11.931204096725656
St. Vincent and the Grenadines,VCT,1991,254829629.6,240366666.7,6.017041838022874
St. Vincent and the Grenadines,VCT,1992,277955555.6,254829629.6,9.075053806066524
St. Vincent and the Grenadines,VCT,1993,286307407.4,277955555.6,3.0047436116077852
St. Vincent and the Grenadines,VCT,1994,289437037.0,286307407.4,1.0931011629844445
St. Vincent and the Grenadines,VCT,1995,316007407.4,289437037.0,9.180017414288265
St. Vincent and the Grenadines,VCT,1996,331488888.9,316007407.4,4.899088166121257
St. Vincent and the Grenadines,VCT,1997,347770370.4,331488888.9,4.911622092079115
St. Vincent and the Grenadines,VCT,1998,373618518.5,347770370.4,7.432533159817467
St. Vincent and the Grenadines,VCT,1999,390718518.5,373618518.5,4.576860929873838
St. Vincent and the Grenadines,VCT,2000,427946037.0,390718518.5,9.527963671371253
St. Vincent and the Grenadines,VCT,2001,462072333.3,427946037.0,7.97443914640108
St. Vincent and the Grenadines,VCT,2002,487763851.9,462072333.3,5.560064247196506
St. Vincent and the Grenadines,VCT,2003,509090888.9,487763851.9,4.372410320470488
St. Vincent and the Grenadines,VCT,2004,549900185.2,509090888.9,8.016112091139039
St. Vincent and the Grenadines,VCT,2005,579948925.9,549900185.2,5.464399087094529
St. Vincent and the Grenadines,VCT,2006,643501148.1,579948925.9,10.95824465945443
St. Vincent and the Grenadines,VCT,2007,713596666.7,643501148.1,10.892835048851722
St. Vincent and the Grenadines,VCT,2008,732663259.3,713596666.7,2.6719004571829963
St. Vincent and the Grenadines,VCT,2009,714300259.3,732663259.3,-2.5063355869030968
St. Vincent and the Grenadines,VCT,2010,720447888.9,714300259.3,0.8606506185542484
St. Vincent and the Grenadines,VCT,2011,713796370.4,720447888.9,-0.9232476911211096
St. Vincent and the Grenadines,VCT,2012,730032592.6,713796370.4,2.274629414394691
St. Vincent and the Grenadines,VCT,2013,764781259.3,730032592.6,4.759878812566853
St. Vincent and the Grenadines,VCT,2014,770901436.4,764781259.3,0.8002519708186551
St. Vincent and the Grenadines,VCT,2015,786554580.8,770901436.4,2.0304987980172884
St. Vincent and the Grenadines,VCT,2016,814302267.1,786554580.8,3.527750899597848
St. Vincent and the Grenadines,VCT,2017,844039068.8,814302267.1,3.6518136939373225
St. Vincent and the Grenadines,VCT,2018,884328180.5,844039068.8,4.773370474103822
St. Vincent and the Grenadines,VCT,2019,910765709.8,884328180.5,2.989560876037234
St. Vincent and the Grenadines,VCT,2020,869111852.8,910765709.8,-4.573498601429227
St. Vincent and the Grenadines,VCT,2021,872226063.7,869111852.8,0.3583210710988549
St. Vincent and the Grenadines,VCT,2022,948558503.1,872226063.7,8.751451324006098
Sub-Saharan Africa,SSF,1960,31038651925.0,,
Sub-Saharan Africa,SSF,1961,32274153936.0,31038651925.0,3.9805272921820123
Sub-Saharan Africa,SSF,1962,34924550100.0,32274153936.0,8.212132126703509
Sub-Saharan Africa,SSF,1963,39974355837.0,34924550100.0,14.459186224420396
Sub-Saharan Africa,SSF,1964,39238590135.0,39974355837.0,-1.840594267485307
Sub-Saharan Africa,SSF,1965,43676575968.0,39238590135.0,11.310258135501684
Sub-Saharan Africa,SSF,1966,47114238411.0,43676575968.0,7.870723303764993
Sub-Saharan Africa,SSF,1967,46781000882.0,47114238411.0,-0.7072968602251595
Sub-Saharan Africa,SSF,1968,50124977708.0,46781000882.0,7.148151520816781
Sub-Saharan Africa,SSF,1969,57259820310.0,50124977708.0,14.234106284422898
Sub-Saharan Africa,SSF,1970,67263493916.0,57259820310.0,17.470668877130468
Sub-Saharan Africa,SSF,1971,68574658267.0,67263493916.0,1.9492956352184176
Sub-Saharan Africa,SSF,1972,77110721965.0,68574658267.0,12.447839936386229
Sub-Saharan Africa,SSF,1973,99513486867.0,77110721965.0,29.052723578659332
Sub-Saharan Africa,SSF,1974,128000000000.0,99513486867.0,28.625781318538547
Sub-Saharan Africa,SSF,1975,141000000000.0,128000000000.0,10.15625
Sub-Saharan Africa,SSF,1976,152000000000.0,141000000000.0,7.801418439716312
Sub-Saharan Africa,SSF,1977,167000000000.0,152000000000.0,9.868421052631572
Sub-Saharan Africa,SSF,1978,186000000000.0,167000000000.0,11.377245508982025
Sub-Saharan Africa,SSF,1979,222000000000.0,186000000000.0,19.354838709677423
Sub-Saharan Africa,SSF,1980,282000000000.0,222000000000.0,27.027027027027017
Sub-Saharan Africa,SSF,1981,390000000000.0,282000000000.0,38.29787234042554
Sub-Saharan Africa,SSF,1982,358000000000.0,390000000000.0,-8.20512820512821
Sub-Saharan Africa,SSF,1983,315000000000.0,358000000000.0,-12.011173184357538
Sub-Saharan Africa,SSF,1984,276000000000.0,315000000000.0,-12.380952380952381
Sub-Saharan Africa,SSF,1985,254000000000.0,276000000000.0,-7.971014492753625
Sub-Saharan Africa,SSF,1986,261000000000.0,254000000000.0,2.7559055118110187
Sub-Saharan Africa,SSF,1987,297000000000.0,261000000000.0,13.793103448275868
Sub-Saharan Africa,SSF,1988,314000000000.0,297000000000.0,5.723905723905731
Sub-Saharan Africa,SSF,1989,320000000000.0,314000000000.0,1.9108280254777066
Sub-Saharan Africa,SSF,1990,375000000000.0,320000000000.0,17.1875
Sub-Saharan Africa,SSF,1991,393000000000.0,375000000000.0,4.800000000000004
Sub-Saharan Africa,SSF,1992,364000000000.0,393000000000.0,-7.379134860050895
Sub-Saharan Africa,SSF,1993,341000000000.0,364000000000.0,-6.318681318681318
Sub-Saharan Africa,SSF,1994,325000000000.0,341000000000.0,-4.692082111436946
Sub-Saharan Africa,SSF,1995,378000000000.0,325000000000.0,16.307692307692314
Sub-Saharan Africa,SSF,1996,395000000000.0,378000000000.0,4.497354497354489
Sub-Saharan Africa,SSF,1997,410000000000.0,395000000000.0,3.797468354430378
Sub-Saharan Africa,SSF,1998,396000000000.0,410000000000.0,-3.4146341463414664
Sub-Saharan Africa,SSF,1999,400000000000.0,396000000000.0,1.0101010101010166
Sub-Saharan Africa,SSF,2000,424000000000.0,400000000000.0,6.000000000000005
Sub-Saharan Africa,SSF,2001,407000000000.0,424000000000.0,-4.009433962264152
Sub-Saharan Africa,SSF,2002,443000000000.0,407000000000.0,8.845208845208852
Sub-Saharan Africa,SSF,2003,558000000000.0,443000000000.0,25.95936794582392
Sub-Saharan Africa,SSF,2004,693000000000.0,558000000000.0,24.193548387096776
Sub-Saharan Africa,SSF,2005,823000000000.0,693000000000.0,18.75901875901875
Sub-Saharan Africa,SSF,2006,974000000000.0,823000000000.0,18.347509113001227
Sub-Saharan Africa,SSF,2007,1130000000000.0,974000000000.0,16.016427104722798
Sub-Saharan Africa,SSF,2008,1280000000000.0,1130000000000.0,13.27433628318584
Sub-Saharan Africa,SSF,2009,1230000000000.0,1280000000000.0,-3.90625
Sub-Saharan Africa,SSF,2010,1460000000000.0,1230000000000.0,18.699186991869922
Sub-Saharan Africa,SSF,2011,1650000000000.0,1460000000000.0,13.013698630136993
Sub-Saharan Africa,SSF,2012,1710000000000.0,1650000000000.0,3.6363636363636376
Sub-Saharan Africa,SSF,2013,1820000000000.0,1710000000000.0,6.432748538011701
Sub-Saharan Africa,SSF,2014,1900000000000.0,1820000000000.0,4.395604395604402
Sub-Saharan Africa,SSF,2015,1700000000000.0,1900000000000.0,-10.526315789473683
Sub-Saharan Africa,SSF,2016,1580000000000.0,1700000000000.0,-7.058823529411762
Sub-Saharan Africa,SSF,2017,1710000000000.0,1580000000000.0,8.227848101265822
Sub-Saharan Africa,SSF,2018,1770000000000.0,1710000000000.0,3.5087719298245723
Sub-Saharan Africa,SSF,2019,1820000000000.0,1770000000000.0,2.824858757062154
Sub-Saharan Africa,SSF,2020,1710000000000.0,1820000000000.0,-6.043956043956045
Sub-Saharan Africa,SSF,2021,1930000000000.0,1710000000000.0,12.865497076023402
Sub-Saharan Africa,SSF,2022,2050000000000.0,1930000000000.0,6.217616580310881
Sub-Saharan Africa (excluding high income),SSA,1960,31027714943.0,,
Sub-Saharan Africa (excluding high income),SSA,1961,32263804167.0,31027714943.0,3.9838229346594867
Sub-Saharan Africa (excluding high income),SSA,1962,34913239386.0,32263804167.0,8.211788062208392
Sub-Saharan Africa (excluding high income),SSA,1963,39962028721.0,34913239386.0,14.460959291633468
Sub-Saharan Africa (excluding high income),SSA,1964,39224536060.0,39962028721.0,-1.845483536756598
Sub-Saharan Africa (excluding high income),SSA,1965,43662665169.0,39224536060.0,11.314675850368738
Sub-Saharan Africa (excluding high income),SSA,1966,47099671962.0,43662665169.0,7.87172926731976
Sub-Saharan Africa (excluding high income),SSA,1967,46766192279.0,47099671962.0,-0.7080297358950882
Sub-Saharan Africa (excluding high income),SSA,1968,50111072585.0,46766192279.0,7.152346904885798
Sub-Saharan Africa (excluding high income),SSA,1969,57246081130.0,50111072585.0,14.238387200548086
Sub-Saharan Africa (excluding high income),SSA,1970,67248358818.0,57246081130.0,17.472423422811858
Sub-Saharan Africa (excluding high income),SSA,1971,68555667237.0,67248358818.0,1.9440004811687395
Sub-Saharan Africa (excluding high income),SSA,1972,77082698723.0,68555667237.0,12.438113185481336
Sub-Saharan Africa (excluding high income),SSA,1973,99480296893.0,77082698723.0,29.056582788424066
Sub-Saharan Africa (excluding high income),SSA,1974,128000000000.0,99480296893.0,28.6686952067257
Sub-Saharan Africa (excluding high income),SSA,1975,141000000000.0,128000000000.0,10.15625
Sub-Saharan Africa (excluding high income),SSA,1976,152000000000.0,141000000000.0,7.801418439716312
Sub-Saharan Africa (excluding high income),SSA,1977,167000000000.0,152000000000.0,9.868421052631572
Sub-Saharan Africa (excluding high income),SSA,1978,186000000000.0,167000000000.0,11.377245508982025
Sub-Saharan Africa (excluding high income),SSA,1979,222000000000.0,186000000000.0,19.354838709677423
Sub-Saharan Africa (excluding high income),SSA,1980,282000000000.0,222000000000.0,27.027027027027017
Sub-Saharan Africa (excluding high income),SSA,1981,390000000000.0,282000000000.0,38.29787234042554
Sub-Saharan Africa (excluding high income),SSA,1982,358000000000.0,390000000000.0,-8.20512820512821
Sub-Saharan Africa (excluding high income),SSA,1983,315000000000.0,358000000000.0,-12.011173184357538
Sub-Saharan Africa (excluding high income),SSA,1984,276000000000.0,315000000000.0,-12.380952380952381
Sub-Saharan Africa (excluding high income),SSA,1985,254000000000.0,276000000000.0,-7.971014492753625
Sub-Saharan Africa (excluding high income),SSA,1986,261000000000.0,254000000000.0,2.7559055118110187
Sub-Saharan Africa (excluding high income),SSA,1987,297000000000.0,261000000000.0,13.793103448275868
Sub-Saharan Africa (excluding high income),SSA,1988,313000000000.0,297000000000.0,5.387205387205385
Sub-Saharan Africa (excluding high income),SSA,1989,319000000000.0,313000000000.0,1.9169329073482455
Sub-Saharan Africa (excluding high income),SSA,1990,375000000000.0,319000000000.0,17.554858934169282
Sub-Saharan Africa (excluding high income),SSA,1991,393000000000.0,375000000000.0,4.800000000000004
Sub-Saharan Africa (excluding high income),SSA,1992,363000000000.0,393000000000.0,-7.633587786259543
Sub-Saharan Africa (excluding high income),SSA,1993,340000000000.0,363000000000.0,-6.336088154269969
Sub-Saharan Africa (excluding high income),SSA,1994,324000000000.0,340000000000.0,-4.705882352941182
Sub-Saharan Africa (excluding high income),SSA,1995,377000000000.0,324000000000.0,16.358024691358032
Sub-Saharan Africa (excluding high income),SSA,1996,394000000000.0,377000000000.0,4.509283819628651
Sub-Saharan Africa (excluding high income),SSA,1997,409000000000.0,394000000000.0,3.8071065989847774
Sub-Saharan Africa (excluding high income),SSA,1998,395000000000.0,409000000000.0,-3.4229828850855792
Sub-Saharan Africa (excluding high income),SSA,1999,399000000000.0,395000000000.0,1.0126582278481067
Sub-Saharan Africa (excluding high income),SSA,2000,424000000000.0,399000000000.0,6.265664160400997
Sub-Saharan Africa (excluding high income),SSA,2001,407000000000.0,424000000000.0,-4.009433962264152
Sub-Saharan Africa (excluding high income),SSA,2002,442000000000.0,407000000000.0,8.5995085995086
Sub-Saharan Africa (excluding high income),SSA,2003,557000000000.0,442000000000.0,26.01809954751131
Sub-Saharan Africa (excluding high income),SSA,2004,692000000000.0,557000000000.0,24.236983842010762
Sub-Saharan Africa (excluding high income),SSA,2005,822000000000.0,692000000000.0,18.786127167630063
Sub-Saharan Africa (excluding high income),SSA,2006,972000000000.0,822000000000.0,18.248175182481763
Sub-Saharan Africa (excluding high income),SSA,2007,1130000000000.0,972000000000.0,16.25514403292181
Sub-Saharan Africa (excluding high income),SSA,2008,1280000000000.0,1130000000000.0,13.27433628318584
Sub-Saharan Africa (excluding high income),SSA,2009,1230000000000.0,1280000000000.0,-3.90625
Sub-Saharan Africa (excluding high income),SSA,2010,1460000000000.0,1230000000000.0,18.699186991869922
Sub-Saharan Africa (excluding high income),SSA,2011,1650000000000.0,1460000000000.0,13.013698630136993
Sub-Saharan Africa (excluding high income),SSA,2012,1710000000000.0,1650000000000.0,3.6363636363636376
Sub-Saharan Africa (excluding high income),SSA,2013,1820000000000.0,1710000000000.0,6.432748538011701
Sub-Saharan Africa (excluding high income),SSA,2014,1900000000000.0,1820000000000.0,4.395604395604402
Sub-Saharan Africa (excluding high income),SSA,2015,1690000000000.0,1900000000000.0,-11.05263157894737
Sub-Saharan Africa (excluding high income),SSA,2016,1580000000000.0,1690000000000.0,-6.508875739644971
Sub-Saharan Africa (excluding high income),SSA,2017,1700000000000.0,1580000000000.0,7.594936708860756
Sub-Saharan Africa (excluding high income),SSA,2018,1770000000000.0,1700000000000.0,4.117647058823537
Sub-Saharan Africa (excluding high income),SSA,2019,1820000000000.0,1770000000000.0,2.824858757062154
Sub-Saharan Africa (excluding high income),SSA,2020,1710000000000.0,1820000000000.0,-6.043956043956045
Sub-Saharan Africa (excluding high income),SSA,2021,1930000000000.0,1710000000000.0,12.865497076023402
Sub-Saharan Africa (excluding high income),SSA,2022,2050000000000.0,1930000000000.0,6.217616580310881
Sub-Saharan Africa (IDA & IBRD countries),TSS,1960,31038651925.0,,
Sub-Saharan Africa (IDA & IBRD countries),TSS,1961,32274153936.0,31038651925.0,3.9805272921820123
Sub-Saharan Africa (IDA & IBRD countries),TSS,1962,34924550100.0,32274153936.0,8.212132126703509
Sub-Saharan Africa (IDA & IBRD countries),TSS,1963,39974355837.0,34924550100.0,14.459186224420396
Sub-Saharan Africa (IDA & IBRD countries),TSS,1964,39238590135.0,39974355837.0,-1.840594267485307
Sub-Saharan Africa (IDA & IBRD countries),TSS,1965,43676575968.0,39238590135.0,11.310258135501684
Sub-Saharan Africa (IDA & IBRD countries),TSS,1966,47114238411.0,43676575968.0,7.870723303764993
Sub-Saharan Africa (IDA & IBRD countries),TSS,1967,46781000882.0,47114238411.0,-0.7072968602251595
Sub-Saharan Africa (IDA & IBRD countries),TSS,1968,50124977708.0,46781000882.0,7.148151520816781
Sub-Saharan Africa (IDA & IBRD countries),TSS,1969,57259820310.0,50124977708.0,14.234106284422898
Sub-Saharan Africa (IDA & IBRD countries),TSS,1970,67263493916.0,57259820310.0,17.470668877130468
Sub-Saharan Africa (IDA & IBRD countries),TSS,1971,68574658267.0,67263493916.0,1.9492956352184176
Sub-Saharan Africa (IDA & IBRD countries),TSS,1972,77110721965.0,68574658267.0,12.447839936386229
Sub-Saharan Africa (IDA & IBRD countries),TSS,1973,99513486867.0,77110721965.0,29.052723578659332
Sub-Saharan Africa (IDA & IBRD countries),TSS,1974,128000000000.0,99513486867.0,28.625781318538547
Sub-Saharan Africa (IDA & IBRD countries),TSS,1975,141000000000.0,128000000000.0,10.15625
Sub-Saharan Africa (IDA & IBRD countries),TSS,1976,152000000000.0,141000000000.0,7.801418439716312
Sub-Saharan Africa (IDA & IBRD countries),TSS,1977,167000000000.0,152000000000.0,9.868421052631572
Sub-Saharan Africa (IDA & IBRD countries),TSS,1978,186000000000.0,167000000000.0,11.377245508982025
Sub-Saharan Africa (IDA & IBRD countries),TSS,1979,222000000000.0,186000000000.0,19.354838709677423
Sub-Saharan Africa (IDA & IBRD countries),TSS,1980,282000000000.0,222000000000.0,27.027027027027017
Sub-Saharan Africa (IDA & IBRD countries),TSS,1981,390000000000.0,282000000000.0,38.29787234042554
Sub-Saharan Africa (IDA & IBRD countries),TSS,1982,358000000000.0,390000000000.0,-8.20512820512821
Sub-Saharan Africa (IDA & IBRD countries),TSS,1983,315000000000.0,358000000000.0,-12.011173184357538
Sub-Saharan Africa (IDA & IBRD countries),TSS,1984,276000000000.0,315000000000.0,-12.380952380952381
Sub-Saharan Africa (IDA & IBRD countries),TSS,1985,254000000000.0,276000000000.0,-7.971014492753625
Sub-Saharan Africa (IDA & IBRD countries),TSS,1986,261000000000.0,254000000000.0,2.7559055118110187
Sub-Saharan Africa (IDA & IBRD countries),TSS,1987,297000000000.0,261000000000.0,13.793103448275868
Sub-Saharan Africa (IDA & IBRD countries),TSS,1988,314000000000.0,297000000000.0,5.723905723905731
Sub-Saharan Africa (IDA & IBRD countries),TSS,1989,320000000000.0,314000000000.0,1.9108280254777066
Sub-Saharan Africa (IDA & IBRD countries),TSS,1990,375000000000.0,320000000000.0,17.1875
Sub-Saharan Africa (IDA & IBRD countries),TSS,1991,393000000000.0,375000000000.0,4.800000000000004
Sub-Saharan Africa (IDA & IBRD countries),TSS,1992,364000000000.0,393000000000.0,-7.379134860050895
Sub-Saharan Africa (IDA & IBRD countries),TSS,1993,341000000000.0,364000000000.0,-6.318681318681318
Sub-Saharan Africa (IDA & IBRD countries),TSS,1994,325000000000.0,341000000000.0,-4.692082111436946
Sub-Saharan Africa (IDA & IBRD countries),TSS,1995,378000000000.0,325000000000.0,16.307692307692314
Sub-Saharan Africa (IDA & IBRD countries),TSS,1996,395000000000.0,378000000000.0,4.497354497354489
Sub-Saharan Africa (IDA & IBRD countries),TSS,1997,410000000000.0,395000000000.0,3.797468354430378
Sub-Saharan Africa (IDA & IBRD countries),TSS,1998,396000000000.0,410000000000.0,-3.4146341463414664
Sub-Saharan Africa (IDA & IBRD countries),TSS,1999,400000000000.0,396000000000.0,1.0101010101010166
Sub-Saharan Africa (IDA & IBRD countries),TSS,2000,424000000000.0,400000000000.0,6.000000000000005
Sub-Saharan Africa (IDA & IBRD countries),TSS,2001,407000000000.0,424000000000.0,-4.009433962264152
Sub-Saharan Africa (IDA & IBRD countries),TSS,2002,443000000000.0,407000000000.0,8.845208845208852
Sub-Saharan Africa (IDA & IBRD countries),TSS,2003,558000000000.0,443000000000.0,25.95936794582392
Sub-Saharan Africa (IDA & IBRD countries),TSS,2004,693000000000.0,558000000000.0,24.193548387096776
Sub-Saharan Africa (IDA & IBRD countries),TSS,2005,823000000000.0,693000000000.0,18.75901875901875
Sub-Saharan Africa (IDA & IBRD countries),TSS,2006,974000000000.0,823000000000.0,18.347509113001227
Sub-Saharan Africa (IDA & IBRD countries),TSS,2007,1130000000000.0,974000000000.0,16.016427104722798
Sub-Saharan Africa (IDA & IBRD countries),TSS,2008,1280000000000.0,1130000000000.0,13.27433628318584
Sub-Saharan Africa (IDA & IBRD countries),TSS,2009,1230000000000.0,1280000000000.0,-3.90625
Sub-Saharan Africa (IDA & IBRD countries),TSS,2010,1460000000000.0,1230000000000.0,18.699186991869922
Sub-Saharan Africa (IDA & IBRD countries),TSS,2011,1650000000000.0,1460000000000.0,13.013698630136993
Sub-Saharan Africa (IDA & IBRD countries),TSS,2012,1710000000000.0,1650000000000.0,3.6363636363636376
Sub-Saharan Africa (IDA & IBRD countries),TSS,2013,1820000000000.0,1710000000000.0,6.432748538011701
Sub-Saharan Africa (IDA & IBRD countries),TSS,2014,1900000000000.0,1820000000000.0,4.395604395604402
Sub-Saharan Africa (IDA & IBRD countries),TSS,2015,1700000000000.0,1900000000000.0,-10.526315789473683
Sub-Saharan Africa (IDA & IBRD countries),TSS,2016,1580000000000.0,1700000000000.0,-7.058823529411762
Sub-Saharan Africa (IDA & IBRD countries),TSS,2017,1710000000000.0,1580000000000.0,8.227848101265822
Sub-Saharan Africa (IDA & IBRD countries),TSS,2018,1770000000000.0,1710000000000.0,3.5087719298245723
Sub-Saharan Africa (IDA & IBRD countries),TSS,2019,1820000000000.0,1770000000000.0,2.824858757062154
Sub-Saharan Africa (IDA & IBRD countries),TSS,2020,1710000000000.0,1820000000000.0,-6.043956043956045
Sub-Saharan Africa (IDA & IBRD countries),TSS,2021,1930000000000.0,1710000000000.0,12.865497076023402
Sub-Saharan Africa (IDA & IBRD countries),TSS,2022,2050000000000.0,1930000000000.0,6.217616580310881
Sudan,SDN,1960,1126364162.0,,
Sudan,SDN,1961,1222860429.0,1126364162.0,8.567057640457843
Sudan,SDN,1962,1328259625.0,1222860429.0,8.619069969104377
Sudan,SDN,1963,1351234926.0,1328259625.0,1.7297296829300146
Sudan,SDN,1964,1388282600.0,1351234926.0,2.7417640920273323
Sudan,SDN,1965,1446869619.0,1388282600.0,4.220107563114306
Sudan,SDN,1966,1484491676.0,1446869619.0,2.60023823197022
Sudan,SDN,1967,1607409539.0,1484491676.0,8.280131508127099
Sudan,SDN,1968,1677771401.0,1607409539.0,4.3773450569276395
Sudan,SDN,1969,1847501441.0,1677771401.0,10.116398449683661
Sudan,SDN,1970,2100229759.0,1847501441.0,13.67946527084738
Sudan,SDN,1971,2288340041.0,2100229759.0,8.956652537366505
Sudan,SDN,1972,2483055722.0,2288340041.0,8.509036135858095
Sudan,SDN,1973,3077254460.0,2483055722.0,23.93014110538756
Sudan,SDN,1974,3958931660.0,3077254460.0,28.651423256041042
Sudan,SDN,1975,4823090192.0,3958931660.0,21.82807399105242
Sudan,SDN,1976,6013210816.0,4823090192.0,24.675479342560045
Sudan,SDN,1977,7499005639.0,6013210816.0,24.708843053474606
Sudan,SDN,1978,8128719315.0,7499005639.0,8.397295672442961
Sudan,SDN,1979,8418407787.0,8128719315.0,3.5637652227139327
Sudan,SDN,1980,8951800018.0,8418407787.0,6.336022731325541
Sudan,SDN,1981,10753888154.0,8951800018.0,20.13101423597956
Sudan,SDN,1982,8732542274.0,10753888154.0,-18.796419035176072
Sudan,SDN,1983,8230153846.0,8732542274.0,-5.753060360163332
Sudan,SDN,1984,10447615385.0,8230153846.0,26.94313594244324
Sudan,SDN,1985,8075259600.0,10447615385.0,-22.707150843302216
Sudan,SDN,1986,10092200000.0,8075259600.0,24.976787123970603
Sudan,SDN,1987,12093333333.0,10092200000.0,19.82851442698321
Sudan,SDN,1988,14372555556.0,12093333333.0,18.846931282217394
Sudan,SDN,1989,21408111111.0,14372555556.0,48.951319252774915
Sudan,SDN,1990,33641222222.0,21408111111.0,57.142412273422536
Sudan,SDN,1991,44171194366.0,33641222222.0,31.300801363613438
Sudan,SDN,1992,7031933492.0,44171194366.0,-84.08027314422652
Sudan,SDN,1993,8881010081.0,7031933492.0,26.295422035826043
Sudan,SDN,1994,12793798418.0,8881010081.0,44.05792022881503
Sudan,SDN,1995,13830369852.0,12793798418.0,8.102139803466146
Sudan,SDN,1996,9018303128.0,13830369852.0,-34.79347823300712
Sudan,SDN,1997,11681179571.0,9018303128.0,29.527466588834315
Sudan,SDN,1998,11250220603.0,11681179571.0,-3.689344602405653
Sudan,SDN,1999,10682027635.0,11250220603.0,-5.050505123859395
Sudan,SDN,2000,12257299147.0,10682027635.0,14.746933502012038
Sudan,SDN,2001,15716361539.0,12257299147.0,28.220428909468296
Sudan,SDN,2002,18137126092.0,15716361539.0,15.40283065512902
Sudan,SDN,2003,21355295732.0,18137126092.0,17.74354781278984
Sudan,SDN,2004,26646007251.0,21355295732.0,24.77470499774954
Sudan,SDN,2005,35182707174.0,26646007251.0,32.037445019758536
Sudan,SDN,2006,45263824686.0,35182707174.0,28.65361514718783
Sudan,SDN,2007,59440139775.0,45263824686.0,31.31930451600724
Sudan,SDN,2008,64833088568.0,59440139775.0,9.072907320564937
Sudan,SDN,2009,58315346841.0,64833088568.0,-10.053110026007605
Sudan,SDN,2010,74151157012.0,58315346841.0,27.155476266268643
Sudan,SDN,2011,78402841445.0,74151157012.0,5.733807271964686
Sudan,SDN,2012,63196236489.0,78402841445.0,-19.39547684208297
Sudan,SDN,2013,66027147865.0,63196236489.0,4.479556906039406
Sudan,SDN,2014,76818773785.0,66027147865.0,16.34422547232346
Sudan,SDN,2015,84984672416.0,76818773785.0,10.630081982113747
Sudan,SDN,2016,103000000000.0,84984672416.0,21.198325617841963
Sudan,SDN,2017,130000000000.0,103000000000.0,26.21359223300972
Sudan,SDN,2018,32333780383.0,130000000000.0,-75.12786124384616
Sudan,SDN,2019,32338079165.0,32333780383.0,0.013295018241232803
Sudan,SDN,2020,27034593750.0,32338079165.0,-16.400125028885583
Sudan,SDN,2021,34229513775.0,27034593750.0,26.61375307331926
Sudan,SDN,2022,51662241775.0,34229513775.0,50.92893844356106
Suriname,SUR,1960,99650000.0,,
Suriname,SUR,1961,107700000.0,99650000.0,8.078273958855986
Suriname,SUR,1962,116150000.0,107700000.0,7.8458681522748375
Suriname,SUR,1963,125950000.0,116150000.0,8.437365475677993
Suriname,SUR,1964,134400000.0,125950000.0,6.709011512504959
Suriname,SUR,1965,154150000.0,134400000.0,14.694940476190466
Suriname,SUR,1966,190350000.0,154150000.0,23.48361985079468
Suriname,SUR,1967,220700000.0,190350000.0,15.944313107433672
Suriname,SUR,1968,241350000.0,220700000.0,9.356592659719066
Suriname,SUR,1969,259650000.0,241350000.0,7.582349285270351
Suriname,SUR,1970,274900000.0,259650000.0,5.8732909686116
Suriname,SUR,1971,301000000.0,274900000.0,9.494361586031275
Suriname,SUR,1972,311950000.0,301000000.0,3.6378737541528317
Suriname,SUR,1973,339450000.0,311950000.0,8.815515306940224
Suriname,SUR,1974,409850000.0,339450000.0,20.73943143320076
Suriname,SUR,1975,465500000.0,409850000.0,13.578138343296331
Suriname,SUR,1976,505500000.0,465500000.0,8.59291084854994
Suriname,SUR,1977,641500000.0,505500000.0,26.904055390702265
Suriname,SUR,1978,735500000.0,641500000.0,14.65315666406859
Suriname,SUR,1979,782500000.0,735500000.0,6.39021074099253
Suriname,SUR,1980,795000000.0,782500000.0,1.5974440894568787
Suriname,SUR,1981,889000000.0,795000000.0,11.82389937106918
Suriname,SUR,1982,915000000.0,889000000.0,2.924634420697414
Suriname,SUR,1983,883500000.0,915000000.0,-3.4426229508196737
Suriname,SUR,1984,864000000.0,883500000.0,-2.2071307300509324
Suriname,SUR,1985,873000000.0,864000000.0,1.041666666666674
Suriname,SUR,1986,891000000.0,873000000.0,2.0618556701030855
Suriname,SUR,1987,980000000.0,891000000.0,9.988776655443331
Suriname,SUR,1988,1161000000.0,980000000.0,18.46938775510205
Suriname,SUR,1989,542600000.0,1161000000.0,-53.26442721791559
Suriname,SUR,1990,388400000.0,542600000.0,-28.418724659049023
Suriname,SUR,1991,448100000.0,388400000.0,15.370751802265703
Suriname,SUR,1992,404600000.0,448100000.0,-9.707654541397016
Suriname,SUR,1993,428764705.9,404600000.0,5.972492807711305
Suriname,SUR,1994,605492537.3,428764705.9,41.21790552443883
Suriname,SUR,1995,691590497.7,605492537.3,14.21949158678757
Suriname,SUR,1996,861372046.5,691590497.7,24.549433424061906
Suriname,SUR,1997,926422500.0,861372046.5,7.551957805493981
Suriname,SUR,1998,1110850000.0,926422500.0,19.90749361117632
Suriname,SUR,1999,886290697.7,1110850000.0,-20.215087752621862
Suriname,SUR,2000,947671969.7,886290697.7,6.925636493679743
Suriname,SUR,2001,834279357.8,947671969.7,-11.96538628613193
Suriname,SUR,2002,1093574468.0,834279357.8,31.080130147743667
Suriname,SUR,2003,1274190311.0,1093574468.0,16.51609911214569
Suriname,SUR,2004,1484092538.0,1274190311.0,16.47338118865982
Suriname,SUR,2005,1793410617.0,1484092538.0,20.84223665842595
Suriname,SUR,2006,2626380435.0,1793410617.0,46.44612952015328
Suriname,SUR,2007,2936612022.0,2626380435.0,11.812134406187047
Suriname,SUR,2008,3532969035.0,2936612022.0,20.307654144719024
Suriname,SUR,2009,3875409836.0,3532969035.0,9.692720134469003
Suriname,SUR,2010,4368371528.0,3875409836.0,12.720246705798989
Suriname,SUR,2011,4422276622.0,4368371528.0,1.2339860209802156
Suriname,SUR,2012,4980000000.0,4422276622.0,12.611680038861216
Suriname,SUR,2013,5145757576.0,4980000000.0,3.3284653815261134
Suriname,SUR,2014,5240606061.0,5145757576.0,1.8432365613642032
Suriname,SUR,2015,5126238146.0,5240606061.0,-2.1823413870222574
Suriname,SUR,2016,3317421500.0,5126238146.0,-35.28545874154165
Suriname,SUR,2017,3591679371.0,3317421500.0,8.26720002266821
Suriname,SUR,2018,3996198760.0,3591679371.0,11.262680969414408
Suriname,SUR,2019,4016040575.0,3996198760.0,0.4965172202796131
Suriname,SUR,2020,2911807496.0,4016040575.0,-27.49556580363982
Suriname,SUR,2021,2984706244.0,2911807496.0,2.5035565744006893
Suriname,SUR,2022,3620655116.0,2984706244.0,21.306916661511167
Sweden,SWE,1960,15822585461.0,,
Sweden,SWE,1961,17212687080.0,15822585461.0,8.785552920073435
Sweden,SWE,1962,18667251885.0,17212687080.0,8.450538827781905
Sweden,SWE,1963,20204871176.0,18667251885.0,8.236987964123132
Sweden,SWE,1964,22532417359.0,20204871176.0,11.5197279048467
Sweden,SWE,1965,24795500356.0,22532417359.0,10.043676011069746
Sweden,SWE,1966,26971487275.0,24795500356.0,8.775733047360967
Sweden,SWE,1967,29275996466.0,26971487275.0,8.544242175091554
Sweden,SWE,1968,31066820769.0,29275996466.0,6.117039620085318
Sweden,SWE,1969,33738103394.0,31066820769.0,8.598506570281362
Sweden,SWE,1970,38092378396.0,33738103394.0,12.906104860578393
Sweden,SWE,1971,41566370370.0,38092378396.0,9.119913537257096
Sweden,SWE,1972,48953974498.0,41566370370.0,17.773031569126154
Sweden,SWE,1973,59404966684.0,48953974498.0,21.348608142995573
Sweden,SWE,1974,66012967235.0,59404966684.0,11.12364995699895
Sweden,SWE,1975,82885563989.0,66012967235.0,25.55951877444795
Sweden,SWE,1976,89362242654.0,82885563989.0,7.814000838384283
Sweden,SWE,1977,94467862579.0,89362242654.0,5.71339726193798
Sweden,SWE,1978,104000000000.0,94467862579.0,10.09034941700795
Sweden,SWE,1979,123000000000.0,104000000000.0,18.26923076923077
Sweden,SWE,1980,142000000000.0,123000000000.0,15.44715447154472
Sweden,SWE,1981,130000000000.0,142000000000.0,-8.450704225352112
Sweden,SWE,1982,114000000000.0,130000000000.0,-12.307692307692308
Sweden,SWE,1983,105000000000.0,114000000000.0,-7.8947368421052655
Sweden,SWE,1984,109000000000.0,105000000000.0,3.809523809523818
Sweden,SWE,1985,114000000000.0,109000000000.0,4.587155963302747
Sweden,SWE,1986,150000000000.0,114000000000.0,31.578947368421062
Sweden,SWE,1987,183000000000.0,150000000000.0,21.999999999999996
Sweden,SWE,1988,207000000000.0,183000000000.0,13.114754098360649
Sweden,SWE,1989,218000000000.0,207000000000.0,5.31400966183575
Sweden,SWE,1990,262000000000.0,218000000000.0,20.1834862385321
Sweden,SWE,1991,274000000000.0,262000000000.0,4.580152671755733
Sweden,SWE,1992,284000000000.0,274000000000.0,3.649635036496357
Sweden,SWE,1993,213000000000.0,284000000000.0,-25.0
Sweden,SWE,1994,229000000000.0,213000000000.0,7.511737089201875
Sweden,SWE,1995,267000000000.0,229000000000.0,16.59388646288209
Sweden,SWE,1996,292000000000.0,267000000000.0,9.363295880149813
Sweden,SWE,1997,268000000000.0,292000000000.0,-8.21917808219178
Sweden,SWE,1998,271000000000.0,268000000000.0,1.1194029850746245
Sweden,SWE,1999,274000000000.0,271000000000.0,1.1070110701107083
Sweden,SWE,2000,263000000000.0,274000000000.0,-4.014598540145986
Sweden,SWE,2001,242000000000.0,263000000000.0,-7.984790874524716
Sweden,SWE,2002,267000000000.0,242000000000.0,10.330578512396693
Sweden,SWE,2003,334000000000.0,267000000000.0,25.093632958801493
Sweden,SWE,2004,385000000000.0,334000000000.0,15.269461077844305
Sweden,SWE,2005,392000000000.0,385000000000.0,1.8181818181818077
Sweden,SWE,2006,423000000000.0,392000000000.0,7.908163265306123
Sweden,SWE,2007,491000000000.0,423000000000.0,16.07565011820331
Sweden,SWE,2008,518000000000.0,491000000000.0,5.498981670061109
Sweden,SWE,2009,437000000000.0,518000000000.0,-15.63706563706564
Sweden,SWE,2010,496000000000.0,437000000000.0,13.501144164759715
Sweden,SWE,2011,574000000000.0,496000000000.0,15.7258064516129
Sweden,SWE,2012,552000000000.0,574000000000.0,-3.83275261324042
Sweden,SWE,2013,587000000000.0,552000000000.0,6.340579710144922
Sweden,SWE,2014,582000000000.0,587000000000.0,-0.8517887563884163
Sweden,SWE,2015,505000000000.0,582000000000.0,-13.230240549828176
Sweden,SWE,2016,516000000000.0,505000000000.0,2.17821782178218
Sweden,SWE,2017,541000000000.0,516000000000.0,4.844961240310086
Sweden,SWE,2018,555000000000.0,541000000000.0,2.5878003696857776
Sweden,SWE,2019,534000000000.0,555000000000.0,-3.7837837837837784
Sweden,SWE,2020,547000000000.0,534000000000.0,2.434456928838946
Sweden,SWE,2021,637000000000.0,547000000000.0,16.453382084095058
Sweden,SWE,2022,586000000000.0,637000000000.0,-8.00627943485086
Switzerland,CHE,1960,9522746880.0,,
Switzerland,CHE,1961,10712712646.0,9522746880.0,12.496034820574797
Switzerland,CHE,1962,11879982959.0,10712712646.0,10.896122686870013
Switzerland,CHE,1963,13063644016.0,11879982959.0,9.963491202681274
Switzerland,CHE,1964,14480556816.0,13063644016.0,10.846229415503084
Switzerland,CHE,1965,15346741929.0,14480556816.0,5.981711366533404
Switzerland,CHE,1966,16480058983.0,15346741929.0,7.38474041749817
Switzerland,CHE,1967,17740013478.0,16480058983.0,7.645327582259909
Switzerland,CHE,1968,18942730098.0,17740013478.0,6.779682673248977
Switzerland,CHE,1969,20524886963.0,18942730098.0,8.352316993457265
Switzerland,CHE,1980,123000000000.0,20524886963.0,499.27248428569095
Switzerland,CHE,1981,112000000000.0,123000000000.0,-8.943089430894313
Switzerland,CHE,1982,115000000000.0,112000000000.0,2.678571428571419
Switzerland,CHE,1983,115000000000.0,115000000000.0,0.0
Switzerland,CHE,1984,109000000000.0,115000000000.0,-5.21739130434783
Switzerland,CHE,1985,111000000000.0,109000000000.0,1.83486238532109
Switzerland,CHE,1986,159000000000.0,111000000000.0,43.24324324324324
Switzerland,CHE,1987,199000000000.0,159000000000.0,25.15723270440251
Switzerland,CHE,1988,216000000000.0,199000000000.0,8.5427135678392
Switzerland,CHE,1989,208000000000.0,216000000000.0,-3.703703703703709
Switzerland,CHE,1990,266000000000.0,208000000000.0,27.884615384615373
Switzerland,CHE,1991,269000000000.0,266000000000.0,1.1278195488721776
Switzerland,CHE,1992,280000000000.0,269000000000.0,4.089219330855021
Switzerland,CHE,1993,272000000000.0,280000000000.0,-2.857142857142858
Switzerland,CHE,1994,301000000000.0,272000000000.0,10.661764705882359
Switzerland,CHE,1995,353000000000.0,301000000000.0,17.27574750830565
Switzerland,CHE,1996,340000000000.0,353000000000.0,-3.682719546742208
Switzerland,CHE,1997,295000000000.0,340000000000.0,-13.235294117647056
Switzerland,CHE,1998,303000000000.0,295000000000.0,2.7118644067796627
Switzerland,CHE,1999,298000000000.0,303000000000.0,-1.650165016501648
Switzerland,CHE,2000,279000000000.0,298000000000.0,-6.375838926174493
Switzerland,CHE,2001,287000000000.0,279000000000.0,2.8673835125448077
Switzerland,CHE,2002,309000000000.0,287000000000.0,7.66550522648084
Switzerland,CHE,2003,362000000000.0,309000000000.0,17.152103559870557
Switzerland,CHE,2004,404000000000.0,362000000000.0,11.602209944751385
Switzerland,CHE,2005,418000000000.0,404000000000.0,3.4653465346534684
Switzerland,CHE,2006,442000000000.0,418000000000.0,5.741626794258381
Switzerland,CHE,2007,491000000000.0,442000000000.0,11.085972850678738
Switzerland,CHE,2008,567000000000.0,491000000000.0,15.478615071283098
Switzerland,CHE,2009,554000000000.0,567000000000.0,-2.2927689594356315
Switzerland,CHE,2010,599000000000.0,554000000000.0,8.122743682310475
Switzerland,CHE,2011,716000000000.0,599000000000.0,19.53255425709517
Switzerland,CHE,2012,686000000000.0,716000000000.0,-4.189944134078216
Switzerland,CHE,2013,706000000000.0,686000000000.0,2.9154518950437414
Switzerland,CHE,2014,727000000000.0,706000000000.0,2.974504249291776
Switzerland,CHE,2015,694000000000.0,727000000000.0,-4.53920220082531
Switzerland,CHE,2016,688000000000.0,694000000000.0,-0.8645533141210415
Switzerland,CHE,2017,695000000000.0,688000000000.0,1.017441860465107
Switzerland,CHE,2018,726000000000.0,695000000000.0,4.460431654676267
Switzerland,CHE,2019,721000000000.0,726000000000.0,-0.688705234159781
Switzerland,CHE,2020,740000000000.0,721000000000.0,2.6352288488210807
Switzerland,CHE,2021,801000000000.0,740000000000.0,8.243243243243237
Switzerland,CHE,2022,808000000000.0,801000000000.0,0.8739076154806513
Syrian Arab Republic,SYR,1960,857704413.6,,
Syrian Arab Republic,SYR,1961,945244972.3,857704413.6,10.206378480969946
Syrian Arab Republic,SYR,1962,1110565881.0,945244972.3,17.489742187968062
Syrian Arab Republic,SYR,1963,1200447409.0,1110565881.0,8.09330896417122
Syrian Arab Republic,SYR,1964,1339494267.0,1200447409.0,11.582919581277551
Syrian Arab Republic,SYR,1965,1329842435.0,1339494267.0,-0.7205579178488519
Syrian Arab Republic,SYR,1966,1321204503.0,1329842435.0,-0.6495455230378422
Syrian Arab Republic,SYR,1967,1443717801.0,1321204503.0,9.272848958795898
Syrian Arab Republic,SYR,1968,1562303430.0,1443717801.0,8.213906410093497
Syrian Arab Republic,SYR,1969,1796596911.0,1562303430.0,14.996669436999177
Syrian Arab Republic,SYR,1970,1780104713.0,1796596911.0,-0.9179687385090896
Syrian Arab Republic,SYR,1971,2097643980.0,1780104713.0,17.83823528363413
Syrian Arab Republic,SYR,1972,2415706807.0,2097643980.0,15.162860334383343
Syrian Arab Republic,SYR,1973,2579219251.0,2415706807.0,6.768720588367327
Syrian Arab Republic,SYR,1974,4244670165.0,2579219251.0,64.57190149128581
Syrian Arab Republic,SYR,1975,5566756758.0,4244670165.0,31.146980604086583
Syrian Arab Republic,SYR,1976,6417632810.0,5566756758.0,15.284951166174165
Syrian Arab Republic,SYR,1977,6882292995.0,6417632810.0,7.240367262457936
Syrian Arab Republic,SYR,1978,8251974524.0,6882292995.0,19.90152889444079
Syrian Arab Republic,SYR,1979,9929681531.0,8251974524.0,20.33097656955394
Syrian Arab Republic,SYR,1980,13062420385.0,9929681531.0,31.549237951083686
Syrian Arab Republic,SYR,1981,16758471342.0,13062420385.0,28.295299401359753
Syrian Arab Republic,SYR,1982,17525605100.0,16758471342.0,4.577587909688474
Syrian Arab Republic,SYR,1983,18672866247.0,17525605100.0,6.546199919796214
Syrian Arab Republic,SYR,1984,19195414015.0,18672866247.0,2.7984336260318488
Syrian Arab Republic,SYR,1985,21203821656.0,19195414015.0,10.462955575902445
Syrian Arab Republic,SYR,1986,25460636943.0,21203821656.0,20.075698409750853
Syrian Arab Republic,SYR,1987,32538089172.0,25460636943.0,27.79762440682316
Syrian Arab Republic,SYR,1988,16574342984.0,32538089172.0,-49.06171995415539
Syrian Arab Republic,SYR,1989,18609532294.0,16574342984.0,12.279155270074149
Syrian Arab Republic,SYR,1990,23904498886.0,18609532294.0,28.452980485206393
Syrian Arab Republic,SYR,1991,27756258352.0,23904498886.0,16.113115294191903
Syrian Arab Republic,SYR,1992,33107349666.0,27756258352.0,19.2788640534268
Syrian Arab Republic,SYR,1993,36860133630.0,33107349666.0,11.335198987111816
Syrian Arab Republic,SYR,1994,45086948775.0,36860133630.0,22.319005209206022
Syrian Arab Republic,SYR,1995,50866369710.0,45086948775.0,12.818390004259061
Syrian Arab Republic,SYR,1996,61546280624.0,50866369710.0,20.996015589255613
Syrian Arab Republic,SYR,1997,66420400891.0,61546280624.0,7.919439188822941
Syrian Arab Republic,SYR,1998,70418173719.0,66420400891.0,6.018892952122634
Syrian Arab Republic,SYR,1999,72970334076.0,70418173719.0,3.6242921709163545
Syrian Arab Republic,SYR,2000,80590022272.0,72970334076.0,10.442172552018114
Syrian Arab Republic,SYR,2001,86771314031.0,80590022272.0,7.670045974348372
Syrian Arab Republic,SYR,2002,90558485523.0,86771314031.0,4.364543206810256
Syrian Arab Republic,SYR,2003,95693808463.0,90558485523.0,5.6707252891234905
Syrian Arab Republic,SYR,2004,113000000000.0,95693808463.0,18.084964758917966
Syrian Arab Republic,SYR,2005,134000000000.0,113000000000.0,18.584070796460182
Syrian Arab Republic,SYR,2006,154000000000.0,134000000000.0,14.925373134328357
Syrian Arab Republic,SYR,2007,180000000000.0,154000000000.0,16.883116883116877
Syrian Arab Republic,SYR,2008,218000000000.0,180000000000.0,21.111111111111104
Syrian Arab Republic,SYR,2009,225000000000.0,218000000000.0,3.2110091743119185
Syrian Arab Republic,SYR,2010,253000000000.0,225000000000.0,12.444444444444436
Syrian Arab Republic,SYR,2011,67539427671.0,253000000000.0,-73.30457404308301
Syrian Arab Republic,SYR,2012,43190317725.0,67539427671.0,-36.051697187323064
Syrian Arab Republic,SYR,2013,21361254648.0,43190317725.0,-50.541566320464014
Syrian Arab Republic,SYR,2014,21502061462.0,21361254648.0,0.6591692122970949
Syrian Arab Republic,SYR,2015,16468399180.0,21502061462.0,-23.41013809720455
Syrian Arab Republic,SYR,2016,12598742887.0,16468399180.0,-23.497464754798347
Syrian Arab Republic,SYR,2017,16369724433.0,12598742887.0,29.931411251285112
Syrian Arab Republic,SYR,2018,21496337968.0,16369724433.0,31.317653244456412
Syrian Arab Republic,SYR,2019,22600896352.0,21496337968.0,5.1383560569445486
Syrian Arab Republic,SYR,2020,11159274040.0,22600896352.0,-50.62463954438474
Tajikistan,TJK,1990,2629395066.0,,
Tajikistan,TJK,1991,2534720480.0,2629395066.0,-3.6006223341715216
Tajikistan,TJK,1992,1909246641.0,2534720480.0,-24.67624512979829
Tajikistan,TJK,1993,1646693642.0,1909246641.0,-13.75165436260678
Tajikistan,TJK,1994,1522018436.0,1646693642.0,-7.571244754948781
Tajikistan,TJK,1995,1231567145.0,1522018436.0,-19.083296504826308
Tajikistan,TJK,1996,1043654822.0,1231567145.0,-15.257984411398052
Tajikistan,TJK,1997,921517486.7,1043654822.0,-11.702847792715886
Tajikistan,TJK,1998,1320199582.0,921517486.7,43.26364947535617
Tajikistan,TJK,1999,1086612583.0,1320199582.0,-17.693309571128168
Tajikistan,TJK,2000,860541842.3,1086612583.0,-20.805091367140925
Tajikistan,TJK,2001,1080772703.0,860541842.3,25.59211532484944
Tajikistan,TJK,2002,1221106073.0,1080772703.0,12.984540561624458
Tajikistan,TJK,2003,1555318431.0,1221106073.0,27.36964178541106
Tajikistan,TJK,2004,2076176636.0,1555318431.0,33.488846696500055
Tajikistan,TJK,2005,2312352268.0,2076176636.0,11.37550764731754
Tajikistan,TJK,2006,2830213563.0,2312352268.0,22.39543265818702
Tajikistan,TJK,2007,3719524181.0,2830213563.0,31.42203223198956
Tajikistan,TJK,2008,5161299725.0,3719524181.0,38.76236512629356
Tajikistan,TJK,2009,4979471964.0,5161299725.0,-3.522906451630259
Tajikistan,TJK,2010,5642221529.0,4979471964.0,13.309635435071598
Tajikistan,TJK,2011,6522755783.0,5642221529.0,15.606162386113564
Tajikistan,TJK,2012,7633036366.0,6522755783.0,17.021648823549086
Tajikistan,TJK,2013,8448410727.0,7633036366.0,10.682175767325575
Tajikistan,TJK,2014,9112606075.0,8448410727.0,7.861778616862458
Tajikistan,TJK,2015,8271431932.0,9112606075.0,-9.230884514010995
Tajikistan,TJK,2016,6992416097.0,8271431932.0,-15.463052171798974
Tajikistan,TJK,2017,7536403147.0,6992416097.0,7.779672182743669
Tajikistan,TJK,2018,7765000282.0,7536403147.0,3.033239206304894
Tajikistan,TJK,2019,8300813890.0,7765000282.0,6.900368171808902
Tajikistan,TJK,2020,8133963813.0,8300813890.0,-2.0100447885117
Tajikistan,TJK,2021,8937805347.0,8133963813.0,9.882531475186429
Tajikistan,TJK,2022,10492123388.0,8937805347.0,17.39037695111263
Tanzania,TZA,1988,5100405344.0,,
Tanzania,TZA,1989,4420167589.0,5100405344.0,-13.33693518693011
Tanzania,TZA,1990,4258742899.0,4420167589.0,-3.6520038380834396
Tanzania,TZA,1991,4956587902.0,4258742899.0,16.386173562246785
Tanzania,TZA,1992,4601413521.0,4956587902.0,-7.165703262453715
Tanzania,TZA,1993,4257702021.0,4601413521.0,-7.469693789340259
Tanzania,TZA,1994,4510847189.0,4257702021.0,5.945582071066213
Tanzania,TZA,1995,5255221044.0,4510847189.0,16.501863703456966
Tanzania,TZA,1996,6496195824.0,5255221044.0,23.614130968227265
Tanzania,TZA,1997,7683852497.0,6496195824.0,18.282341006597093
Tanzania,TZA,1998,12270448546.0,7683852497.0,59.6913599108096
Tanzania,TZA,1999,12711213451.0,12270448546.0,3.5920847012857138
Tanzania,TZA,2000,13375976354.0,12711213451.0,5.229735977313021
Tanzania,TZA,2001,13581644246.0,13375976354.0,1.537591623646195
Tanzania,TZA,2002,14142035080.0,13581644246.0,4.126089771236963
Tanzania,TZA,2003,15224257698.0,14142035080.0,7.652523925149257
Tanzania,TZA,2004,16675948415.0,15224257698.0,9.535379299252856
Tanzania,TZA,2005,18399046025.0,16675948415.0,10.33283125564286
Tanzania,TZA,2006,18649590248.0,18399046025.0,1.361723986447827
Tanzania,TZA,2007,21843529025.0,18649590248.0,17.126053358424432
Tanzania,TZA,2008,27961527623.0,21843529025.0,28.00828836310254
Tanzania,TZA,2009,29081826159.0,27961527623.0,4.006571282888305
Tanzania,TZA,2010,32014247548.0,29081826159.0,10.083346805552985
Tanzania,TZA,2011,34657141721.0,32014247548.0,8.25536870431649
Tanzania,TZA,2012,39650522646.0,34657141721.0,14.40794213555796
Tanzania,TZA,2013,45680532614.0,39650522646.0,15.20789529519182
Tanzania,TZA,2014,49964825081.0,45680532614.0,9.37881461059622
Tanzania,TZA,2015,47378603784.0,49964825081.0,-5.176083960681089
Tanzania,TZA,2016,49774004999.0,47378603784.0,5.055871266111356
Tanzania,TZA,2017,53275968095.0,49774004999.0,7.035726974492729
Tanzania,TZA,2018,57003686049.0,53275968095.0,6.996997121390369
Tanzania,TZA,2019,61026765850.0,57003686049.0,7.0575783424633
Tanzania,TZA,2020,66068737757.0,61026765850.0,8.261902522235665
Tanzania,TZA,2021,70655628141.0,66068737757.0,6.942603324541374
Tanzania,TZA,2022,75709289056.0,70655628141.0,7.152524219181711
Thailand,THA,1960,2760750921.0,,
Thailand,THA,1961,3034037872.0,2760750921.0,9.899007872141175
Thailand,THA,1962,3308912797.0,3034037872.0,9.059706457085381
Thailand,THA,1963,3540403457.0,3308912797.0,6.995973426978175
Thailand,THA,1964,3889129939.0,3540403457.0,9.849907962057447
Thailand,THA,1965,4388937645.0,3889129939.0,12.851401568971843
Thailand,THA,1966,5279230812.0,4388937645.0,20.284935421997787
Thailand,THA,1967,5638461437.0,5279230812.0,6.8046016132397025
Thailand,THA,1968,6081009422.0,5638461437.0,7.84873657370373
Thailand,THA,1969,6695336561.0,6081009422.0,10.102387553906333
Thailand,THA,1970,7086538431.0,6695336561.0,5.842900747943447
Thailand,THA,1971,7375000018.0,7086538431.0,4.070557011842735
Thailand,THA,1972,8177872958.0,7375000018.0,10.886412719192485
Thailand,THA,1973,10838587358.0,8177872958.0,32.53553110527545
Thailand,THA,1974,13702998648.0,10838587358.0,26.42790241373816
Thailand,THA,1975,14882770239.0,13702998648.0,8.609587005776964
Thailand,THA,1976,16985208712.0,14882770239.0,14.12666082481473
Thailand,THA,1977,19779312336.0,16985208712.0,16.45021660538073
Thailand,THA,1978,24006567108.0,19779312336.0,21.372101821285483
Thailand,THA,1979,27371650353.0,24006567108.0,14.017344628497973
Thailand,THA,1980,32353514502.0,27371650353.0,18.200817578593597
Thailand,THA,1981,34846038518.0,32353514502.0,7.704028617496617
Thailand,THA,1982,36589772337.0,34846038518.0,5.00410919909664
Thailand,THA,1983,40042798315.0,36589772337.0,9.437134361473621
Thailand,THA,1984,41797647303.0,40042798315.0,4.3824334508176355
Thailand,THA,1985,38900711298.0,41797647303.0,-6.930859012229796
Thailand,THA,1986,43096774497.0,38900711298.0,10.786597619914806
Thailand,THA,1987,50535445680.0,43096774497.0,17.260389599499625
Thailand,THA,1988,61667254411.0,50535445680.0,22.02772446391137
Thailand,THA,1989,72250747142.0,61667254411.0,17.162257071578257
Thailand,THA,1990,85343189321.0,72250747142.0,18.120839848574022
Thailand,THA,1991,98234713408.0,85343189321.0,15.105510105219189
Thailand,THA,1992,111000000000.0,98234713408.0,12.994679934558073
Thailand,THA,1993,129000000000.0,111000000000.0,16.216216216216207
Thailand,THA,1994,147000000000.0,129000000000.0,13.953488372093027
Thailand,THA,1995,169000000000.0,147000000000.0,14.965986394557817
Thailand,THA,1996,183000000000.0,169000000000.0,8.284023668639051
Thailand,THA,1997,150000000000.0,183000000000.0,-18.032786885245898
Thailand,THA,1998,114000000000.0,150000000000.0,-24.0
Thailand,THA,1999,127000000000.0,114000000000.0,11.403508771929815
Thailand,THA,2000,126000000000.0,127000000000.0,-0.7874015748031482
Thailand,THA,2001,120000000000.0,126000000000.0,-4.761904761904767
Thailand,THA,2002,134000000000.0,120000000000.0,11.66666666666667
Thailand,THA,2003,152000000000.0,134000000000.0,13.432835820895516
Thailand,THA,2004,173000000000.0,152000000000.0,13.815789473684204
Thailand,THA,2005,189000000000.0,173000000000.0,9.248554913294793
Thailand,THA,2006,222000000000.0,189000000000.0,17.460317460317466
Thailand,THA,2007,263000000000.0,222000000000.0,18.46846846846846
Thailand,THA,2008,291000000000.0,263000000000.0,10.646387832699622
Thailand,THA,2009,282000000000.0,291000000000.0,-3.0927835051546393
Thailand,THA,2010,341000000000.0,282000000000.0,20.921985815602827
Thailand,THA,2011,371000000000.0,341000000000.0,8.797653958944274
Thailand,THA,2012,398000000000.0,371000000000.0,7.277628032345018
Thailand,THA,2013,420000000000.0,398000000000.0,5.5276381909547645
Thailand,THA,2014,407000000000.0,420000000000.0,-3.0952380952380953
Thailand,THA,2015,401000000000.0,407000000000.0,-1.4742014742014753
Thailand,THA,2016,413000000000.0,401000000000.0,2.9925187032418865
Thailand,THA,2017,456000000000.0,413000000000.0,10.411622276029053
Thailand,THA,2018,507000000000.0,456000000000.0,11.184210526315796
Thailand,THA,2019,544000000000.0,507000000000.0,7.2978303747534445
Thailand,THA,2020,500000000000.0,544000000000.0,-8.088235294117652
Thailand,THA,2021,506000000000.0,500000000000.0,1.200000000000001
Thailand,THA,2022,495000000000.0,506000000000.0,-2.1739130434782594
Timor-Leste,TLS,2000,367087900.0,,
Timor-Leste,TLS,2001,477443500.0,367087900.0,30.062445534162265
Timor-Leste,TLS,2002,469506700.0,477443500.0,-1.6623537654193665
Timor-Leste,TLS,2003,490439100.0,469506700.0,4.458381531083577
Timor-Leste,TLS,2004,440764600.0,490439100.0,-10.128576616342377
Timor-Leste,TLS,2005,462283600.0,440764600.0,4.882197889757944
Timor-Leste,TLS,2006,453805100.0,462283600.0,-1.8340473250619271
Timor-Leste,TLS,2007,542795400.0,453805100.0,19.60980605991427
Timor-Leste,TLS,2008,648492700.0,542795400.0,19.472770034528676
Timor-Leste,TLS,2009,726882400.0,648492700.0,12.08798495341583
Timor-Leste,TLS,2010,881827800.0,726882400.0,21.316433029606998
Timor-Leste,TLS,2011,1042411500.0,881827800.0,18.210324056465453
Timor-Leste,TLS,2012,1160389600.0,1042411500.0,11.3178049167723
Timor-Leste,TLS,2013,1395519600.0,1160389600.0,20.26302200571257
Timor-Leste,TLS,2014,1447310400.0,1395519600.0,3.71121982091831
Timor-Leste,TLS,2015,1594447600.0,1447310400.0,10.16625044634516
Timor-Leste,TLS,2016,1650619400.0,1594447600.0,3.5229630625678743
Timor-Leste,TLS,2017,1595724300.0,1650619400.0,-3.3257272997033738
Timor-Leste,TLS,2018,1563887900.0,1595724300.0,-1.9951065481675023
Timor-Leste,TLS,2019,2028551600.0,1563887900.0,29.712084862348508
Timor-Leste,TLS,2020,2158392500.0,2028551600.0,6.400670310777401
Timor-Leste,TLS,2021,3621222400.0,2158392500.0,67.7740448041772
Timor-Leste,TLS,2022,3163324631.0,3621222400.0,-12.644839736990466
Togo,TGO,1960,164603554.0,,
Togo,TGO,1961,171762891.7,164603554.0,4.349442965247263
Togo,TGO,1962,179700351.9,171762891.7,4.621172897964221
Togo,TGO,1963,194673419.1,179700351.9,8.332241446211652
Togo,TGO,1964,225722420.0,194673419.1,15.949275994403077
Togo,TGO,1965,254526437.2,225722420.0,12.760813569161634
Togo,TGO,1966,293712193.9,254526437.2,15.395554635139487
Togo,TGO,1967,314870886.0,293712193.9,7.203886164564177
Togo,TGO,1968,328800480.5,314870886.0,4.423906788257326
Togo,TGO,1969,363827440.3,328800480.5,10.652952741046873
Togo,TGO,1970,345134277.0,363827440.3,-5.1379201317487855
Togo,TGO,1971,389382093.2,345134277.0,12.820464134890885
Togo,TGO,1972,456159541.7,389382093.2,17.14959410465258
Togo,TGO,1973,552374366.4,456159541.7,21.092362628529003
Togo,TGO,1974,761591056.3,552374366.4,37.875886830797725
Togo,TGO,1975,838891749.3,761591056.3,10.149895059895542
Togo,TGO,1976,841682268.5,838891749.3,0.3326435386125315
Togo,TGO,1977,1056473300.0,841682268.5,25.519253468745262
Togo,TGO,1978,1120110136.0,1056473300.0,6.023515785964495
Togo,TGO,1979,1211853290.0,1120110136.0,8.19054761236444
Togo,TGO,1980,1544290810.0,1211853290.0,27.432158887813895
Togo,TGO,1981,1307754355.0,1544290810.0,-15.31683368626664
Togo,TGO,1982,1116560701.0,1307754355.0,-14.619997499453941
Togo,TGO,1983,1040589484.0,1116560701.0,-6.804038233833554
Togo,TGO,1984,975908209.6,1040589484.0,-6.215830103468544
Togo,TGO,1985,1035987180.0,975908209.6,6.156211189638916
Togo,TGO,1986,1441695858.0,1035987180.0,39.16155391034859
Togo,TGO,1987,1697428001.0,1441695858.0,17.73828658665675
Togo,TGO,1988,1873745515.0,1697428001.0,10.387333889633421
Togo,TGO,1989,1838552523.0,1873745515.0,-1.8782162101666167
Togo,TGO,1990,2212905423.0,1838552523.0,20.361283962079124
Togo,TGO,1991,2177399825.0,2212905423.0,-1.6044787830049034
Togo,TGO,1992,2300598696.0,2177399825.0,5.658072972427108
Togo,TGO,1993,1676225629.0,2300598696.0,-27.139590580729422
Togo,TGO,1994,1335309430.0,1676225629.0,-20.338323976312378
Togo,TGO,1995,1779348593.0,1335309430.0,33.25365290051161
Togo,TGO,1996,1991429218.0,1779348593.0,11.919003720481204
Togo,TGO,1997,2036956851.0,1991429218.0,2.2861788201402167
Togo,TGO,1998,2157078792.0,2036956851.0,5.897127420299975
Togo,TGO,1999,2142574541.0,2157078792.0,-0.6724024664185757
Togo,TGO,2000,2027363117.0,2142574541.0,-5.377242275371552
Togo,TGO,2001,2014516701.0,2027363117.0,-0.6336514604749044
Togo,TGO,2002,2319268823.0,2014516701.0,15.127803202064394
Togo,TGO,2003,2875255593.0,2319268823.0,23.972502216488433
Togo,TGO,2004,3071152629.0,2875255593.0,6.813204240935122
Togo,TGO,2005,3100356552.0,3071152629.0,0.9509108314655457
Togo,TGO,2006,3195618966.0,3100356552.0,3.072627693048635
Togo,TGO,2007,3618281293.0,3195618966.0,13.226305498150559
Togo,TGO,2008,4516616224.0,3618281293.0,24.82766977619835
Togo,TGO,2009,4592147228.0,4516616224.0,1.6722918276441012
Togo,TGO,2010,4660369658.0,4592147228.0,1.4856324636985274
Togo,TGO,2011,5262368232.0,4660369658.0,12.917399652334627
Togo,TGO,2012,5263522037.0,5262368232.0,0.02192558462525973
Togo,TGO,2013,5872790935.0,5263522037.0,11.575308200804258
Togo,TGO,2014,6217047649.0,5872790935.0,5.861892885516107
Togo,TGO,2015,5681469374.0,6217047649.0,-8.614672192292861
Togo,TGO,2016,6031632015.0,5681469374.0,6.163240844040141
Togo,TGO,2017,6395472028.0,6031632015.0,6.032198451350657
Togo,TGO,2018,7029217932.0,6395472028.0,9.909290529696623
Togo,TGO,2019,6992656429.0,7029217932.0,-0.5201361425082096
Togo,TGO,2020,7389329393.0,6992656429.0,5.672707761744378
Togo,TGO,2021,8334047486.0,7389329393.0,12.784896203097173
Togo,TGO,2022,8126439481.0,8334047486.0,-2.4910825784080437
Tonga,TON,1975,32506741.72,,
Tonga,TON,1976,30036416.96,32506741.72,-7.599422855967486
Tonga,TON,1977,34139387.89,30036416.96,13.659987925537177
Tonga,TON,1978,41567471.67,34139387.89,21.758104755521444
Tonga,TON,1979,44667002.01,41567471.67,7.456624652581367
Tonga,TON,1980,53260077.43,44667002.01,19.23808411873309
Tonga,TON,1981,62242013.33,53260077.43,16.864293732589864
Tonga,TON,1982,62068161.07,62242013.33,-0.2793165752499882
Tonga,TON,1983,60863963.96,62068161.07,-1.9401204888959356
Tonga,TON,1984,64248354.54,60863963.96,5.560581926974439
Tonga,TON,1985,60058663.31,64248354.54,-6.521087209154219
Tonga,TON,1986,68195855.61,60058663.31,13.548740267492976
Tonga,TON,1987,81667133.45,68195855.61,19.753807206467002
Tonga,TON,1988,106657267.4,81667133.45,30.599989119613213
Tonga,TON,1989,106344855.0,106657267.4,-0.29291243589464333
Tonga,TON,1990,113563821.6,106344855.0,6.788261265671935
Tonga,TON,1991,132201141.4,113563821.6,16.41131791570496
Tonga,TON,1992,137066290.6,132201141.4,3.6801113428208243
Tonga,TON,1993,138489884.4,137066290.6,1.0386170033261255
Tonga,TON,1994,195990986.2,138489884.4,41.52007350509419
Tonga,TON,1995,208871665.7,195990986.2,6.572077496898676
Tonga,TON,1996,222100576.3,208871665.7,6.333511324125962
Tonga,TON,1997,214991452.3,222100576.3,-3.2008579709389973
Tonga,TON,1998,191504892.8,214991452.3,-10.924415481982397
Tonga,TON,1999,199208752.5,191504892.8,4.02280045557144
Tonga,TON,2000,204848436.6,199208752.5,2.83104232581346
Tonga,TON,2001,181117272.4,204848436.6,-11.584742648702251
Tonga,TON,2002,182764299.9,181117272.4,0.9093707508815108
Tonga,TON,2003,202246621.2,182764299.9,10.659806817118977
Tonga,TON,2004,230657579.1,202246621.2,14.047679872933273
Tonga,TON,2005,261803692.1,230657579.1,13.503182128906687
Tonga,TON,2006,292230634.2,261803692.1,11.622044691553835
Tonga,TON,2007,298519087.7,292230634.2,2.151880317823296
Tonga,TON,2008,344436494.4,298519087.7,15.381732221473609
Tonga,TON,2009,312377751.1,344436494.4,-9.307591913524005
Tonga,TON,2010,366832186.5,312377751.1,17.43223875844082
Tonga,TON,2011,414533045.1,366832186.5,13.003455082587202
Tonga,TON,2012,470705334.8,414533045.1,13.55073868392067
Tonga,TON,2013,450650718.2,470705334.8,-4.260545848396024
Tonga,TON,2014,439877675.7,450650718.2,-2.3905526086877127
Tonga,TON,2015,437003006.7,439877675.7,-0.6535155473451515
Tonga,TON,2016,420548768.1,437003006.7,-3.7652460847473534
Tonga,TON,2017,460374252.2,420548768.1,9.469884855430145
Tonga,TON,2018,488906860.9,460374252.2,6.197698625335946
Tonga,TON,2019,512053639.8,488906860.9,4.7343943706149805
Tonga,TON,2020,484796858.8,512053639.8,-5.32303237032864
Tonga,TON,2021,469228124.2,484796858.8,-3.2113934563307134
Trinidad and Tobago,TTO,1960,535673252.3,,
Trinidad and Tobago,TTO,1961,584964620.7,535673252.3,9.201760249995594
Trinidad and Tobago,TTO,1962,619322809.8,584964620.7,5.873549935188405
Trinidad and Tobago,TTO,1963,678239329.1,619322809.8,9.513054963860634
Trinidad and Tobago,TTO,1964,711897520.0,678239329.1,4.96258318500391
Trinidad and Tobago,TTO,1965,736573158.3,711897520.0,3.466178432536182
Trinidad and Tobago,TTO,1966,723739857.0,736573158.3,-1.7422982571913215
Trinidad and Tobago,TTO,1967,761981839.1,723739857.0,5.283940317798463
Trinidad and Tobago,TTO,1968,758899949.6,761981839.1,-0.40445708045222517
Trinidad and Tobago,TTO,1969,779199999.6,758899949.6,2.6749309985723
Trinidad and Tobago,TTO,1970,821849999.6,779199999.6,5.4735626311466
Trinidad and Tobago,TTO,1971,896765145.6,821849999.6,9.115428123923074
Trinidad and Tobago,TTO,1972,1083391921.0,896765145.6,20.811109387523462
Trinidad and Tobago,TTO,1973,1308785740.0,1083391921.0,20.804458168005844
Trinidad and Tobago,TTO,1974,2042001159.0,1308785740.0,56.02257089078615
Trinidad and Tobago,TTO,1975,2442670280.0,2042001159.0,19.621395376494988
Trinidad and Tobago,TTO,1976,2500424512.0,2442670280.0,2.3643891880487544
Trinidad and Tobago,TTO,1977,3138666668.0,2500424512.0,25.525351912723536
Trinidad and Tobago,TTO,1978,3562333460.0,3138666668.0,13.498304752124767
Trinidad and Tobago,TTO,1979,4602416627.0,3562333460.0,29.19668185695339
Trinidad and Tobago,TTO,1980,6235833336.0,4602416627.0,35.49041387121687
Trinidad and Tobago,TTO,1981,6992083336.0,6235833336.0,12.127488969823874
Trinidad and Tobago,TTO,1982,8140416670.0,6992083336.0,16.423335918889848
Trinidad and Tobago,TTO,1983,7763750003.0,8140416670.0,-4.627117778726674
Trinidad and Tobago,TTO,1984,7757083335.0,7763750003.0,-0.08586917401286476
Trinidad and Tobago,TTO,1985,7375918367.0,7757083335.0,-4.913766573580325
Trinidad and Tobago,TTO,1986,4794444444.0,7375918367.0,-34.99867805681749
Trinidad and Tobago,TTO,1987,4797777778.0,4794444444.0,0.06952492700529334
Trinidad and Tobago,TTO,1988,4496910569.0,4797777778.0,-6.270970080765592
Trinidad and Tobago,TTO,1989,4323058824.0,4496910569.0,-3.866026293661884
Trinidad and Tobago,TTO,1990,5068000000.0,4323058824.0,17.23180753091691
Trinidad and Tobago,TTO,1991,5307905882.0,5068000000.0,4.733738792423048
Trinidad and Tobago,TTO,1992,5439552941.0,5307905882.0,2.4802071085404442
Trinidad and Tobago,TTO,1993,4669491425.0,5439552941.0,-14.156705971105655
Trinidad and Tobago,TTO,1994,4947181506.0,4669491425.0,5.946902044048619
Trinidad and Tobago,TTO,1995,5329217897.0,4947181506.0,7.722303912574491
Trinidad and Tobago,TTO,1996,5759570496.0,5329217897.0,8.075342523379646
Trinidad and Tobago,TTO,1997,5737771217.0,5759570496.0,-0.37848792744423765
Trinidad and Tobago,TTO,1998,6043687133.0,5737771217.0,5.331615786520483
Trinidad and Tobago,TTO,1999,6808982521.0,6043687133.0,12.66272345272974
Trinidad and Tobago,TTO,2000,8154342548.0,6808982521.0,19.758605971607256
Trinidad and Tobago,TTO,2001,8824849663.0,8154342548.0,8.222699881113705
Trinidad and Tobago,TTO,2002,9008297748.0,8824849663.0,2.078767253896041
Trinidad and Tobago,TTO,2003,11305459802.0,9008297748.0,25.500512064113458
Trinidad and Tobago,TTO,2004,13280292692.0,11305459802.0,17.46795729308277
Trinidad and Tobago,TTO,2005,15982388173.0,13280292692.0,20.34665608407662
Trinidad and Tobago,TTO,2006,18369361094.0,15982388173.0,14.935020318380543
Trinidad and Tobago,TTO,2007,21641620050.0,18369361094.0,17.81367865357506
Trinidad and Tobago,TTO,2008,27871587350.0,21641620050.0,28.78697290501595
Trinidad and Tobago,TTO,2009,19172165226.0,27871587350.0,-31.212510485162593
Trinidad and Tobago,TTO,2010,22157919434.0,19172165226.0,15.573380329264651
Trinidad and Tobago,TTO,2011,25433008605.0,22157919434.0,14.780670995556422
Trinidad and Tobago,TTO,2012,27121712419.0,25433008605.0,6.63981143649679
Trinidad and Tobago,TTO,2013,28557451150.0,27121712419.0,5.293687613891951
Trinidad and Tobago,TTO,2014,29489012807.0,28557451150.0,3.2620616318554063
Trinidad and Tobago,TTO,2015,26851970249.0,29489012807.0,-8.94245790884538
Trinidad and Tobago,TTO,2016,23496215881.0,26851970249.0,-12.497237025372366
Trinidad and Tobago,TTO,2017,23797686962.0,23496215881.0,1.283062270651758
Trinidad and Tobago,TTO,2018,24322359037.0,23797686962.0,2.204718785644144
Trinidad and Tobago,TTO,2019,23849557811.0,24322359037.0,-1.9438954308698353
Trinidad and Tobago,TTO,2020,21059428846.0,23849557811.0,-11.698870843270415
Trinidad and Tobago,TTO,2021,24460196270.0,21059428846.0,16.14843141696094
Trinidad and Tobago,TTO,2022,27899082337.0,24460196270.0,14.059110683497389
Tunisia,TUN,1965,991047619.9,,
Tunisia,TUN,1966,1040952382.0,991047619.9,5.035556425132781
Tunisia,TUN,1967,1085714287.0,1040952382.0,4.300091509853532
Tunisia,TUN,1968,1214666668.0,1085714287.0,11.877192972777006
Tunisia,TUN,1969,1289904763.0,1214666668.0,6.19413514687801
Tunisia,TUN,1970,1439238097.0,1289904763.0,11.577082144629625
Tunisia,TUN,1971,1685163348.0,1439238097.0,17.087183247345617
Tunisia,TUN,1972,2237554587.0,1685163348.0,32.77968510622984
Tunisia,TUN,1973,2730814468.0,2237554587.0,22.04459653703188
Tunisia,TUN,1974,3545865876.0,2730814468.0,29.846458540148625
Tunisia,TUN,1975,4328969185.0,3545865876.0,22.0849670118769
Tunisia,TUN,1976,4508191953.0,4328969185.0,4.140079551062925
Tunisia,TUN,1977,5109324009.0,4508191953.0,13.334216073030646
Tunisia,TUN,1978,5968462485.0,5109324009.0,16.815110462492488
Tunisia,TUN,1979,7188855078.0,5968462485.0,20.44735300032634
Tunisia,TUN,1980,8744134354.0,7188855078.0,21.63458936263174
Tunisia,TUN,1981,8428442466.0,8744134354.0,-3.610327508927025
Tunisia,TUN,1982,8133573181.0,8428442466.0,-3.498502673411974
Tunisia,TUN,1983,8350586860.0,8133573181.0,2.6681222898066848
Tunisia,TUN,1984,8254537657.0,8350586860.0,-1.1502090165672496
Tunisia,TUN,1985,8410227733.0,8254537657.0,1.8861150371998425
Tunisia,TUN,1986,9017804762.0,8410227733.0,7.224263697592792
Tunisia,TUN,1987,9696710060.0,9017804762.0,7.528498519515847
Tunisia,TUN,1988,10096243801.0,9696710060.0,4.120302025406741
Tunisia,TUN,1989,10101853518.0,10096243801.0,0.05556241618733804
Tunisia,TUN,1990,12290568182.0,10101853518.0,21.6664660609069
Tunisia,TUN,1991,13074782609.0,12290568182.0,6.380619800380849
Tunisia,TUN,1992,15496702220.0,13074782609.0,18.523593725626284
Tunisia,TUN,1993,14608340459.0,15496702220.0,-5.732585864968631
Tunisia,TUN,1994,15633171728.0,14608340459.0,7.015384614537901
Tunisia,TUN,1995,18030876599.0,15633171728.0,15.33728991606711
Tunisia,TUN,1996,19587155099.0,18030876599.0,8.631186018356484
Tunisia,TUN,1997,20746204101.0,19587155099.0,5.917393292398931
Tunisia,TUN,1998,21802893587.0,20746204101.0,5.093411213230414
Tunisia,TUN,1999,22943202175.0,21802893587.0,5.2300791335325725
Tunisia,TUN,2000,21473522939.0,22943202175.0,-6.405728480226847
Tunisia,TUN,2001,22065840117.0,21473522939.0,2.7583605153313595
Tunisia,TUN,2002,23141611179.0,22065840117.0,4.875278060096178
Tunisia,TUN,2003,27453895159.0,23141611179.0,18.634329073479595
Tunisia,TUN,2004,31183893587.0,27453895159.0,13.586408800636885
Tunisia,TUN,2005,32272178404.0,31183893587.0,3.489893954274148
Tunisia,TUN,2006,34376664601.0,32272178404.0,6.521054050504249
Tunisia,TUN,2007,38915343743.0,34376664601.0,13.202790889340598
Tunisia,TUN,2008,44859452038.0,38915343743.0,15.274459180562205
Tunisia,TUN,2009,43455740497.0,44859452038.0,-3.129132161068149
Tunisia,TUN,2010,46206091938.0,43455740497.0,6.329086582220067
Tunisia,TUN,2011,48123314430.0,46206091938.0,4.1492851084929505
Tunisia,TUN,2012,47311411910.0,48123314430.0,-1.6871292628461654
Tunisia,TUN,2013,48685436425.0,47311411910.0,2.9042137182754058
Tunisia,TUN,2014,50271812921.0,48685436425.0,3.258421023797986
Tunisia,TUN,2015,45779494042.0,50271812921.0,-8.936059031846511
Tunisia,TUN,2016,44360065797.0,45779494042.0,-3.1005765238422245
Tunisia,TUN,2017,42163530591.0,44360065797.0,-4.951604932354603
Tunisia,TUN,2018,42686509836.0,42163530591.0,1.2403592338437353
Tunisia,TUN,2019,41905637659.0,42686509836.0,-1.8293183959055992
Tunisia,TUN,2020,42538462678.0,41905637659.0,1.5101190540268261
Tunisia,TUN,2021,46687298709.0,42538462678.0,9.753140498764878
Tunisia,TUN,2022,46664948952.0,46687298709.0,-0.04787117185619527
Turkiye,TUR,1960,7552470819.0,,
Turkiye,TUR,1961,7971175166.0,7552470819.0,5.543938626636624
Turkiye,TUR,1962,8902439024.0,7971175166.0,11.682892906082198
Turkiye,TUR,1963,10332594235.0,8902439024.0,16.064757165361755
Turkiye,TUR,1964,11129344520.0,10332594235.0,7.711038166011952
Turkiye,TUR,1965,11913716815.0,11129344520.0,7.047785191575695
Turkiye,TUR,1966,14037610621.0,11913716815.0,17.827298054675133
Turkiye,TUR,1967,15575221241.0,14037610621.0,10.953506700775439
Turkiye,TUR,1968,17422566374.0,15575221241.0,11.860795454622973
Turkiye,TUR,1969,19380530976.0,17422566374.0,11.23809523792032
Turkiye,TUR,1970,17345632698.0,19380530976.0,-10.499703442180863
Turkiye,TUR,1971,16311659192.0,17345632698.0,-5.961001965176049
Turkiye,TUR,1972,20431095406.0,16311659192.0,25.2545505365902
Turkiye,TUR,1973,25724381625.0,20431095406.0,25.90799031482922
Turkiye,TUR,1974,35599700823.0,25724381625.0,38.388946882994325
Turkiye,TUR,1975,44633449701.0,35599700823.0,25.37591235082386
Turkiye,TUR,1976,51279868357.0,44633449701.0,14.891115745084548
Turkiye,TUR,1977,58675998837.0,51279868357.0,14.423068383307157
Turkiye,TUR,1978,65146575336.0,58675998837.0,11.027637581381523
Turkiye,TUR,1979,89392647417.0,65146575336.0,37.217723197187944
Turkiye,TUR,1980,68789214177.0,89392647417.0,-23.048241477723362
Turkiye,TUR,1981,71040286284.0,68789214177.0,3.2724201518101514
Turkiye,TUR,1982,64546167132.0,71040286284.0,-9.141459714897904
Turkiye,TUR,1983,61678257318.0,64546167132.0,-4.443191503741795
Turkiye,TUR,1984,59990263933.0,61678257318.0,-2.7367721761285546
Turkiye,TUR,1985,67234937531.0,59990263933.0,12.076415609858282
Turkiye,TUR,1986,75727813489.0,67234937531.0,12.631641033479335
Turkiye,TUR,1987,87168298082.0,75727813489.0,15.107374775401139
Turkiye,TUR,1988,90853080152.0,87168298082.0,4.227204328956491
Turkiye,TUR,1989,107000000000.0,90853080152.0,17.772561833881362
Turkiye,TUR,1990,151000000000.0,107000000000.0,41.12149532710281
Turkiye,TUR,1991,151000000000.0,151000000000.0,0.0
Turkiye,TUR,1992,159000000000.0,151000000000.0,5.298013245033117
Turkiye,TUR,1993,180000000000.0,159000000000.0,13.207547169811317
Turkiye,TUR,1994,131000000000.0,180000000000.0,-27.222222222222225
Turkiye,TUR,1995,169000000000.0,131000000000.0,29.007633587786263
Turkiye,TUR,1996,181000000000.0,169000000000.0,7.100591715976323
Turkiye,TUR,1997,190000000000.0,181000000000.0,4.972375690607733
Turkiye,TUR,1998,276000000000.0,190000000000.0,45.26315789473685
Turkiye,TUR,1999,256000000000.0,276000000000.0,-7.246376811594201
Turkiye,TUR,2000,274000000000.0,256000000000.0,7.03125
Turkiye,TUR,2001,202000000000.0,274000000000.0,-26.277372262773724
Turkiye,TUR,2002,240000000000.0,202000000000.0,18.811881188118807
Turkiye,TUR,2003,315000000000.0,240000000000.0,31.25
Turkiye,TUR,2004,409000000000.0,315000000000.0,29.841269841269845
Turkiye,TUR,2005,506000000000.0,409000000000.0,23.716381418092915
Turkiye,TUR,2006,557000000000.0,506000000000.0,10.079051383399218
Turkiye,TUR,2007,681000000000.0,557000000000.0,22.26211849192101
Turkiye,TUR,2008,770000000000.0,681000000000.0,13.069016152716584
Turkiye,TUR,2009,649000000000.0,770000000000.0,-15.714285714285714
Turkiye,TUR,2010,777000000000.0,649000000000.0,19.722650231124806
Turkiye,TUR,2011,839000000000.0,777000000000.0,7.979407979407971
Turkiye,TUR,2012,881000000000.0,839000000000.0,5.005959475566146
Turkiye,TUR,2013,958000000000.0,881000000000.0,8.74006810442678
Turkiye,TUR,2014,939000000000.0,958000000000.0,-1.9832985386221247
Turkiye,TUR,2015,864000000000.0,939000000000.0,-7.987220447284349
Turkiye,TUR,2016,870000000000.0,864000000000.0,0.694444444444442
Turkiye,TUR,2017,859000000000.0,870000000000.0,-1.2643678160919491
Turkiye,TUR,2018,778000000000.0,859000000000.0,-9.429569266589056
Turkiye,TUR,2019,760000000000.0,778000000000.0,-2.3136246786632397
Turkiye,TUR,2020,720000000000.0,760000000000.0,-5.263157894736848
Turkiye,TUR,2021,819000000000.0,720000000000.0,13.749999999999996
Turkiye,TUR,2022,906000000000.0,819000000000.0,10.62271062271063
Turkmenistan,TKM,1987,2331358820.0,,
Turkmenistan,TKM,1988,3010982414.0,2331358820.0,29.15139394973101
Turkmenistan,TKM,1989,3006988217.0,3010982414.0,-0.1326542785978546
Turkmenistan,TKM,1990,3189539641.0,3006988217.0,6.070905864144938
Turkmenistan,TKM,1991,3208098919.0,3189539641.0,0.5818795214654005
Turkmenistan,TKM,1992,3200539816.0,3208098919.0,-0.23562562099413986
Turkmenistan,TKM,1993,3179225949.0,3200539816.0,-0.6659460036537834
Turkmenistan,TKM,1994,2561118608.0,3179225949.0,-19.44207020562413
Turkmenistan,TKM,1995,2482228440.0,2561118608.0,-3.080301230625393
Turkmenistan,TKM,1996,2378759975.0,2482228440.0,-4.168369974844055
Turkmenistan,TKM,1997,2450349634.0,2378759975.0,3.0095368911695175
Turkmenistan,TKM,1998,2605688065.0,2450349634.0,6.339439435278571
Turkmenistan,TKM,1999,2450564468.0,2605688065.0,-5.95326812459418
Turkmenistan,TKM,2000,2904662605.0,2450564468.0,18.530348535193085
Turkmenistan,TKM,2001,3534771969.0,2904662605.0,21.69303116015431
Turkmenistan,TKM,2002,4462028989.0,3534771969.0,26.232442379085754
Turkmenistan,TKM,2003,5977440583.0,4462028989.0,33.9623879122225
Turkmenistan,TKM,2004,6838351088.0,5977440583.0,14.402661022653284
Turkmenistan,TKM,2005,8103901996.0,6838351088.0,18.506667641279773
Turkmenistan,TKM,2006,10276674365.0,8103901996.0,26.811434418536372
Turkmenistan,TKM,2007,12664165103.0,10276674365.0,23.23213379350859
Turkmenistan,TKM,2008,19271523179.0,12664165103.0,52.17365710460289
Turkmenistan,TKM,2009,20214385965.0,19271523179.0,4.892518236583543
Turkmenistan,TKM,2010,22583157895.0,20214385965.0,11.718248252019059
Turkmenistan,TKM,2011,29233333333.0,22583157895.0,29.44750007470114
Turkmenistan,TKM,2012,35164210526.0,29233333333.0,20.288063374233612
Turkmenistan,TKM,2013,39197543860.0,35164210526.0,11.469995412005062
Turkmenistan,TKM,2014,43524210526.0,39197543860.0,11.038106574874561
Turkmenistan,TKM,2015,35799714286.0,43524210526.0,-17.747584957079532
Turkmenistan,TKM,2016,36169428571.0,35799714286.0,1.0327297085289455
Turkmenistan,TKM,2017,37926285714.0,36169428571.0,4.8572985872622265
Turkmenistan,TKM,2018,40765428571.0,37926285714.0,7.485950188768342
Turkmenistan,TKM,2019,44220285714.0,40765428571.0,8.474968285891492
Turkmenistan,TKM,2020,45610571429.0,44220285714.0,3.143999846567791
Turks and Caicos Islands,TCA,2001,358744800.0,,
Turks and Caicos Islands,TCA,2002,366707900.0,358744800.0,2.2197116167258724
Turks and Caicos Islands,TCA,2003,409753600.0,366707900.0,11.738416325364142
Turks and Caicos Islands,TCA,2004,485598800.0,409753600.0,18.509953298762973
Turks and Caicos Islands,TCA,2005,578645800.0,485598800.0,19.161291172877682
Turks and Caicos Islands,TCA,2006,721891500.0,578645800.0,24.75533391929916
Turks and Caicos Islands,TCA,2007,773489700.0,721891500.0,7.147639222791802
Turks and Caicos Islands,TCA,2008,862683600.0,773489700.0,11.53136234393295
Turks and Caicos Islands,TCA,2009,703175800.0,862683600.0,-18.48972207191605
Turks and Caicos Islands,TCA,2010,686787800.0,703175800.0,-2.330569396728388
Turks and Caicos Islands,TCA,2011,728789600.0,686787800.0,6.115688135403685
Turks and Caicos Islands,TCA,2012,727161000.0,728789600.0,-0.22346641609595208
Turks and Caicos Islands,TCA,2013,754238000.0,727161000.0,3.723659547197933
Turks and Caicos Islands,TCA,2014,841070000.0,754238000.0,11.512546437596626
Turks and Caicos Islands,TCA,2015,942070000.0,841070000.0,12.008512965627126
Turks and Caicos Islands,TCA,2016,1032452000.0,942070000.0,9.593979215981818
Turks and Caicos Islands,TCA,2017,1022365000.0,1032452000.0,-0.9769945721447626
Turks and Caicos Islands,TCA,2018,1113178000.0,1022365000.0,8.882639761728939
Turks and Caicos Islands,TCA,2019,1197415000.0,1113178000.0,7.567253395234186
Turks and Caicos Islands,TCA,2020,924583000.0,1197415000.0,-22.78508286600719
Turks and Caicos Islands,TCA,2021,1044778790.0,924583000.0,12.99999999999999
Turks and Caicos Islands,TCA,2022,1138808881.0,1044778790.0,8.999999990428599
Tuvalu,TUV,1990,8824746.238,,
Tuvalu,TUV,1991,9365488.115,8824746.238,6.127562905679107
Tuvalu,TUV,1992,9742603.634,9365488.115,4.026650980379776
Tuvalu,TUV,1993,9631024.916,9742603.634,-1.1452659082897498
Tuvalu,TUV,1994,10887216.91,9631024.916,13.043180813633782
Tuvalu,TUV,1995,11025679.51,10887216.91,1.2717905883993241
Tuvalu,TUV,1996,12335200.16,11025679.51,11.877006299813985
Tuvalu,TUV,1997,12701093.97,12335200.16,2.9662575819928927
Tuvalu,TUV,1998,12757405.79,12701093.97,0.44336196655978544
Tuvalu,TUV,1999,13687141.11,12757405.79,7.287808628998715
Tuvalu,TUV,2000,15073978.45,13687141.11,10.13241062435426
Tuvalu,TUV,2001,13964728.72,15073978.45,-7.358705823279177
Tuvalu,TUV,2002,16842677.17,13964728.72,20.60869571979771
Tuvalu,TUV,2003,19456335.93,16842677.17,15.518071940816025
Tuvalu,TUV,2004,22798266.6,19456335.93,17.176567479219095
Tuvalu,TUV,2005,22909973.98,22798266.6,0.4899819006415118
Tuvalu,TUV,2006,24096867.47,22909973.98,5.180684583213124
Tuvalu,TUV,2007,28450156.79,24096867.47,18.06578936212242
Tuvalu,TUV,2008,31874425.95,28450156.79,12.036029134305526
Tuvalu,TUV,2009,28076988.13,31874425.95,-11.913744975225192
Tuvalu,TUV,2010,32105394.15,28076988.13,14.34771422542893
Tuvalu,TUV,2011,39196949.34,32105394.15,22.088360469482062
Tuvalu,TUV,2012,39345578.22,39196949.34,0.3791848154068411
Tuvalu,TUV,2013,38615887.03,39345578.22,-1.8545697458554167
Tuvalu,TUV,2014,38760972.42,38615887.03,0.37571424913089846
Tuvalu,TUV,2015,36811928.82,38760972.42,-5.028366107229876
Tuvalu,TUV,2016,41629064.97,36811928.82,13.085802087563625
Tuvalu,TUV,2017,45276606.0,41629064.97,8.76200566269889
Tuvalu,TUV,2018,48015219.95,45276606.0,6.0486290646432295
Tuvalu,TUV,2019,54123195.27,48015219.95,12.720915006450983
Tuvalu,TUV,2020,51746568.7,54123195.27,-4.3911423894023915
Tuvalu,TUV,2021,60196366.81,51746568.7,16.329195002257222
Tuvalu,TUV,2022,60349391.1,60196366.81,0.2542085147480666
Uganda,UGA,1960,423008385.7,,
Uganda,UGA,1961,441524109.0,423008385.7,4.3771527766192975
Uganda,UGA,1962,449012578.6,441524109.0,1.696049988518289
Uganda,UGA,1963,516147798.7,449012578.6,14.95174596429445
Uganda,UGA,1964,589056603.8,516147798.7,14.125567382759808
Uganda,UGA,1965,884502309.1,589056603.8,50.15574112811603
Uganda,UGA,1966,925381491.4,884502309.1,4.621715724133657
Uganda,UGA,1967,967240654.2,925381491.4,4.5234493221462335
Uganda,UGA,1968,1037379251.0,967240654.2,7.251411165922428
Uganda,UGA,1969,1168556628.0,1037379251.0,12.645074294049085
Uganda,UGA,1970,1259554808.0,1168556628.0,7.787228947196567
Uganda,UGA,1971,1417191655.0,1259554808.0,12.515282860164344
Uganda,UGA,1972,1490970267.0,1417191655.0,5.205972794131353
Uganda,UGA,1973,1701817877.0,1490970267.0,14.141637473713619
Uganda,UGA,1974,2098944968.0,1701817877.0,23.335463586741945
Uganda,UGA,1975,2359555556.0,2098944968.0,12.41626588468041
Uganda,UGA,1976,2447300000.0,2359555556.0,3.718685231923402
Uganda,UGA,1977,2936470588.0,2447300000.0,19.988174232828015
Uganda,UGA,1978,2420260870.0,2936470588.0,-17.579257224966284
Uganda,UGA,1979,2139025000.0,2420260870.0,-11.62006432802427
Uganda,UGA,1980,1244610000.0,2139025000.0,-41.81414429471372
Uganda,UGA,1981,1337300000.0,1244610000.0,7.447312812849005
Uganda,UGA,1982,2177500000.0,1337300000.0,62.82808644283258
Uganda,UGA,1983,2240333333.0,2177500000.0,2.8855721239954057
Uganda,UGA,1984,3615647477.0,2240333333.0,61.38881762556001
Uganda,UGA,1985,3519695213.0,3615647477.0,-2.653805842808943
Uganda,UGA,1986,3923244170.0,3519695213.0,11.465451767229485
Uganda,UGA,1987,6269522147.0,3923244170.0,59.80453612704917
Uganda,UGA,1988,6508931652.0,6269522147.0,3.818624440373952
Uganda,UGA,1989,5276480790.0,6508931652.0,-18.934764226957345
Uganda,UGA,1990,4304399315.0,5276480790.0,-18.42291318187477
Uganda,UGA,1991,3321729158.0,4304399315.0,-22.82943763083467
Uganda,UGA,1992,2857457761.0,3321729158.0,-13.976798676733049
Uganda,UGA,1993,3220439044.0,2857457761.0,12.70294483278629
Uganda,UGA,1994,3990430447.0,3220439044.0,23.909516450391166
Uganda,UGA,1995,5755818845.0,3990430447.0,44.24055052324534
Uganda,UGA,1996,6044585327.0,5755818845.0,5.016948757010442
Uganda,UGA,1997,6269333313.0,6044585327.0,3.7181704590403264
Uganda,UGA,1998,6584815847.0,6269333313.0,5.032154429336533
Uganda,UGA,1999,5998563258.0,6584815847.0,-8.903097711792396
Uganda,UGA,2000,6193246837.0,5998563258.0,3.245503475192324
Uganda,UGA,2001,5840503869.0,6193246837.0,-5.695606477245918
Uganda,UGA,2002,6178563591.0,5840503869.0,5.788194470589092
Uganda,UGA,2003,6606884274.0,6178563591.0,6.932366668911727
Uganda,UGA,2004,7939487548.0,6606884274.0,20.169920021819966
Uganda,UGA,2005,9239221760.0,7939487548.0,16.370505075323273
Uganda,UGA,2006,9977647685.0,9239221760.0,7.992295716906783
Uganda,UGA,2007,11902564497.0,9977647685.0,19.29229085622901
Uganda,UGA,2008,14440404137.0,11902564497.0,21.32178859975642
Uganda,UGA,2009,25127805566.0,14440404137.0,74.01040391671691
Uganda,UGA,2010,26673441432.0,25127805566.0,6.151097683163287
Uganda,UGA,2011,27871725245.0,26673441432.0,4.492422982069444
Uganda,UGA,2012,27305915908.0,27871725245.0,-2.0300477707295927
Uganda,UGA,2013,28915786520.0,27305915908.0,5.8956843543502835
Uganda,UGA,2014,32612397253.0,28915786520.0,12.784057353733713
Uganda,UGA,2015,32387183733.0,32612397253.0,-0.6905764033623196
Uganda,UGA,2016,29203988697.0,32387183733.0,-9.82856386107006
Uganda,UGA,2017,30744473840.0,29203988697.0,5.27491350234035
Uganda,UGA,2018,32927025621.0,30744473840.0,7.099005149212867
Uganda,UGA,2019,35348155092.0,32927025621.0,7.353016026615733
Uganda,UGA,2020,37605430214.0,35348155092.0,6.385835741992851
Uganda,UGA,2021,40510241366.0,37605430214.0,7.724446005456365
Uganda,UGA,2022,45559202049.0,40510241366.0,12.463417922850395
Ukraine,UKR,1987,64087694038.0,,
Ukraine,UKR,1988,74703517903.0,64087694038.0,16.56452775271564
Ukraine,UKR,1989,82709161099.0,74703517903.0,10.716554481938934
Ukraine,UKR,1990,81393558423.0,82709161099.0,-1.5906371900269556
Ukraine,UKR,1991,77350733982.0,81393558423.0,-4.967007855817728
Ukraine,UKR,1992,73945908384.0,77350733982.0,-4.401801279341866
Ukraine,UKR,1993,65648559903.0,73945908384.0,-11.220835151435281
Ukraine,UKR,1994,52549553403.0,65648559903.0,-19.95322748793672
Ukraine,UKR,1995,48213867647.0,52549553403.0,-8.250661471373189
Ukraine,UKR,1996,44558841762.0,48213867647.0,-7.580860161977543
Ukraine,UKR,1997,50151522612.0,44558841762.0,12.551225814781986
Ukraine,UKR,1998,41882529045.0,50151522612.0,-16.48802097390646
Ukraine,UKR,1999,31580642102.0,41882529045.0,-24.59709854658324
Ukraine,UKR,2000,32375081951.0,31580642102.0,2.515591185366328
Ukraine,UKR,2001,39309580983.0,32375081951.0,21.41924781069413
Ukraine,UKR,2002,43956163612.0,39309580983.0,11.820483741634092
Ukraine,UKR,2003,52010352502.0,43956163612.0,18.323229845748436
Ukraine,UKR,2004,67220154164.0,52010352502.0,29.24379653342115
Ukraine,UKR,2005,89238865119.0,67220154164.0,32.756114931364145
Ukraine,UKR,2006,112000000000.0,89238865119.0,25.50585426052654
Ukraine,UKR,2007,149000000000.0,112000000000.0,33.03571428571428
Ukraine,UKR,2008,188000000000.0,149000000000.0,26.174496644295296
Ukraine,UKR,2009,122000000000.0,188000000000.0,-35.1063829787234
Ukraine,UKR,2010,141000000000.0,122000000000.0,15.573770491803284
Ukraine,UKR,2011,169000000000.0,141000000000.0,19.8581560283688
Ukraine,UKR,2012,183000000000.0,169000000000.0,8.284023668639051
Ukraine,UKR,2013,190000000000.0,183000000000.0,3.825136612021862
Ukraine,UKR,2014,134000000000.0,190000000000.0,-29.47368421052632
Ukraine,UKR,2015,91030968761.0,134000000000.0,-32.066441223134326
Ukraine,UKR,2016,93355868978.0,91030968761.0,2.553966247578865
Ukraine,UKR,2017,112000000000.0,93355868978.0,19.97103259399109
Ukraine,UKR,2018,131000000000.0,112000000000.0,16.964285714285722
Ukraine,UKR,2019,154000000000.0,131000000000.0,17.557251908396942
Ukraine,UKR,2020,157000000000.0,154000000000.0,1.9480519480519431
Ukraine,UKR,2021,200000000000.0,157000000000.0,27.388535031847127
Ukraine,UKR,2022,161000000000.0,200000000000.0,-19.499999999999996
United Arab Emirates,ARE,1975,14720728252.0,,
United Arab Emirates,ARE,1976,19213156353.0,14720728252.0,30.517702820780258
United Arab Emirates,ARE,1977,24871775165.0,19213156353.0,29.45179182449347
United Arab Emirates,ARE,1978,23775765254.0,24871775165.0,-4.406641278031187
United Arab Emirates,ARE,1979,31225660993.0,23775765254.0,31.333989292927768
United Arab Emirates,ARE,1980,43599160062.0,31225660993.0,39.626059707026926
United Arab Emirates,ARE,1981,49333424149.0,43599160062.0,13.152235223902519
United Arab Emirates,ARE,1982,46622718618.0,49333424149.0,-5.49466325875324
United Arab Emirates,ARE,1983,42803323357.0,46622718618.0,-8.192133307999372
United Arab Emirates,ARE,1984,41807954241.0,42803323357.0,-2.3254482080705463
United Arab Emirates,ARE,1985,40603650232.0,41807954241.0,-2.8805619190497733
United Arab Emirates,ARE,1986,33943612095.0,40603650232.0,-16.402560112073814
United Arab Emirates,ARE,1987,36384908744.0,33943612095.0,7.192212314256352
United Arab Emirates,ARE,1988,36275674203.0,36384908744.0,-0.3002193622871574
United Arab Emirates,ARE,1989,41464995914.0,36275674203.0,14.305238496631013
United Arab Emirates,ARE,1990,50701443748.0,41464995914.0,22.2752893866353
United Arab Emirates,ARE,1991,51552165622.0,50701443748.0,1.6779046336990344
United Arab Emirates,ARE,1992,54239171888.0,51552165622.0,5.212208320601208
United Arab Emirates,ARE,1993,55625170253.0,54239171888.0,2.555345734005643
United Arab Emirates,ARE,1994,59305093980.0,55625170253.0,6.615572968608641
United Arab Emirates,ARE,1995,65743666576.0,59305093980.0,10.856694027280934
United Arab Emirates,ARE,1996,73571233996.0,65743666576.0,11.906192379689218
United Arab Emirates,ARE,1997,78839008445.0,73571233996.0,7.160100711762429
United Arab Emirates,ARE,1998,75674336283.0,78839008445.0,-4.014094322619178
United Arab Emirates,ARE,1999,84445473111.0,75674336283.0,11.590635952456196
United Arab Emirates,ARE,2000,104000000000.0,84445473111.0,23.156394497661715
United Arab Emirates,ARE,2001,103000000000.0,104000000000.0,-0.9615384615384581
United Arab Emirates,ARE,2002,110000000000.0,103000000000.0,6.796116504854366
United Arab Emirates,ARE,2003,124000000000.0,110000000000.0,12.72727272727272
United Arab Emirates,ARE,2004,148000000000.0,124000000000.0,19.354838709677423
United Arab Emirates,ARE,2005,181000000000.0,148000000000.0,22.297297297297302
United Arab Emirates,ARE,2006,222000000000.0,181000000000.0,22.651933701657455
United Arab Emirates,ARE,2007,258000000000.0,222000000000.0,16.216216216216207
United Arab Emirates,ARE,2008,315000000000.0,258000000000.0,22.093023255813947
United Arab Emirates,ARE,2009,254000000000.0,315000000000.0,-19.365079365079364
United Arab Emirates,ARE,2010,290000000000.0,254000000000.0,14.173228346456689
United Arab Emirates,ARE,2011,351000000000.0,290000000000.0,21.034482758620697
United Arab Emirates,ARE,2012,385000000000.0,351000000000.0,9.686609686609682
United Arab Emirates,ARE,2013,400000000000.0,385000000000.0,3.8961038961038863
United Arab Emirates,ARE,2014,414000000000.0,400000000000.0,3.499999999999992
United Arab Emirates,ARE,2015,370000000000.0,414000000000.0,-10.6280193236715
United Arab Emirates,ARE,2016,369000000000.0,370000000000.0,-0.2702702702702675
United Arab Emirates,ARE,2017,391000000000.0,369000000000.0,5.962059620596216
United Arab Emirates,ARE,2018,427000000000.0,391000000000.0,9.207161125319697
United Arab Emirates,ARE,2019,418000000000.0,427000000000.0,-2.1077283372365363
United Arab Emirates,ARE,2020,349000000000.0,418000000000.0,-16.507177033492827
United Arab Emirates,ARE,2021,415000000000.0,349000000000.0,18.911174785100293
United Arab Emirates,ARE,2022,508000000000.0,415000000000.0,22.40963855421687
United Kingdom,GBR,1960,73233970838.0,,
United Kingdom,GBR,1961,77741969043.0,73233970838.0,6.155610782012744
United Kingdom,GBR,1962,81247567647.0,77741969043.0,4.5092742660801655
United Kingdom,GBR,1963,86561965531.0,81247567647.0,6.540993211131818
United Kingdom,GBR,1964,94407562407.0,86561965531.0,9.06356137810931
United Kingdom,GBR,1965,102000000000.0,94407562407.0,8.04219217128843
United Kingdom,GBR,1966,109000000000.0,102000000000.0,6.8627450980392135
United Kingdom,GBR,1967,113000000000.0,109000000000.0,3.669724770642202
United Kingdom,GBR,1968,108000000000.0,113000000000.0,-4.424778761061942
United Kingdom,GBR,1969,116000000000.0,108000000000.0,7.407407407407418
United Kingdom,GBR,1970,131000000000.0,116000000000.0,12.93103448275863
United Kingdom,GBR,1971,148000000000.0,131000000000.0,12.977099236641232
United Kingdom,GBR,1972,170000000000.0,148000000000.0,14.864864864864868
United Kingdom,GBR,1973,193000000000.0,170000000000.0,13.529411764705879
United Kingdom,GBR,1974,206000000000.0,193000000000.0,6.735751295336789
United Kingdom,GBR,1975,242000000000.0,206000000000.0,17.475728155339798
United Kingdom,GBR,1976,233000000000.0,242000000000.0,-3.7190082644628086
United Kingdom,GBR,1977,263000000000.0,233000000000.0,12.875536480686689
United Kingdom,GBR,1978,336000000000.0,263000000000.0,27.756653992395442
United Kingdom,GBR,1979,439000000000.0,336000000000.0,30.654761904761905
United Kingdom,GBR,1980,565000000000.0,439000000000.0,28.701594533029606
United Kingdom,GBR,1981,541000000000.0,565000000000.0,-4.2477876106194685
United Kingdom,GBR,1982,515000000000.0,541000000000.0,-4.805914972273573
United Kingdom,GBR,1983,490000000000.0,515000000000.0,-4.854368932038833
United Kingdom,GBR,1984,461000000000.0,490000000000.0,-5.91836734693878
United Kingdom,GBR,1985,489000000000.0,461000000000.0,6.073752711496749
United Kingdom,GBR,1986,601000000000.0,489000000000.0,22.903885480572605
United Kingdom,GBR,1987,745000000000.0,601000000000.0,23.960066555740433
United Kingdom,GBR,1988,910000000000.0,745000000000.0,22.14765100671141
United Kingdom,GBR,1989,927000000000.0,910000000000.0,1.8681318681318615
United Kingdom,GBR,1990,1090000000000.0,927000000000.0,17.58360302049622
United Kingdom,GBR,1991,1140000000000.0,1090000000000.0,4.587155963302747
United Kingdom,GBR,1992,1180000000000.0,1140000000000.0,3.5087719298245723
United Kingdom,GBR,1993,1060000000000.0,1180000000000.0,-10.169491525423723
United Kingdom,GBR,1994,1140000000000.0,1060000000000.0,7.547169811320753
United Kingdom,GBR,1995,1350000000000.0,1140000000000.0,18.421052631578938
United Kingdom,GBR,1996,1420000000000.0,1350000000000.0,5.185185185185182
United Kingdom,GBR,1997,1560000000000.0,1420000000000.0,9.859154929577475
United Kingdom,GBR,1998,1660000000000.0,1560000000000.0,6.41025641025641
United Kingdom,GBR,1999,1690000000000.0,1660000000000.0,1.8072289156626509
United Kingdom,GBR,2000,1670000000000.0,1690000000000.0,-1.1834319526627168
United Kingdom,GBR,2001,1650000000000.0,1670000000000.0,-1.19760479041916
United Kingdom,GBR,2002,1790000000000.0,1650000000000.0,8.484848484848495
United Kingdom,GBR,2003,2060000000000.0,1790000000000.0,15.083798882681565
United Kingdom,GBR,2004,2420000000000.0,2060000000000.0,17.475728155339798
United Kingdom,GBR,2005,2540000000000.0,2420000000000.0,4.958677685950419
United Kingdom,GBR,2006,2710000000000.0,2540000000000.0,6.692913385826782
United Kingdom,GBR,2007,3090000000000.0,2710000000000.0,14.022140221402225
United Kingdom,GBR,2008,2930000000000.0,3090000000000.0,-5.177993527508096
United Kingdom,GBR,2009,2420000000000.0,2930000000000.0,-17.4061433447099
United Kingdom,GBR,2010,2490000000000.0,2420000000000.0,2.892561983471076
United Kingdom,GBR,2011,2670000000000.0,2490000000000.0,7.2289156626506035
United Kingdom,GBR,2012,2710000000000.0,2670000000000.0,1.4981273408239737
United Kingdom,GBR,2013,2790000000000.0,2710000000000.0,2.9520295202952074
United Kingdom,GBR,2014,3070000000000.0,2790000000000.0,10.035842293906816
United Kingdom,GBR,2015,2930000000000.0,3070000000000.0,-4.56026058631922
United Kingdom,GBR,2016,2700000000000.0,2930000000000.0,-7.849829351535831
United Kingdom,GBR,2017,2680000000000.0,2700000000000.0,-0.7407407407407418
United Kingdom,GBR,2018,2880000000000.0,2680000000000.0,7.462686567164178
United Kingdom,GBR,2019,2860000000000.0,2880000000000.0,-0.694444444444442
United Kingdom,GBR,2020,2700000000000.0,2860000000000.0,-5.594405594405593
United Kingdom,GBR,2021,3120000000000.0,2700000000000.0,15.555555555555545
United Kingdom,GBR,2022,3070000000000.0,3120000000000.0,-1.602564102564108
United States,USA,1960,543000000000.0,,
United States,USA,1961,563000000000.0,543000000000.0,3.6832412523020164
United States,USA,1962,605000000000.0,563000000000.0,7.460035523978692
United States,USA,1963,639000000000.0,605000000000.0,5.61983471074381
United States,USA,1964,686000000000.0,639000000000.0,7.355242566510167
United States,USA,1965,744000000000.0,686000000000.0,8.45481049562682
United States,USA,1966,815000000000.0,744000000000.0,9.543010752688176
United States,USA,1967,862000000000.0,815000000000.0,5.766871165644161
United States,USA,1968,943000000000.0,862000000000.0,9.396751740139209
United States,USA,1969,1020000000000.0,943000000000.0,8.16542948038177
United States,USA,1970,1070000000000.0,1020000000000.0,4.90196078431373
United States,USA,1971,1160000000000.0,1070000000000.0,8.411214953271017
United States,USA,1972,1280000000000.0,1160000000000.0,10.344827586206895
United States,USA,1973,1430000000000.0,1280000000000.0,11.71875
United States,USA,1974,1550000000000.0,1430000000000.0,8.391608391608397
United States,USA,1975,1680000000000.0,1550000000000.0,8.387096774193559
United States,USA,1976,1870000000000.0,1680000000000.0,11.309523809523814
United States,USA,1977,2080000000000.0,1870000000000.0,11.229946524064172
United States,USA,1978,2350000000000.0,2080000000000.0,12.98076923076923
United States,USA,1979,2630000000000.0,2350000000000.0,11.91489361702127
United States,USA,1980,2860000000000.0,2630000000000.0,8.745247148288971
United States,USA,1981,3210000000000.0,2860000000000.0,12.23776223776223
United States,USA,1982,3340000000000.0,3210000000000.0,4.049844236760114
United States,USA,1983,3630000000000.0,3340000000000.0,8.682634730538918
United States,USA,1984,4040000000000.0,3630000000000.0,11.294765840220379
United States,USA,1985,4340000000000.0,4040000000000.0,7.425742574257432
United States,USA,1986,4580000000000.0,4340000000000.0,5.5299539170506895
United States,USA,1987,4860000000000.0,4580000000000.0,6.113537117903922
United States,USA,1988,5240000000000.0,4860000000000.0,7.818930041152261
United States,USA,1989,5640000000000.0,5240000000000.0,7.6335877862595325
United States,USA,1990,5960000000000.0,5640000000000.0,5.673758865248235
United States,USA,1991,6160000000000.0,5960000000000.0,3.3557046979865834
United States,USA,1992,6520000000000.0,6160000000000.0,5.844155844155852
United States,USA,1993,6860000000000.0,6520000000000.0,5.21472392638036
United States,USA,1994,7290000000000.0,6860000000000.0,6.268221574344013
United States,USA,1995,7640000000000.0,7290000000000.0,4.80109739368999
United States,USA,1996,8070000000000.0,7640000000000.0,5.628272251308908
United States,USA,1997,8580000000000.0,8070000000000.0,6.3197026022304925
United States,USA,1998,9060000000000.0,8580000000000.0,5.594405594405605
United States,USA,1999,9630000000000.0,9060000000000.0,6.29139072847682
United States,USA,2000,10300000000000.0,9630000000000.0,6.957424714434057
United States,USA,2001,10600000000000.0,10300000000000.0,2.9126213592232997
United States,USA,2002,10900000000000.0,10600000000000.0,2.8301886792452935
United States,USA,2003,11500000000000.0,10900000000000.0,5.504587155963292
United States,USA,2004,12200000000000.0,11500000000000.0,6.08695652173914
United States,USA,2005,13000000000000.0,12200000000000.0,6.557377049180335
United States,USA,2006,13800000000000.0,13000000000000.0,6.153846153846154
United States,USA,2007,14500000000000.0,13800000000000.0,5.072463768115942
United States,USA,2008,14800000000000.0,14500000000000.0,2.0689655172413834
United States,USA,2009,14500000000000.0,14800000000000.0,-2.0270270270270285
United States,USA,2010,15000000000000.0,14500000000000.0,3.4482758620689724
United States,USA,2011,15600000000000.0,15000000000000.0,4.0000000000000036
United States,USA,2012,16300000000000.0,15600000000000.0,4.487179487179493
United States,USA,2013,16800000000000.0,16300000000000.0,3.0674846625766916
United States,USA,2014,17600000000000.0,16800000000000.0,4.761904761904767
United States,USA,2015,18200000000000.0,17600000000000.0,3.409090909090917
United States,USA,2016,18700000000000.0,18200000000000.0,2.7472527472527375
United States,USA,2017,19500000000000.0,18700000000000.0,4.278074866310155
United States,USA,2018,20500000000000.0,19500000000000.0,5.128205128205132
United States,USA,2019,21400000000000.0,20500000000000.0,4.390243902439028
United States,USA,2020,21100000000000.0,21400000000000.0,-1.4018691588784993
United States,USA,2021,23300000000000.0,21100000000000.0,10.426540284360186
United States,USA,2022,25500000000000.0,23300000000000.0,9.4420600858369
Upper middle income,UMC,1960,229000000000.0,,
Upper middle income,UMC,1961,218000000000.0,229000000000.0,-4.8034934497816595
Upper middle income,UMC,1962,223000000000.0,218000000000.0,2.2935779816513735
Upper middle income,UMC,1963,234000000000.0,223000000000.0,4.932735426008961
Upper middle income,UMC,1964,269000000000.0,234000000000.0,14.957264957264949
Upper middle income,UMC,1965,300000000000.0,269000000000.0,11.524163568773238
Upper middle income,UMC,1966,332000000000.0,300000000000.0,10.666666666666668
Upper middle income,UMC,1967,334000000000.0,332000000000.0,0.6024096385542244
Upper middle income,UMC,1968,350000000000.0,334000000000.0,4.79041916167664
Upper middle income,UMC,1969,393000000000.0,350000000000.0,12.285714285714278
Upper middle income,UMC,1970,431000000000.0,393000000000.0,9.669211195928762
Upper middle income,UMC,1971,467000000000.0,431000000000.0,8.352668213457083
Upper middle income,UMC,1972,532000000000.0,467000000000.0,13.918629550321192
Upper middle income,UMC,1973,694000000000.0,532000000000.0,30.451127819548862
Upper middle income,UMC,1974,869000000000.0,694000000000.0,25.21613832853027
Upper middle income,UMC,1975,960000000000.0,869000000000.0,10.471806674338314
Upper middle income,UMC,1976,1020000000000.0,960000000000.0,6.25
Upper middle income,UMC,1977,1130000000000.0,1020000000000.0,10.784313725490202
Upper middle income,UMC,1978,1260000000000.0,1130000000000.0,11.504424778761058
Upper middle income,UMC,1979,1460000000000.0,1260000000000.0,15.873015873015884
Upper middle income,UMC,1980,1720000000000.0,1460000000000.0,17.808219178082197
Upper middle income,UMC,1981,1860000000000.0,1720000000000.0,8.139534883720923
Upper middle income,UMC,1982,1790000000000.0,1860000000000.0,-3.7634408602150504
Upper middle income,UMC,1983,1700000000000.0,1790000000000.0,-5.027932960893855
Upper middle income,UMC,1984,1800000000000.0,1700000000000.0,5.882352941176472
Upper middle income,UMC,1985,1830000000000.0,1800000000000.0,1.6666666666666607
Upper middle income,UMC,1986,1860000000000.0,1830000000000.0,1.6393442622950838
Upper middle income,UMC,1987,1990000000000.0,1860000000000.0,6.989247311827951
Upper middle income,UMC,1988,2190000000000.0,1990000000000.0,10.050251256281406
Upper middle income,UMC,1989,2330000000000.0,2190000000000.0,6.392694063926951
Upper middle income,UMC,1990,2760000000000.0,2330000000000.0,18.454935622317592
Upper middle income,UMC,1991,2680000000000.0,2760000000000.0,-2.898550724637683
Upper middle income,UMC,1992,2790000000000.0,2680000000000.0,4.104477611940305
Upper middle income,UMC,1993,3070000000000.0,2790000000000.0,10.035842293906816
Upper middle income,UMC,1994,3350000000000.0,3070000000000.0,9.12052117263844
Upper middle income,UMC,1995,3740000000000.0,3350000000000.0,11.641791044776117
Upper middle income,UMC,1996,4080000000000.0,3740000000000.0,9.090909090909083
Upper middle income,UMC,1997,4350000000000.0,4080000000000.0,6.617647058823528
Upper middle income,UMC,1998,4170000000000.0,4350000000000.0,-4.137931034482756
Upper middle income,UMC,1999,3990000000000.0,4170000000000.0,-4.316546762589923
Upper middle income,UMC,2000,4420000000000.0,3990000000000.0,10.77694235588973
Upper middle income,UMC,2001,4430000000000.0,4420000000000.0,0.2262443438914019
Upper middle income,UMC,2002,4500000000000.0,4430000000000.0,1.5801354401805856
Upper middle income,UMC,2003,5050000000000.0,4500000000000.0,12.222222222222223
Upper middle income,UMC,2004,6030000000000.0,5050000000000.0,19.405940594059402
Upper middle income,UMC,2005,7220000000000.0,6030000000000.0,19.734660033167508
Upper middle income,UMC,2006,8600000000000.0,7220000000000.0,19.11357340720221
Upper middle income,UMC,2007,10600000000000.0,8600000000000.0,23.25581395348837
Upper middle income,UMC,2008,13000000000000.0,10600000000000.0,22.64150943396226
Upper middle income,UMC,2009,12500000000000.0,13000000000000.0,-3.8461538461538436
Upper middle income,UMC,2010,15400000000000.0,12500000000000.0,23.2
Upper middle income,UMC,2011,18500000000000.0,15400000000000.0,20.12987012987013
Upper middle income,UMC,2012,19800000000000.0,18500000000000.0,7.027027027027022
Upper middle income,UMC,2013,21200000000000.0,19800000000000.0,7.070707070707072
Upper middle income,UMC,2014,21800000000000.0,21200000000000.0,2.8301886792452935
Upper middle income,UMC,2015,20500000000000.0,21800000000000.0,-5.9633027522935755
Upper middle income,UMC,2016,20500000000000.0,20500000000000.0,0.0
Upper middle income,UMC,2017,22700000000000.0,20500000000000.0,10.73170731707318
Upper middle income,UMC,2018,24300000000000.0,22700000000000.0,7.048458149779746
Upper middle income,UMC,2019,24800000000000.0,24300000000000.0,2.0576131687242816
Upper middle income,UMC,2020,23900000000000.0,24800000000000.0,-3.629032258064513
Upper middle income,UMC,2021,28500000000000.0,23900000000000.0,19.246861924686186
Upper middle income,UMC,2022,30100000000000.0,28500000000000.0,5.6140350877192935
Uruguay,URY,1960,1242289239.0,,
Uruguay,URY,1961,1547388781.0,1242289239.0,24.559461067665268
Uruguay,URY,1962,1710004407.0,1547388781.0,10.509034833179399
Uruguay,URY,1963,1539681491.0,1710004407.0,-9.960378774626166
Uruguay,URY,1964,1975701816.0,1539681491.0,28.318865138582083
Uruguay,URY,1965,1890767156.0,1975701816.0,-4.298961478506835
Uruguay,URY,1966,1809185094.0,1890767156.0,-4.31475984449563
Uruguay,URY,1967,1597713469.0,1809185094.0,-11.688777765267178
Uruguay,URY,1968,1593674185.0,1597713469.0,-0.2528165455429332
Uruguay,URY,1969,2004435484.0,1593674185.0,25.774484073731795
Uruguay,URY,1970,2137096774.0,2004435484.0,6.618386626007267
Uruguay,URY,1971,2807258065.0,2137096774.0,31.358490600575873
Uruguay,URY,1972,2189418689.0,2807258065.0,-22.008641945071762
Uruguay,URY,1973,3964296443.0,2189418689.0,81.06616440780734
Uruguay,URY,1974,4090209682.0,3964296443.0,3.176181216778895
Uruguay,URY,1975,3538278047.0,4090209682.0,-13.493969207224621
Uruguay,URY,1976,3667161241.0,3538278047.0,3.64254002336748
Uruguay,URY,1977,4114670014.0,3667161241.0,12.20313871112928
Uruguay,URY,1978,4910254566.0,4114670014.0,19.335318489527854
Uruguay,URY,1979,7181182224.0,4910254566.0,46.248674635416045
Uruguay,URY,1980,10163020116.0,7181182224.0,41.522938688764846
Uruguay,URY,1981,11048301421.0,10163020116.0,8.71080933517263
Uruguay,URY,1982,9178780077.0,11048301421.0,-16.92134630257749
Uruguay,URY,1983,5102276308.0,9178780077.0,-44.412261049971335
Uruguay,URY,1984,4850238550.0,5102276308.0,-4.93971205763245
Uruguay,URY,1985,4732025670.0,4850238550.0,-2.4372590911018177
Uruguay,URY,1986,5880106317.0,4732025670.0,24.261927704208762
Uruguay,URY,1987,7367504970.0,5880106317.0,25.29543808927017
Uruguay,URY,1988,8213526914.0,7367504970.0,11.483154031723707
Uruguay,URY,1989,8438946948.0,8213526914.0,2.7444974170081515
Uruguay,URY,1990,9298806525.0,8438946948.0,10.18918097599586
Uruguay,URY,1991,11206174800.0,9298806525.0,20.51196860448712
Uruguay,URY,1992,12878150210.0,11206174800.0,14.920126089769713
Uruguay,URY,1993,15002138240.0,12878150210.0,16.492958968211944
Uruguay,URY,1994,17474590051.0,15002138240.0,16.480662765843167
Uruguay,URY,1995,19297663097.0,17474590051.0,10.432708525231881
Uruguay,URY,1996,20515457256.0,19297663097.0,6.310578399460809
Uruguay,URY,1997,23969738388.0,20515457256.0,16.837456211168544
Uruguay,URY,1998,25385887786.0,23969738388.0,5.90807198258354
Uruguay,URY,1999,23983945191.0,25385887786.0,-5.522527345973516
Uruguay,URY,2000,22823271521.0,23983945191.0,-4.839377595123695
Uruguay,URY,2001,20898762265.0,22823271521.0,-8.43222346204502
Uruguay,URY,2002,13606515936.0,20898762265.0,-34.89319719767624
Uruguay,URY,2003,12045638210.0,13606515936.0,-11.471545936827543
Uruguay,URY,2004,13686329890.0,12045638210.0,13.620628906469534
Uruguay,URY,2005,17362857684.0,13686329890.0,26.862773464829882
Uruguay,URY,2006,19741420467.0,17362857684.0,13.699143460651996
Uruguay,URY,2007,23797773024.0,19741420467.0,20.54741989706692
Uruguay,URY,2008,31119603034.0,23797773024.0,30.76687050765612
Uruguay,URY,2009,32708318594.0,31119603034.0,5.10519224253676
Uruguay,URY,2010,41950361212.0,32708318594.0,28.25593920836811
Uruguay,URY,2011,50342405198.0,41950361212.0,20.004700182651682
Uruguay,URY,2012,54232266359.0,50342405198.0,7.726808335241264
Uruguay,URY,2013,61337620936.0,54232266359.0,13.101710575702041
Uruguay,URY,2014,61496186974.0,61337620936.0,0.2585135119039794
Uruguay,URY,2015,57680328702.0,61496186974.0,-6.205032311374536
Uruguay,URY,2016,57480788380.0,57680328702.0,-0.3459417213638072
Uruguay,URY,2017,65006047680.0,57480788380.0,13.09178164059135
Uruguay,URY,2018,65203071111.0,65006047680.0,0.30308477138907275
Uruguay,URY,2019,62048585619.0,65203071111.0,-4.837940051366429
Uruguay,URY,2020,53666908480.0,62048585619.0,-13.508248504593523
Uruguay,URY,2021,61412268249.0,53666908480.0,14.43228236611851
Uruguay,URY,2022,71177146197.0,61412268249.0,15.900532949552804
Uzbekistan,UZB,1990,13360607991.0,,
Uzbekistan,UZB,1991,13677622222.0,13360607991.0,2.372753030502417
Uzbekistan,UZB,1992,12941297376.0,13677622222.0,-5.3834272803327305
Uzbekistan,UZB,1993,13099013836.0,12941297376.0,1.218706713999862
Uzbekistan,UZB,1994,12899156991.0,13099013836.0,-1.5257396282057023
Uzbekistan,UZB,1995,13350468917.0,12899156991.0,3.498770705053733
Uzbekistan,UZB,1996,13948892216.0,13350468917.0,4.482414083882769
Uzbekistan,UZB,1997,14744603774.0,13948892216.0,5.704478503943733
Uzbekistan,UZB,1998,14988971211.0,14744603774.0,1.6573347154360762
Uzbekistan,UZB,1999,17078465982.0,14988971211.0,13.940214719116796
Uzbekistan,UZB,2000,13760513969.0,17078465982.0,-19.427693426897854
Uzbekistan,UZB,2001,11401421329.0,13760513969.0,-17.143928237815953
Uzbekistan,UZB,2002,9687788513.0,11401421329.0,-15.029992897826716
Uzbekistan,UZB,2003,10134453435.0,9687788513.0,4.610597365958413
Uzbekistan,UZB,2004,12030023548.0,10134453435.0,18.704216514069948
Uzbekistan,UZB,2005,14307509839.0,12030023548.0,18.93168605957245
Uzbekistan,UZB,2006,17330833853.0,14307509839.0,21.131028725620006
Uzbekistan,UZB,2007,22311393928.0,17330833853.0,28.73814449578753
Uzbekistan,UZB,2008,29549438884.0,22311393928.0,32.44102533153033
Uzbekistan,UZB,2009,33689223673.0,29549438884.0,14.00969001560821
Uzbekistan,UZB,2010,49765676402.0,33689223673.0,47.719866996770136
Uzbekistan,UZB,2011,60178909297.0,49765676402.0,20.924528003765875
Uzbekistan,UZB,2012,67517349212.0,60178909297.0,12.194371750379718
Uzbekistan,UZB,2013,73180037913.0,67517349212.0,8.387012770924308
Uzbekistan,UZB,2014,80845385816.0,73180037913.0,10.474643251911054
Uzbekistan,UZB,2015,86196264742.0,80845385816.0,6.618657171329878
Uzbekistan,UZB,2016,86138288633.0,86196264742.0,-0.06726058161978798
Uzbekistan,UZB,2017,62081322741.0,86138288633.0,-27.928307229897364
Uzbekistan,UZB,2018,52870108218.0,62081322741.0,-14.83733612028323
Uzbekistan,UZB,2019,60283503705.0,52870108218.0,14.021903372000398
Uzbekistan,UZB,2020,60224701296.0,60283503705.0,-0.09754311774536895
Uzbekistan,UZB,2021,69600614989.0,60224701296.0,15.568219503353076
Uzbekistan,UZB,2022,80391853885.0,69600614989.0,15.504516587540929
Vanuatu,VUT,1979,119258835.3,,
Vanuatu,VUT,1980,121185497.6,119258835.3,1.6155300319288024
Vanuatu,VUT,1981,113781795.8,121185497.6,-6.109395882036628
Vanuatu,VUT,1982,114501912.5,113781795.8,0.6328927179755528
Vanuatu,VUT,1983,117389554.2,114501912.5,2.5219156928929065
Vanuatu,VUT,1984,144482515.4,117389554.2,23.0795332554385
Vanuatu,VUT,1985,131856420.7,144482515.4,-8.738839204899396
Vanuatu,VUT,1986,126498935.3,131856420.7,-4.0631206061549126
Vanuatu,VUT,1987,139464173.5,126498935.3,10.249286422254977
Vanuatu,VUT,1988,158351368.4,139464173.5,13.542685856880654
Vanuatu,VUT,1989,154013202.1,158351368.4,-2.7395824512496003
Vanuatu,VUT,1990,168879207.2,154013202.1,9.65242258280401
Vanuatu,VUT,1991,201334169.1,168879207.2,19.21785543531378
Vanuatu,VUT,1992,209088824.6,201334169.1,3.8516340940361493
Vanuatu,VUT,1993,200491853.2,209088824.6,-4.11163600754203
Vanuatu,VUT,1994,233701301.5,200491853.2,16.563988895285455
Vanuatu,VUT,1995,249333250.1,233701301.5,6.688858170522427
Vanuatu,VUT,1996,261370044.5,249333250.1,4.827592948462511
Vanuatu,VUT,1997,272771209.1,261370044.5,4.362077766719752
Vanuatu,VUT,1998,262293410.7,272771209.1,-3.841240589346362
Vanuatu,VUT,1999,268006972.7,262293410.7,2.1783093920475727
Vanuatu,VUT,2000,272014627.2,268006972.7,1.495354564706064
Vanuatu,VUT,2001,257926881.7,272014627.2,-5.179039688053955
Vanuatu,VUT,2002,262596534.9,257926881.7,1.810456191778953
Vanuatu,VUT,2003,314471413.9,262596534.9,19.75459387525984
Vanuatu,VUT,2004,364996869.1,314471413.9,16.06678793897205
Vanuatu,VUT,2005,394962431.8,364996869.1,8.20981362768627
Vanuatu,VUT,2006,439358585.2,394962431.8,11.240601592832288
Vanuatu,VUT,2007,516392922.5,439358585.2,17.53336338356364
Vanuatu,VUT,2008,590748431.3,516392922.5,14.399017794439262
Vanuatu,VUT,2009,592622317.3,590748431.3,0.3172054127805968
Vanuatu,VUT,2010,670712977.4,592622317.3,13.177137920789539
Vanuatu,VUT,2011,770153591.1,670712977.4,14.826105510210752
Vanuatu,VUT,2012,747839697.7,770153591.1,-2.89733030630025
Vanuatu,VUT,2013,758304466.2,747839697.7,1.3993331100481399
Vanuatu,VUT,2014,772315986.5,758304466.2,1.8477433438067736
Vanuatu,VUT,2015,730870805.2,772315986.5,-5.366350305374645
Vanuatu,VUT,2016,780889605.9,730870805.2,6.843726735850741
Vanuatu,VUT,2017,880061831.0,780889605.9,12.69990333469746
Vanuatu,VUT,2018,914736985.4,880061831.0,3.9400816145610085
Vanuatu,VUT,2019,936526267.6,914736985.4,2.382027025011113
Vanuatu,VUT,2020,909421043.5,936526267.6,-2.8942299898818136
Vanuatu,VUT,2021,971636097.9,909421043.5,6.841171627232079
Vanuatu,VUT,2022,983582864.6,971636097.9,1.229551549785013
"Venezuela, RB",VEN,1960,7663938303.0,,
"Venezuela, RB",VEN,1961,8067267031.0,7663938303.0,5.262682344952063
"Venezuela, RB",VEN,1962,8814309884.0,8067267031.0,9.260172622640939
"Venezuela, RB",VEN,1963,9608717288.0,8814309884.0,9.012701101444499
"Venezuela, RB",VEN,1964,8192413793.0,9608717288.0,-14.739776939516924
"Venezuela, RB",VEN,1965,8427777778.0,8192413793.0,2.872950402006147
"Venezuela, RB",VEN,1966,8781333333.0,8427777778.0,4.195121944516944
"Venezuela, RB",VEN,1967,9250000000.0,8781333333.0,5.337078655683913
"Venezuela, RB",VEN,1968,10034444444.0,9250000000.0,8.480480475675666
"Venezuela, RB",VEN,1969,10285111111.0,10034444444.0,2.498062233528864
"Venezuela, RB",VEN,1970,11561111111.0,10285111111.0,12.406283084635895
"Venezuela, RB",VEN,1971,12986590909.0,11561111111.0,12.329955004443338
"Venezuela, RB",VEN,1972,13977727273.0,12986590909.0,7.631998042789823
"Venezuela, RB",VEN,1973,17035581395.0,13977727273.0,21.87661886855303
"Venezuela, RB",VEN,1974,26100930233.0,17035581395.0,53.21420283701448
"Venezuela, RB",VEN,1975,27464651163.0,26100930233.0,5.224798188517488
"Venezuela, RB",VEN,1976,31419534884.0,27464651163.0,14.399905163652571
"Venezuela, RB",VEN,1977,36210697674.0,31419534884.0,15.248993365716057
"Venezuela, RB",VEN,1978,39316279070.0,36210697674.0,8.576419664595058
"Venezuela, RB",VEN,1979,48310930233.0,39316279070.0,22.87767656493034
"Venezuela, RB",VEN,1980,59116511628.0,48310930233.0,22.366742562988318
"Venezuela, RB",VEN,1981,66327441860.0,59116511628.0,12.19782770231086
"Venezuela, RB",VEN,1982,67736744186.0,66327441860.0,2.1247650843743804
"Venezuela, RB",VEN,1983,67556279070.0,67736744186.0,-0.2664213023059636
"Venezuela, RB",VEN,1984,59867743468.0,67556279070.0,-11.380934100934347
"Venezuela, RB",VEN,1985,61965466667.0,59867743468.0,3.5039289565361065
"Venezuela, RB",VEN,1986,60516123711.0,61965466667.0,-2.338952700523844
"Venezuela, RB",VEN,1987,48029034483.0,60516123711.0,-20.634317702887216
"Venezuela, RB",VEN,1988,60226413793.0,48029034483.0,25.395845328344645
"Venezuela, RB",VEN,1989,43536709104.0,60226413793.0,-27.711602995926366
"Venezuela, RB",VEN,1990,48606952195.0,43536709104.0,11.645903411964964
"Venezuela, RB",VEN,1991,53453444787.0,48606952195.0,9.970780666430134
"Venezuela, RB",VEN,1992,60416519620.0,53453444787.0,13.026428625407194
"Venezuela, RB",VEN,1993,60037460783.0,60416519620.0,-0.6274092572431389
"Venezuela, RB",VEN,1994,58418666667.0,60037460783.0,-2.6963067639569016
"Venezuela, RB",VEN,1995,77389487772.0,58418666667.0,32.473902927531874
"Venezuela, RB",VEN,1996,70543211119.0,77389487772.0,-8.846520180066397
"Venezuela, RB",VEN,1997,85837678559.0,70543211119.0,21.680991263921378
"Venezuela, RB",VEN,1998,91336763256.0,85837678559.0,6.406376301544836
"Venezuela, RB",VEN,1999,97972842462.0,91336763256.0,7.265507304435892
"Venezuela, RB",VEN,2000,117000000000.0,97972842462.0,19.420848737118067
"Venezuela, RB",VEN,2001,123000000000.0,117000000000.0,5.128205128205132
"Venezuela, RB",VEN,2002,92893587734.0,123000000000.0,-24.476757939837402
"Venezuela, RB",VEN,2003,83620628582.0,92893587734.0,-9.982345798240711
"Venezuela, RB",VEN,2004,112000000000.0,83620628582.0,33.93824215297621
"Venezuela, RB",VEN,2005,146000000000.0,112000000000.0,30.35714285714286
"Venezuela, RB",VEN,2006,183000000000.0,146000000000.0,25.342465753424648
"Venezuela, RB",VEN,2007,230000000000.0,183000000000.0,25.683060109289624
"Venezuela, RB",VEN,2008,316000000000.0,230000000000.0,37.39130434782609
"Venezuela, RB",VEN,2009,330000000000.0,316000000000.0,4.430379746835444
"Venezuela, RB",VEN,2010,393000000000.0,330000000000.0,19.090909090909093
"Venezuela, RB",VEN,2011,316000000000.0,393000000000.0,-19.59287531806616
"Venezuela, RB",VEN,2012,381000000000.0,316000000000.0,20.569620253164555
"Venezuela, RB",VEN,2013,371000000000.0,381000000000.0,-2.6246719160105014
"Venezuela, RB",VEN,2014,482000000000.0,371000000000.0,29.919137466307276
Vietnam,VNM,1985,14094687821.0,,
Vietnam,VNM,1986,26336616250.0,14094687821.0,86.854910051718
Vietnam,VNM,1987,36658108850.0,26336616250.0,39.19065570923523
Vietnam,VNM,1988,25423812649.0,36658108850.0,-30.646142295471957
Vietnam,VNM,1989,6293304975.0,25423812649.0,-75.24641539062185
Vietnam,VNM,1990,6471740806.0,6293304975.0,2.8353278874745813
Vietnam,VNM,1991,9613369520.0,6471740806.0,48.543796919174696
Vietnam,VNM,1992,9866990236.0,9613369520.0,2.6382083355098063
Vietnam,VNM,1993,13180953598.0,9866990236.0,33.586365069146495
Vietnam,VNM,1994,16286433533.0,13180953598.0,23.560358603122665
Vietnam,VNM,1995,20736164459.0,16286433533.0,27.321702550677163
Vietnam,VNM,1996,24657470575.0,20736164459.0,18.91046979181368
Vietnam,VNM,1997,26843700442.0,24657470575.0,8.866399577970508
Vietnam,VNM,1998,27209602050.0,26843700442.0,1.3630818477899043
Vietnam,VNM,1999,28683659007.0,27209602050.0,5.417414610810156
Vietnam,VNM,2000,31172518403.0,28683659007.0,8.676924360984128
Vietnam,VNM,2001,32685198809.0,31172518403.0,4.852608911618828
Vietnam,VNM,2002,35064105501.0,32685198809.0,7.278238403570492
Vietnam,VNM,2003,39552513231.0,35064105501.0,12.80057673187185
Vietnam,VNM,2004,45427854693.0,39552513231.0,14.8545338388133
Vietnam,VNM,2005,57633255739.0,45427854693.0,26.867658903295588
Vietnam,VNM,2006,66371664817.0,57633255739.0,15.162095158345856
Vietnam,VNM,2007,77414425532.0,66371664817.0,16.637763638213855
Vietnam,VNM,2008,99130304099.0,77414425532.0,28.051462524931516
Vietnam,VNM,2009,106000000000.0,99130304099.0,6.929965527130166
Vietnam,VNM,2010,147000000000.0,106000000000.0,38.67924528301887
Vietnam,VNM,2011,173000000000.0,147000000000.0,17.68707482993197
Vietnam,VNM,2012,196000000000.0,173000000000.0,13.294797687861282
Vietnam,VNM,2013,214000000000.0,196000000000.0,9.183673469387754
Vietnam,VNM,2014,233000000000.0,214000000000.0,8.878504672897192
Vietnam,VNM,2015,239000000000.0,233000000000.0,2.5751072961373467
Vietnam,VNM,2016,257000000000.0,239000000000.0,7.531380753138084
Vietnam,VNM,2017,281000000000.0,257000000000.0,9.338521400778198
Vietnam,VNM,2018,310000000000.0,281000000000.0,10.320284697508896
Vietnam,VNM,2019,334000000000.0,310000000000.0,7.741935483870965
Vietnam,VNM,2020,347000000000.0,334000000000.0,3.8922155688622784
Vietnam,VNM,2021,366000000000.0,347000000000.0,5.475504322766578
Vietnam,VNM,2022,409000000000.0,366000000000.0,11.748633879781423
Virgin Islands (U.S.),VIR,2002,3262000000.0,,
Virgin Islands (U.S.),VIR,2003,3443000000.0,3262000000.0,5.548743102391174
Virgin Islands (U.S.),VIR,2004,3797000000.0,3443000000.0,10.281731048504206
Virgin Islands (U.S.),VIR,2005,4428000000.0,3797000000.0,16.61838293389517
Virgin Islands (U.S.),VIR,2006,4484000000.0,4428000000.0,1.2646793134597933
Virgin Islands (U.S.),VIR,2007,4784000000.0,4484000000.0,6.690454950936653
Virgin Islands (U.S.),VIR,2008,4244000000.0,4784000000.0,-11.287625418060198
Virgin Islands (U.S.),VIR,2009,4201000000.0,4244000000.0,-1.0131950989632377
Virgin Islands (U.S.),VIR,2010,4324000000.0,4201000000.0,2.927874315639123
Virgin Islands (U.S.),VIR,2011,4223000000.0,4324000000.0,-2.335800185013881
Virgin Islands (U.S.),VIR,2012,4089000000.0,4223000000.0,-3.1730996921619736
Virgin Islands (U.S.),VIR,2013,3738000000.0,4089000000.0,-8.58400586940572
Virgin Islands (U.S.),VIR,2014,3565000000.0,3738000000.0,-4.628143392188333
Virgin Islands (U.S.),VIR,2015,3663000000.0,3565000000.0,2.7489481065918753
Virgin Islands (U.S.),VIR,2016,3798000000.0,3663000000.0,3.6855036855036882
Virgin Islands (U.S.),VIR,2017,3794000000.0,3798000000.0,-0.10531858873090716
Virgin Islands (U.S.),VIR,2018,3922000000.0,3794000000.0,3.3737480231945227
Virgin Islands (U.S.),VIR,2019,4117000000.0,3922000000.0,4.97195308516063
Virgin Islands (U.S.),VIR,2020,4204000000.0,4117000000.0,2.1131892154481413
West Bank and Gaza,PSE,1994,2843300000.0,,
West Bank and Gaza,PSE,1995,3282800000.0,2843300000.0,15.457391059684177
West Bank and Gaza,PSE,1996,3409600000.0,3282800000.0,3.862556354331659
West Bank and Gaza,PSE,1997,3759800000.0,3409600000.0,10.270999530736734
West Bank and Gaza,PSE,1998,4067800000.0,3759800000.0,8.191925102399056
West Bank and Gaza,PSE,1999,4271200000.0,4067800000.0,5.0002458331284805
West Bank and Gaza,PSE,2000,4313600000.0,4271200000.0,0.9926952612848927
West Bank and Gaza,PSE,2001,4003700000.0,4313600000.0,-7.184254451038575
West Bank and Gaza,PSE,2002,3555800000.0,4003700000.0,-11.187151884506829
West Bank and Gaza,PSE,2003,3968000000.0,3555800000.0,11.592328027448119
West Bank and Gaza,PSE,2004,4603100000.0,3968000000.0,16.00554435483872
West Bank and Gaza,PSE,2005,5125700000.0,4603100000.0,11.353218483196104
West Bank and Gaza,PSE,2006,5348300000.0,5125700000.0,4.342821468287261
West Bank and Gaza,PSE,2007,5815700000.0,5348300000.0,8.739225548305063
West Bank and Gaza,PSE,2008,7310400000.0,5815700000.0,25.701119383737115
West Bank and Gaza,PSE,2009,8085700000.0,7310400000.0,10.605438826876767
West Bank and Gaza,PSE,2010,9681500000.0,8085700000.0,19.73607727222133
West Bank and Gaza,PSE,2011,11186100000.0,9681500000.0,15.540980220007228
West Bank and Gaza,PSE,2012,12208400000.0,11186100000.0,9.139020748965244
West Bank and Gaza,PSE,2013,13515500000.0,12208400000.0,10.70656269453818
West Bank and Gaza,PSE,2014,13989700000.0,13515500000.0,3.5085642410565665
West Bank and Gaza,PSE,2015,13972400000.0,13989700000.0,-0.12366240877216272
West Bank and Gaza,PSE,2016,15405400000.0,13972400000.0,10.255933125304173
West Bank and Gaza,PSE,2017,16128000000.0,15405400000.0,4.690563049320362
West Bank and Gaza,PSE,2018,16276600000.0,16128000000.0,0.9213789682539719
West Bank and Gaza,PSE,2019,17133500000.0,16276600000.0,5.264613002715546
West Bank and Gaza,PSE,2020,15531700000.0,17133500000.0,-9.348936294394028
West Bank and Gaza,PSE,2021,18109000000.0,15531700000.0,16.59380492798599
West Bank and Gaza,PSE,2022,19111900000.0,18109000000.0,5.53813021149705
World,WLD,1960,1380000000000.0,,
World,WLD,1961,1450000000000.0,1380000000000.0,5.072463768115942
World,WLD,1962,1550000000000.0,1450000000000.0,6.896551724137923
World,WLD,1963,1670000000000.0,1550000000000.0,7.741935483870965
World,WLD,1964,1830000000000.0,1670000000000.0,9.580838323353301
World,WLD,1965,1990000000000.0,1830000000000.0,8.743169398907114
World,WLD,1966,2160000000000.0,1990000000000.0,8.5427135678392
World,WLD,1967,2300000000000.0,2160000000000.0,6.481481481481488
World,WLD,1968,2480000000000.0,2300000000000.0,7.826086956521738
World,WLD,1969,2740000000000.0,2480000000000.0,10.483870967741925
World,WLD,1970,3000000000000.0,2740000000000.0,9.48905109489051
World,WLD,1971,3310000000000.0,3000000000000.0,10.333333333333329
World,WLD,1972,3820000000000.0,3310000000000.0,15.407854984894254
World,WLD,1973,4660000000000.0,3820000000000.0,21.98952879581151
World,WLD,1974,5370000000000.0,4660000000000.0,15.23605150214593
World,WLD,1975,5980000000000.0,5370000000000.0,11.359404096834268
World,WLD,1976,6500000000000.0,5980000000000.0,8.695652173913038
World,WLD,1977,7350000000000.0,6500000000000.0,13.076923076923075
World,WLD,1978,8690000000000.0,7350000000000.0,18.231292517006793
World,WLD,1979,10100000000000.0,8690000000000.0,16.225546605293452
World,WLD,1980,11300000000000.0,10100000000000.0,11.881188118811892
World,WLD,1981,11700000000000.0,11300000000000.0,3.539823008849563
World,WLD,1982,11600000000000.0,11700000000000.0,-0.8547008547008517
World,WLD,1983,11800000000000.0,11600000000000.0,1.724137931034475
World,WLD,1984,12300000000000.0,11800000000000.0,4.237288135593231
World,WLD,1985,12900000000000.0,12300000000000.0,4.878048780487809
World,WLD,1986,15300000000000.0,12900000000000.0,18.60465116279071
World,WLD,1987,17400000000000.0,15300000000000.0,13.725490196078427
World,WLD,1988,19400000000000.0,17400000000000.0,11.494252873563227
World,WLD,1989,20300000000000.0,19400000000000.0,4.6391752577319645
World,WLD,1990,22900000000000.0,20300000000000.0,12.807881773399021
World,WLD,1991,23800000000000.0,22900000000000.0,3.9301310043668103
World,WLD,1992,25500000000000.0,23800000000000.0,7.14285714285714
World,WLD,1993,25900000000000.0,25500000000000.0,1.5686274509803866
World,WLD,1994,27900000000000.0,25900000000000.0,7.722007722007729
World,WLD,1995,31100000000000.0,27900000000000.0,11.46953405017921
World,WLD,1996,31700000000000.0,31100000000000.0,1.9292604501607746
World,WLD,1997,31600000000000.0,31700000000000.0,-0.3154574132492094
World,WLD,1998,31600000000000.0,31600000000000.0,0.0
World,WLD,1999,32800000000000.0,31600000000000.0,3.797468354430378
World,WLD,2000,33800000000000.0,32800000000000.0,3.0487804878048808
World,WLD,2001,33600000000000.0,33800000000000.0,-0.591715976331364
World,WLD,2002,34900000000000.0,33600000000000.0,3.8690476190476275
World,WLD,2003,39200000000000.0,34900000000000.0,12.320916905444124
World,WLD,2004,44100000000000.0,39200000000000.0,12.5
World,WLD,2005,47800000000000.0,44100000000000.0,8.390022675736963
World,WLD,2006,51800000000000.0,47800000000000.0,8.368200836820083
World,WLD,2007,58400000000000.0,51800000000000.0,12.741312741312738
World,WLD,2008,64100000000000.0,58400000000000.0,9.760273972602729
World,WLD,2009,60800000000000.0,64100000000000.0,-5.148205928237126
World,WLD,2010,66600000000000.0,60800000000000.0,9.539473684210531
World,WLD,2011,73900000000000.0,66600000000000.0,10.960960960960954
World,WLD,2012,75500000000000.0,73900000000000.0,2.1650879566982306
World,WLD,2013,77600000000000.0,75500000000000.0,2.7814569536423805
World,WLD,2014,79800000000000.0,77600000000000.0,2.8350515463917425
World,WLD,2015,75200000000000.0,79800000000000.0,-5.7644110275689275
World,WLD,2016,76500000000000.0,75200000000000.0,1.7287234042553168
World,WLD,2017,81400000000000.0,76500000000000.0,6.405228758169934
World,WLD,2018,86500000000000.0,81400000000000.0,6.26535626535627
World,WLD,2019,87700000000000.0,86500000000000.0,1.387283236994219
World,WLD,2020,85200000000000.0,87700000000000.0,-2.850627137970352
World,WLD,2021,96900000000000.0,85200000000000.0,13.732394366197177
World,WLD,2022,101000000000000.0,96900000000000.0,4.231166150670784
"Yemen, Rep.",YEM,1990,5647119229.0,,
"Yemen, Rep.",YEM,1991,5930370370.0,5647119229.0,5.015851968299212
"Yemen, Rep.",YEM,1992,6463649985.0,5930370370.0,8.992349241755715
"Yemen, Rep.",YEM,1993,5368270615.0,6463649985.0,-16.946761853473102
"Yemen, Rep.",YEM,1994,4167356037.0,5368270615.0,-22.370604317979225
"Yemen, Rep.",YEM,1995,4258788725.0,4167356037.0,2.194021513597888
"Yemen, Rep.",YEM,1996,5785685311.0,4258788725.0,35.85283714678755
"Yemen, Rep.",YEM,1997,6838557384.0,5785685311.0,18.197880050583336
"Yemen, Rep.",YEM,1998,6325141676.0,6838557384.0,-7.507661033907908
"Yemen, Rep.",YEM,1999,7641102523.0,6325141676.0,20.805239066711458
"Yemen, Rep.",YEM,2000,9652436180.0,7641102523.0,26.322558177250087
"Yemen, Rep.",YEM,2001,9861560095.0,9652436180.0,2.166540250567084
"Yemen, Rep.",YEM,2002,10694628092.0,9861560095.0,8.447628863737112
"Yemen, Rep.",YEM,2003,11777966673.0,10694628092.0,10.129745248555011
"Yemen, Rep.",YEM,2004,13872791659.0,11777966673.0,17.785964624965445
"Yemen, Rep.",YEM,2005,16746347681.0,13872791659.0,20.713610444338904
"Yemen, Rep.",YEM,2006,19061978586.0,16746347681.0,13.827677229150437
"Yemen, Rep.",YEM,2007,21650532264.0,19061978586.0,13.579669425823159
"Yemen, Rep.",YEM,2008,26910855852.0,21650532264.0,24.296509313753646
"Yemen, Rep.",YEM,2009,25130278254.0,26910855852.0,-6.616577368599996
"Yemen, Rep.",YEM,2010,30906749533.0,25130278254.0,22.986101548957414
"Yemen, Rep.",YEM,2011,32726417878.0,30906749533.0,5.8876082813467345
"Yemen, Rep.",YEM,2012,35401323350.0,32726417878.0,8.173535771533924
"Yemen, Rep.",YEM,2013,40415233436.0,35401323350.0,14.163058359229396
"Yemen, Rep.",YEM,2014,43228585321.0,40415233436.0,6.961117494112989
"Yemen, Rep.",YEM,2015,42444489461.0,43228585321.0,-1.8138365023458114
"Yemen, Rep.",YEM,2016,31317824906.0,42444489461.0,-26.214626907513416
"Yemen, Rep.",YEM,2017,26842231205.0,31317824906.0,-14.290882953823992
"Yemen, Rep.",YEM,2018,21606161066.0,26842231205.0,-19.506836443703158
Zambia,ZMB,1960,713000000.0,,
Zambia,ZMB,1961,696285714.3,713000000.0,-2.3442195932678933
Zambia,ZMB,1962,693142857.1,696285714.3,-0.4513746491495274
Zambia,ZMB,1963,718714285.7,693142857.1,3.6892003341110424
Zambia,ZMB,1964,839428571.4,718714285.7,16.7958656314211
Zambia,ZMB,1965,1082857143.0,839428571.4,28.999319286215087
Zambia,ZMB,1966,1264285714.0,1082857143.0,16.754617372459823
Zambia,ZMB,1967,1368000000.0,1264285714.0,8.203389854961207
Zambia,ZMB,1968,1605857143.0,1368000000.0,17.387218055555564
Zambia,ZMB,1969,1965714286.0,1605857143.0,22.409038348687037
Zambia,ZMB,1970,1825285714.0,1965714286.0,-7.143895376868626
Zambia,ZMB,1971,1687000000.0,1825285714.0,-7.576113314170163
Zambia,ZMB,1972,1872416680.0,1687000000.0,10.990911677534076
Zambia,ZMB,1973,2434255237.0,1872416680.0,30.006064515511575
Zambia,ZMB,1974,2910981262.0,2434255237.0,19.584060773656663
Zambia,ZMB,1975,2442672141.0,2910981262.0,-16.087672123256702
Zambia,ZMB,1976,2742859263.0,2442672141.0,12.28929240897254
Zambia,ZMB,1977,2515296940.0,2742859263.0,-8.296536613078132
Zambia,ZMB,1978,2811032473.0,2515296940.0,11.757479933959614
Zambia,ZMB,1979,3353445378.0,2811032473.0,19.29586051423746
Zambia,ZMB,1980,3884530854.0,3353445378.0,15.837009884942276
Zambia,ZMB,1981,4008126497.0,3884530854.0,3.181739253602034
Zambia,ZMB,1982,3871117093.0,4008126497.0,-3.4182904182926577
Zambia,ZMB,1983,3321048451.0,3871117093.0,-14.209558346728112
Zambia,ZMB,1984,2719518933.0,3321048451.0,-18.112639031775444
Zambia,ZMB,1985,2252454500.0,2719518933.0,-17.174524042925643
Zambia,ZMB,1986,1664413508.0,2252454500.0,-26.10667571753391
Zambia,ZMB,1987,2265250972.0,1664413508.0,36.099049972382225
Zambia,ZMB,1988,3728878149.0,2265250972.0,64.61214210219528
Zambia,ZMB,1989,3994673161.0,3728878149.0,7.128015488285144
Zambia,ZMB,1990,3285217391.0,3994673161.0,-17.760045475720464
Zambia,ZMB,1991,3376806697.0,3285217391.0,2.787922231597606
Zambia,ZMB,1992,3181921788.0,3376806697.0,-5.771278207104313
Zambia,ZMB,1993,3273507754.0,3181921788.0,2.8783223505178146
Zambia,ZMB,1994,3656808233.0,3273507754.0,11.709166673933602
Zambia,ZMB,1995,3806982679.0,3656808233.0,4.106708266645942
Zambia,ZMB,1996,3597220962.0,3806982679.0,-5.5099204458450295
Zambia,ZMB,1997,4303290117.0,3597220962.0,19.628184158235197
Zambia,ZMB,1998,3537741625.0,4303290117.0,-17.789841520926675
Zambia,ZMB,1999,3404284653.0,3537741625.0,-3.772377582831532
Zambia,ZMB,2000,3600631919.0,3404284653.0,5.767651239944649
Zambia,ZMB,2001,4094441301.0,3600631919.0,13.714519926189661
Zambia,ZMB,2002,4193850445.0,4094441301.0,2.42790497389036
Zambia,ZMB,2003,4901869716.0,4193850445.0,16.882320442401944
Zambia,ZMB,2004,6221109716.0,4901869716.0,26.912995987917032
Zambia,ZMB,2005,8331870169.0,6221109716.0,33.929002209547264
Zambia,ZMB,2006,12756858899.0,8331870169.0,53.10918965664935
Zambia,ZMB,2007,14056957976.0,12756858899.0,10.19137302758686
Zambia,ZMB,2008,17910858638.0,14056957976.0,27.416320576471207
Zambia,ZMB,2009,15328342304.0,17910858638.0,-14.41871875712808
Zambia,ZMB,2010,20265559484.0,15328342304.0,32.209726805954816
Zambia,ZMB,2011,23459515276.0,20265559484.0,15.760511297611512
Zambia,ZMB,2012,25503060420.0,23459515276.0,8.710943597758924
Zambia,ZMB,2013,28037239463.0,25503060420.0,9.936764455973467
Zambia,ZMB,2014,27141023558.0,28037239463.0,-3.196519779283946
Zambia,ZMB,2015,21251216799.0,27141023558.0,-21.700754013250688
Zambia,ZMB,2016,20958412538.0,21251216799.0,-1.3778235089756286
Zambia,ZMB,2017,25873601261.0,20958412538.0,23.45210408511713
Zambia,ZMB,2018,26311506435.0,25873601261.0,1.6924786371353306
Zambia,ZMB,2019,23308667781.0,26311506435.0,-11.412644355496028
Zambia,ZMB,2020,18110638619.0,23308667781.0,-22.300841947891847
Zambia,ZMB,2021,22147649569.0,18110638619.0,22.290826043896338
Zambia,ZMB,2022,29784454056.0,22147649569.0,34.481331588744354
Zimbabwe,ZWE,1960,1052990400.0,,
Zimbabwe,ZWE,1961,1096646600.0,1052990400.0,4.145925736834832
Zimbabwe,ZWE,1962,1117601600.0,1096646600.0,1.910825237592495
Zimbabwe,ZWE,1963,1159511700.0,1117601600.0,3.750003579092942
Zimbabwe,ZWE,1964,1217138000.0,1159511700.0,4.969876543720941
Zimbabwe,ZWE,1965,1311435800.0,1217138000.0,7.747502748250401
Zimbabwe,ZWE,1966,1281749500.0,1311435800.0,-2.2636487428511542
Zimbabwe,ZWE,1967,1397002000.0,1281749500.0,8.99181158252842
Zimbabwe,ZWE,1968,1479599900.0,1397002000.0,5.9125112204563735
Zimbabwe,ZWE,1969,1747998800.0,1479599900.0,18.139964729654288
Zimbabwe,ZWE,1970,1884206300.0,1747998800.0,7.792196424848807
Zimbabwe,ZWE,1971,2178716300.0,1884206300.0,15.630454053783804
Zimbabwe,ZWE,1972,2677729400.0,2178716300.0,22.903996266058147
Zimbabwe,ZWE,1973,3309353600.0,2677729400.0,23.588051877086613
Zimbabwe,ZWE,1974,3982161400.0,3309353600.0,20.330489918031127
Zimbabwe,ZWE,1975,4371300700.0,3982161400.0,9.772062478431941
Zimbabwe,ZWE,1976,4318372000.0,4371300700.0,-1.2108226734436234
Zimbabwe,ZWE,1977,4364382100.0,4318372000.0,1.0654501279648843
Zimbabwe,ZWE,1978,4351600500.0,4364382100.0,-0.29286161722641424
Zimbabwe,ZWE,1979,5177459400.0,4351600500.0,18.978279371003847
Zimbabwe,ZWE,1980,6678868200.0,5177459400.0,28.998948789439073
Zimbabwe,ZWE,1981,8011373800.0,6678868200.0,19.951068955066376
Zimbabwe,ZWE,1982,8539700700.0,8011373800.0,6.594710385377356
Zimbabwe,ZWE,1983,7764067000.0,8539700700.0,-9.082680145921273
Zimbabwe,ZWE,1984,6352125900.0,7764067000.0,-18.18558623978902
Zimbabwe,ZWE,1985,5637259300.0,6352125900.0,-11.253974043556036
Zimbabwe,ZWE,1986,6217523700.0,5637259300.0,10.293377847635998
Zimbabwe,ZWE,1987,6741215100.0,6217523700.0,8.422829172327884
Zimbabwe,ZWE,1988,7814784100.0,6741215100.0,15.925452371338821
Zimbabwe,ZWE,1989,8286322700.0,7814784100.0,6.033929971270746
Zimbabwe,ZWE,1990,8783816700.0,8286322700.0,6.003797076355721
Zimbabwe,ZWE,1991,8641481700.0,8783816700.0,-1.6204231584204143
Zimbabwe,ZWE,1992,6751472200.0,8641481700.0,-21.871359167490922
Zimbabwe,ZWE,1993,6563813300.0,6751472200.0,-2.7795256270180646
Zimbabwe,ZWE,1994,6890675000.0,6563813300.0,4.979753156598776
Zimbabwe,ZWE,1995,7111270700.0,6890675000.0,3.2013656136735458
Zimbabwe,ZWE,1996,8553146600.0,7111270700.0,20.27592480764373
Zimbabwe,ZWE,1997,8529571600.0,8553146600.0,-0.27562955602795647
Zimbabwe,ZWE,1998,6401968200.0,8529571600.0,-24.94384829362356
Zimbabwe,ZWE,1999,6858013100.0,6401968200.0,7.123510860300741
Zimbabwe,ZWE,2000,6689957600.0,6858013100.0,-2.4504983812293935
Zimbabwe,ZWE,2001,6777384700.0,6689957600.0,1.3068408684682842
Zimbabwe,ZWE,2002,6342116400.0,6777384700.0,-6.422363776989082
Zimbabwe,ZWE,2003,5727591800.0,6342116400.0,-9.68958248700702
Zimbabwe,ZWE,2004,5805598400.0,5727591800.0,1.3619441245795505
Zimbabwe,ZWE,2005,5755215200.0,5805598400.0,-0.8678381887386455
Zimbabwe,ZWE,2006,5443896500.0,5755215200.0,-5.409332043743564
Zimbabwe,ZWE,2007,5291950100.0,5443896500.0,-2.7911331525130922
Zimbabwe,ZWE,2008,4415702800.0,5291950100.0,-16.558117205224587
Zimbabwe,ZWE,2009,9665793300.0,4415702800.0,118.89592071277985
Zimbabwe,ZWE,2010,12041655200.0,9665793300.0,24.580102494018785
Zimbabwe,ZWE,2011,14101920300.0,12041655200.0,17.109484250969075
Zimbabwe,ZWE,2012,17114849900.0,14101920300.0,21.365385251822765
Zimbabwe,ZWE,2013,19091020000.0,17114849900.0,11.546523116162422
Zimbabwe,ZWE,2014,19495519600.0,19091020000.0,2.118795119380734
Zimbabwe,ZWE,2015,19963120600.0,19495519600.0,2.3985049364880773
Zimbabwe,ZWE,2016,20548678100.0,19963120600.0,2.933196225844581
Zimbabwe,ZWE,2017,17584890937.0,20548678100.0,-14.423249751525379
Zimbabwe,ZWE,2018,34156069918.0,17584890937.0,94.2353241789685
Zimbabwe,ZWE,2019,21832234926.0,34156069918.0,-36.080951413866934
Zimbabwe,ZWE,2020,21509698406.0,21832234926.0,-1.4773408269617483
Zimbabwe,ZWE,2021,28371238666.0,21509698406.0,31.89975112847707
Zimbabwe,ZWE,2022,20678055598.0,28371238666.0,-27.116133907891328
